<?xml version="1.0" encoding="UTF-8"?>
<gpx creator="StravaGPX" version="1.1" xmlns="http://www.topografix.com/GPX/1/1" xmlns:xsi="http://www.w3.org/2001/XMLSchema-instance" xsi:schemaLocation="http://www.topografix.com/GPX/1/1 http://www.topografix.com/GPX/1/1/gpx.xsd">
 <metadata>
  <time>2024-09-05T19:46:06Z</time>
 </metadata>
 <trk>
  <name>IOI2024-2024-08-05</name>
  <type>running</type>
  <trkseg>
   <trkpt lat="31.3080110" lon="30.0645490">
    <ele>5.1</ele>
    <time>2024-09-05T19:46:06Z</time>
   </trkpt>
   <trkpt lat="31.3080110" lon="30.0645100">
    <ele>5.1</ele>
    <time>2024-09-05T19:46:07Z</time>
   </trkpt>
   <trkpt lat="31.3080140" lon="30.0644910">
    <ele>5.1</ele>
    <time>2024-09-05T19:46:08Z</time>
   </trkpt>
   <trkpt lat="31.3080170" lon="30.0644720">
    <ele>5.1</ele>
    <time>2024-09-05T19:46:09Z</time>
   </trkpt>
   <trkpt lat="31.3080190" lon="30.0644480">
    <ele>5.1</ele>
    <time>2024-09-05T19:46:10Z</time>
   </trkpt>
   <trkpt lat="31.3080120" lon="30.0644340">
    <ele>5.1</ele>
    <time>2024-09-05T19:46:11Z</time>
   </trkpt>
   <trkpt lat="31.3080140" lon="30.0644000">
    <ele>5.1</ele>
    <time>2024-09-05T19:46:12Z</time>
   </trkpt>
   <trkpt lat="31.3080180" lon="30.0643910">
    <ele>5.1</ele>
    <time>2024-09-05T19:46:13Z</time>
   </trkpt>
   <trkpt lat="31.3080330" lon="30.0643620">
    <ele>5.0</ele>
    <time>2024-09-05T19:46:14Z</time>
   </trkpt>
   <trkpt lat="31.3080400" lon="30.0643320">
    <ele>5.0</ele>
    <time>2024-09-05T19:46:15Z</time>
   </trkpt>
   <trkpt lat="31.3080430" lon="30.0643180">
    <ele>5.0</ele>
    <time>2024-09-05T19:46:16Z</time>
   </trkpt>
   <trkpt lat="31.3080560" lon="30.0642850">
    <ele>5.0</ele>
    <time>2024-09-05T19:46:17Z</time>
   </trkpt>
   <trkpt lat="31.3080630" lon="30.0642690">
    <ele>5.0</ele>
    <time>2024-09-05T19:46:18Z</time>
   </trkpt>
   <trkpt lat="31.3080780" lon="30.0642350">
    <ele>5.0</ele>
    <time>2024-09-05T19:46:19Z</time>
   </trkpt>
   <trkpt lat="31.3080830" lon="30.0642120">
    <ele>4.9</ele>
    <time>2024-09-05T19:46:20Z</time>
   </trkpt>
   <trkpt lat="31.3080920" lon="30.0641770">
    <ele>4.9</ele>
    <time>2024-09-05T19:46:21Z</time>
   </trkpt>
   <trkpt lat="31.3080970" lon="30.0641590">
    <ele>4.9</ele>
    <time>2024-09-05T19:46:22Z</time>
   </trkpt>
   <trkpt lat="31.3081010" lon="30.0641200">
    <ele>4.9</ele>
    <time>2024-09-05T19:46:23Z</time>
   </trkpt>
   <trkpt lat="31.3081060" lon="30.0641000">
    <ele>4.8</ele>
    <time>2024-09-05T19:46:24Z</time>
   </trkpt>
   <trkpt lat="31.3081160" lon="30.0640660">
    <ele>4.7</ele>
    <time>2024-09-05T19:46:25Z</time>
   </trkpt>
   <trkpt lat="31.3081260" lon="30.0640350">
    <ele>4.6</ele>
    <time>2024-09-05T19:46:26Z</time>
   </trkpt>
   <trkpt lat="31.3081400" lon="30.0640040">
    <ele>4.5</ele>
    <time>2024-09-05T19:46:27Z</time>
   </trkpt>
   <trkpt lat="31.3081590" lon="30.0639760">
    <ele>4.4</ele>
    <time>2024-09-05T19:46:28Z</time>
   </trkpt>
   <trkpt lat="31.3081710" lon="30.0639460">
    <ele>4.3</ele>
    <time>2024-09-05T19:46:29Z</time>
   </trkpt>
   <trkpt lat="31.3081820" lon="30.0639110">
    <ele>4.2</ele>
    <time>2024-09-05T19:46:30Z</time>
   </trkpt>
   <trkpt lat="31.3081870" lon="30.0639000">
    <ele>4.2</ele>
    <time>2024-09-05T19:46:31Z</time>
   </trkpt>
   <trkpt lat="31.3082060" lon="30.0638630">
    <ele>4.0</ele>
    <time>2024-09-05T19:46:32Z</time>
   </trkpt>
   <trkpt lat="31.3082120" lon="30.0638510">
    <ele>4.0</ele>
    <time>2024-09-05T19:46:33Z</time>
   </trkpt>
   <trkpt lat="31.3082320" lon="30.0638170">
    <ele>3.6</ele>
    <time>2024-09-05T19:46:34Z</time>
   </trkpt>
   <trkpt lat="31.3082400" lon="30.0638090">
    <ele>3.4</ele>
    <time>2024-09-05T19:46:35Z</time>
   </trkpt>
   <trkpt lat="31.3082760" lon="30.0637990">
    <ele>3.0</ele>
    <time>2024-09-05T19:46:36Z</time>
   </trkpt>
   <trkpt lat="31.3082880" lon="30.0637940">
    <ele>2.8</ele>
    <time>2024-09-05T19:46:37Z</time>
   </trkpt>
   <trkpt lat="31.3083180" lon="30.0637700">
    <ele>2.5</ele>
    <time>2024-09-05T19:46:38Z</time>
   </trkpt>
   <trkpt lat="31.3083270" lon="30.0637610">
    <ele>2.4</ele>
    <time>2024-09-05T19:46:39Z</time>
   </trkpt>
   <trkpt lat="31.3083600" lon="30.0637440">
    <ele>2.0</ele>
    <time>2024-09-05T19:46:40Z</time>
   </trkpt>
   <trkpt lat="31.3083700" lon="30.0637380">
    <ele>1.9</ele>
    <time>2024-09-05T19:46:41Z</time>
   </trkpt>
   <trkpt lat="31.3083970" lon="30.0637170">
    <ele>1.8</ele>
    <time>2024-09-05T19:46:42Z</time>
   </trkpt>
   <trkpt lat="31.3084110" lon="30.0637090">
    <ele>1.5</ele>
    <time>2024-09-05T19:46:43Z</time>
   </trkpt>
   <trkpt lat="31.3084440" lon="30.0636950">
    <ele>1.6</ele>
    <time>2024-09-05T19:46:44Z</time>
   </trkpt>
   <trkpt lat="31.3084540" lon="30.0636890">
    <ele>1.5</ele>
    <time>2024-09-05T19:46:45Z</time>
   </trkpt>
   <trkpt lat="31.3084700" lon="30.0636800">
    <ele>1.3</ele>
    <time>2024-09-05T19:46:46Z</time>
   </trkpt>
   <trkpt lat="31.3084780" lon="30.0636630">
    <ele>1.1</ele>
    <time>2024-09-05T19:46:47Z</time>
   </trkpt>
   <trkpt lat="31.3084640" lon="30.0636270">
    <ele>1.2</ele>
    <time>2024-09-05T19:46:48Z</time>
   </trkpt>
   <trkpt lat="31.3084490" lon="30.0636090">
    <ele>1.2</ele>
    <time>2024-09-05T19:46:49Z</time>
   </trkpt>
   <trkpt lat="31.3084270" lon="30.0635830">
    <ele>1.3</ele>
    <time>2024-09-05T19:46:50Z</time>
   </trkpt>
   <trkpt lat="31.3084090" lon="30.0635540">
    <ele>1.4</ele>
    <time>2024-09-05T19:46:51Z</time>
   </trkpt>
   <trkpt lat="31.3084040" lon="30.0635440">
    <ele>1.4</ele>
    <time>2024-09-05T19:46:52Z</time>
   </trkpt>
   <trkpt lat="31.3083910" lon="30.0635160">
    <ele>1.4</ele>
    <time>2024-09-05T19:46:53Z</time>
   </trkpt>
   <trkpt lat="31.3083660" lon="30.0634870">
    <ele>1.5</ele>
    <time>2024-09-05T19:46:54Z</time>
   </trkpt>
   <trkpt lat="31.3083570" lon="30.0634750">
    <ele>1.5</ele>
    <time>2024-09-05T19:46:55Z</time>
   </trkpt>
   <trkpt lat="31.3083500" lon="30.0634410">
    <ele>1.6</ele>
    <time>2024-09-05T19:46:56Z</time>
   </trkpt>
   <trkpt lat="31.3083290" lon="30.0634110">
    <ele>1.7</ele>
    <time>2024-09-05T19:46:57Z</time>
   </trkpt>
   <trkpt lat="31.3083230" lon="30.0633980">
    <ele>1.7</ele>
    <time>2024-09-05T19:46:58Z</time>
   </trkpt>
   <trkpt lat="31.3083060" lon="30.0633600">
    <ele>1.8</ele>
    <time>2024-09-05T19:46:59Z</time>
   </trkpt>
   <trkpt lat="31.3082990" lon="30.0633510">
    <ele>1.8</ele>
    <time>2024-09-05T19:47:00Z</time>
   </trkpt>
   <trkpt lat="31.3082870" lon="30.0633150">
    <ele>1.9</ele>
    <time>2024-09-05T19:47:01Z</time>
   </trkpt>
   <trkpt lat="31.3082820" lon="30.0633030">
    <ele>1.9</ele>
    <time>2024-09-05T19:47:02Z</time>
   </trkpt>
   <trkpt lat="31.3082400" lon="30.0633060">
    <ele>2.0</ele>
    <time>2024-09-05T19:47:03Z</time>
   </trkpt>
   <trkpt lat="31.3082250" lon="30.0633100">
    <ele>2.0</ele>
    <time>2024-09-05T19:47:04Z</time>
   </trkpt>
   <trkpt lat="31.3081920" lon="30.0633140">
    <ele>2.0</ele>
    <time>2024-09-05T19:47:05Z</time>
   </trkpt>
   <trkpt lat="31.3081610" lon="30.0633320">
    <ele>2.1</ele>
    <time>2024-09-05T19:47:06Z</time>
   </trkpt>
   <trkpt lat="31.3081530" lon="30.0633380">
    <ele>2.1</ele>
    <time>2024-09-05T19:47:07Z</time>
   </trkpt>
   <trkpt lat="31.3081150" lon="30.0633500">
    <ele>2.2</ele>
    <time>2024-09-05T19:47:08Z</time>
   </trkpt>
   <trkpt lat="31.3081040" lon="30.0633590">
    <ele>2.2</ele>
    <time>2024-09-05T19:47:09Z</time>
   </trkpt>
   <trkpt lat="31.3080780" lon="30.0633860">
    <ele>2.3</ele>
    <time>2024-09-05T19:47:10Z</time>
   </trkpt>
   <trkpt lat="31.3080660" lon="30.0633910">
    <ele>2.3</ele>
    <time>2024-09-05T19:47:11Z</time>
   </trkpt>
   <trkpt lat="31.3080400" lon="30.0633980">
    <ele>2.3</ele>
    <time>2024-09-05T19:47:12Z</time>
   </trkpt>
   <trkpt lat="31.3080080" lon="30.0634120">
    <ele>2.4</ele>
    <time>2024-09-05T19:47:13Z</time>
   </trkpt>
   <trkpt lat="31.3079970" lon="30.0634160">
    <ele>2.4</ele>
    <time>2024-09-05T19:47:14Z</time>
   </trkpt>
   <trkpt lat="31.3079730" lon="30.0634370">
    <ele>2.5</ele>
    <time>2024-09-05T19:47:15Z</time>
   </trkpt>
   <trkpt lat="31.3079390" lon="30.0634630">
    <ele>2.6</ele>
    <time>2024-09-05T19:47:16Z</time>
   </trkpt>
   <trkpt lat="31.3079260" lon="30.0634730">
    <ele>2.6</ele>
    <time>2024-09-05T19:47:17Z</time>
   </trkpt>
   <trkpt lat="31.3079010" lon="30.0634980">
    <ele>2.7</ele>
    <time>2024-09-05T19:47:18Z</time>
   </trkpt>
   <trkpt lat="31.3078920" lon="30.0635030">
    <ele>2.7</ele>
    <time>2024-09-05T19:47:19Z</time>
   </trkpt>
   <trkpt lat="31.3078580" lon="30.0635200">
    <ele>2.9</ele>
    <time>2024-09-05T19:47:20Z</time>
   </trkpt>
   <trkpt lat="31.3078480" lon="30.0635260">
    <ele>2.9</ele>
    <time>2024-09-05T19:47:21Z</time>
   </trkpt>
   <trkpt lat="31.3078280" lon="30.0635550">
    <ele>3.0</ele>
    <time>2024-09-05T19:47:22Z</time>
   </trkpt>
   <trkpt lat="31.3078200" lon="30.0635640">
    <ele>3.0</ele>
    <time>2024-09-05T19:47:23Z</time>
   </trkpt>
   <trkpt lat="31.3078010" lon="30.0635880">
    <ele>3.1</ele>
    <time>2024-09-05T19:47:24Z</time>
   </trkpt>
   <trkpt lat="31.3077760" lon="30.0636240">
    <ele>3.1</ele>
    <time>2024-09-05T19:47:25Z</time>
   </trkpt>
   <trkpt lat="31.3077650" lon="30.0636350">
    <ele>3.2</ele>
    <time>2024-09-05T19:47:26Z</time>
   </trkpt>
   <trkpt lat="31.3077350" lon="30.0636630">
    <ele>3.3</ele>
    <time>2024-09-05T19:47:27Z</time>
   </trkpt>
   <trkpt lat="31.3077270" lon="30.0636750">
    <ele>3.3</ele>
    <time>2024-09-05T19:47:28Z</time>
   </trkpt>
   <trkpt lat="31.3077000" lon="30.0637030">
    <ele>3.4</ele>
    <time>2024-09-05T19:47:29Z</time>
   </trkpt>
   <trkpt lat="31.3076890" lon="30.0637090">
    <ele>3.4</ele>
    <time>2024-09-05T19:47:30Z</time>
   </trkpt>
   <trkpt lat="31.3076590" lon="30.0637440">
    <ele>3.4</ele>
    <time>2024-09-05T19:47:31Z</time>
   </trkpt>
   <trkpt lat="31.3076480" lon="30.0637560">
    <ele>3.4</ele>
    <time>2024-09-05T19:47:32Z</time>
   </trkpt>
   <trkpt lat="31.3076320" lon="30.0637940">
    <ele>3.4</ele>
    <time>2024-09-05T19:47:33Z</time>
   </trkpt>
   <trkpt lat="31.3076260" lon="30.0638060">
    <ele>3.4</ele>
    <time>2024-09-05T19:47:34Z</time>
   </trkpt>
   <trkpt lat="31.3075950" lon="30.0638340">
    <ele>3.4</ele>
    <time>2024-09-05T19:47:35Z</time>
   </trkpt>
   <trkpt lat="31.3075850" lon="30.0638440">
    <ele>3.4</ele>
    <time>2024-09-05T19:47:36Z</time>
   </trkpt>
   <trkpt lat="31.3075740" lon="30.0638740">
    <ele>3.4</ele>
    <time>2024-09-05T19:47:37Z</time>
   </trkpt>
   <trkpt lat="31.3075540" lon="30.0638990">
    <ele>3.4</ele>
    <time>2024-09-05T19:47:38Z</time>
   </trkpt>
   <trkpt lat="31.3075270" lon="30.0639120">
    <ele>3.4</ele>
    <time>2024-09-05T19:47:39Z</time>
   </trkpt>
   <trkpt lat="31.3074970" lon="30.0639330">
    <ele>3.5</ele>
    <time>2024-09-05T19:47:40Z</time>
   </trkpt>
   <trkpt lat="31.3074900" lon="30.0639410">
    <ele>3.5</ele>
    <time>2024-09-05T19:47:41Z</time>
   </trkpt>
   <trkpt lat="31.3074620" lon="30.0639640">
    <ele>3.5</ele>
    <time>2024-09-05T19:47:42Z</time>
   </trkpt>
   <trkpt lat="31.3074520" lon="30.0639760">
    <ele>3.5</ele>
    <time>2024-09-05T19:47:43Z</time>
   </trkpt>
   <trkpt lat="31.3074380" lon="30.0640020">
    <ele>3.5</ele>
    <time>2024-09-05T19:47:44Z</time>
   </trkpt>
   <trkpt lat="31.3074100" lon="30.0640250">
    <ele>3.5</ele>
    <time>2024-09-05T19:47:45Z</time>
   </trkpt>
   <trkpt lat="31.3074020" lon="30.0640330">
    <ele>3.5</ele>
    <time>2024-09-05T19:47:46Z</time>
   </trkpt>
   <trkpt lat="31.3073870" lon="30.0640600">
    <ele>3.6</ele>
    <time>2024-09-05T19:47:47Z</time>
   </trkpt>
   <trkpt lat="31.3073680" lon="30.0640960">
    <ele>3.6</ele>
    <time>2024-09-05T19:47:48Z</time>
   </trkpt>
   <trkpt lat="31.3073610" lon="30.0641090">
    <ele>3.7</ele>
    <time>2024-09-05T19:47:49Z</time>
   </trkpt>
   <trkpt lat="31.3073390" lon="30.0641440">
    <ele>3.7</ele>
    <time>2024-09-05T19:47:50Z</time>
   </trkpt>
   <trkpt lat="31.3073330" lon="30.0641580">
    <ele>3.7</ele>
    <time>2024-09-05T19:47:51Z</time>
   </trkpt>
   <trkpt lat="31.3073240" lon="30.0641880">
    <ele>3.8</ele>
    <time>2024-09-05T19:47:52Z</time>
   </trkpt>
   <trkpt lat="31.3073080" lon="30.0642180">
    <ele>3.8</ele>
    <time>2024-09-05T19:47:53Z</time>
   </trkpt>
   <trkpt lat="31.3073010" lon="30.0642570">
    <ele>3.9</ele>
    <time>2024-09-05T19:47:54Z</time>
   </trkpt>
   <trkpt lat="31.3073020" lon="30.0642670">
    <ele>3.9</ele>
    <time>2024-09-05T19:47:55Z</time>
   </trkpt>
   <trkpt lat="31.3072950" lon="30.0643260">
    <ele>4.0</ele>
    <time>2024-09-05T19:47:56Z</time>
   </trkpt>
   <trkpt lat="31.3072920" lon="30.0643540">
    <ele>4.1</ele>
    <time>2024-09-05T19:47:57Z</time>
   </trkpt>
   <trkpt lat="31.3072890" lon="30.0643890">
    <ele>4.1</ele>
    <time>2024-09-05T19:47:58Z</time>
   </trkpt>
   <trkpt lat="31.3072870" lon="30.0644210">
    <ele>4.1</ele>
    <time>2024-09-05T19:47:59Z</time>
   </trkpt>
   <trkpt lat="31.3072940" lon="30.0644640">
    <ele>4.1</ele>
    <time>2024-09-05T19:48:00Z</time>
   </trkpt>
   <trkpt lat="31.3072970" lon="30.0644840">
    <ele>4.1</ele>
    <time>2024-09-05T19:48:01Z</time>
   </trkpt>
   <trkpt lat="31.3073020" lon="30.0645150">
    <ele>4.1</ele>
    <time>2024-09-05T19:48:02Z</time>
   </trkpt>
   <trkpt lat="31.3073080" lon="30.0645580">
    <ele>4.1</ele>
    <time>2024-09-05T19:48:03Z</time>
   </trkpt>
   <trkpt lat="31.3073110" lon="30.0645730">
    <ele>4.1</ele>
    <time>2024-09-05T19:48:04Z</time>
   </trkpt>
   <trkpt lat="31.3073240" lon="30.0646130">
    <ele>4.1</ele>
    <time>2024-09-05T19:48:05Z</time>
   </trkpt>
   <trkpt lat="31.3073270" lon="30.0646270">
    <ele>4.2</ele>
    <time>2024-09-05T19:48:06Z</time>
   </trkpt>
   <trkpt lat="31.3073440" lon="30.0646660">
    <ele>4.2</ele>
    <time>2024-09-05T19:48:07Z</time>
   </trkpt>
   <trkpt lat="31.3073490" lon="30.0646790">
    <ele>4.2</ele>
    <time>2024-09-05T19:48:08Z</time>
   </trkpt>
   <trkpt lat="31.3073600" lon="30.0647210">
    <ele>4.3</ele>
    <time>2024-09-05T19:48:09Z</time>
   </trkpt>
   <trkpt lat="31.3073660" lon="30.0647350">
    <ele>4.3</ele>
    <time>2024-09-05T19:48:10Z</time>
   </trkpt>
   <trkpt lat="31.3073840" lon="30.0647730">
    <ele>4.4</ele>
    <time>2024-09-05T19:48:11Z</time>
   </trkpt>
   <trkpt lat="31.3073900" lon="30.0647820">
    <ele>4.4</ele>
    <time>2024-09-05T19:48:12Z</time>
   </trkpt>
   <trkpt lat="31.3074020" lon="30.0648210">
    <ele>4.5</ele>
    <time>2024-09-05T19:48:13Z</time>
   </trkpt>
   <trkpt lat="31.3074070" lon="30.0648330">
    <ele>4.5</ele>
    <time>2024-09-05T19:48:14Z</time>
   </trkpt>
   <trkpt lat="31.3074200" lon="30.0648670">
    <ele>4.6</ele>
    <time>2024-09-05T19:48:15Z</time>
   </trkpt>
   <trkpt lat="31.3074240" lon="30.0648800">
    <ele>4.6</ele>
    <time>2024-09-05T19:48:16Z</time>
   </trkpt>
   <trkpt lat="31.3074390" lon="30.0649060">
    <ele>4.7</ele>
    <time>2024-09-05T19:48:17Z</time>
   </trkpt>
   <trkpt lat="31.3074550" lon="30.0649390">
    <ele>4.7</ele>
    <time>2024-09-05T19:48:18Z</time>
   </trkpt>
   <trkpt lat="31.3074630" lon="30.0649510">
    <ele>4.8</ele>
    <time>2024-09-05T19:48:19Z</time>
   </trkpt>
   <trkpt lat="31.3074880" lon="30.0649860">
    <ele>4.8</ele>
    <time>2024-09-05T19:48:20Z</time>
   </trkpt>
   <trkpt lat="31.3074960" lon="30.0649980">
    <ele>4.9</ele>
    <time>2024-09-05T19:48:21Z</time>
   </trkpt>
   <trkpt lat="31.3075100" lon="30.0650250">
    <ele>4.9</ele>
    <time>2024-09-05T19:48:22Z</time>
   </trkpt>
   <trkpt lat="31.3075180" lon="30.0650330">
    <ele>4.9</ele>
    <time>2024-09-05T19:48:23Z</time>
   </trkpt>
   <trkpt lat="31.3075370" lon="30.0650590">
    <ele>4.9</ele>
    <time>2024-09-05T19:48:24Z</time>
   </trkpt>
   <trkpt lat="31.3075610" lon="30.0650870">
    <ele>4.9</ele>
    <time>2024-09-05T19:48:25Z</time>
   </trkpt>
   <trkpt lat="31.3075720" lon="30.0650990">
    <ele>4.9</ele>
    <time>2024-09-05T19:48:26Z</time>
   </trkpt>
   <trkpt lat="31.3075920" lon="30.0651280">
    <ele>4.9</ele>
    <time>2024-09-05T19:48:27Z</time>
   </trkpt>
   <trkpt lat="31.3075970" lon="30.0651350">
    <ele>4.9</ele>
    <time>2024-09-05T19:48:28Z</time>
   </trkpt>
   <trkpt lat="31.3076150" lon="30.0651730">
    <ele>4.9</ele>
    <time>2024-09-05T19:48:29Z</time>
   </trkpt>
   <trkpt lat="31.3076230" lon="30.0651860">
    <ele>4.9</ele>
    <time>2024-09-05T19:48:30Z</time>
   </trkpt>
   <trkpt lat="31.3076540" lon="30.0652040">
    <ele>5.0</ele>
    <time>2024-09-05T19:48:31Z</time>
   </trkpt>
   <trkpt lat="31.3076650" lon="30.0652100">
    <ele>5.0</ele>
    <time>2024-09-05T19:48:32Z</time>
   </trkpt>
   <trkpt lat="31.3076890" lon="30.0652310">
    <ele>5.0</ele>
    <time>2024-09-05T19:48:33Z</time>
   </trkpt>
   <trkpt lat="31.3077200" lon="30.0652470">
    <ele>5.0</ele>
    <time>2024-09-05T19:48:34Z</time>
   </trkpt>
   <trkpt lat="31.3077270" lon="30.0652510">
    <ele>5.0</ele>
    <time>2024-09-05T19:48:35Z</time>
   </trkpt>
   <trkpt lat="31.3077600" lon="30.0652500">
    <ele>5.0</ele>
    <time>2024-09-05T19:48:36Z</time>
   </trkpt>
   <trkpt lat="31.3077690" lon="30.0652450">
    <ele>5.0</ele>
    <time>2024-09-05T19:48:37Z</time>
   </trkpt>
   <trkpt lat="31.3078030" lon="30.0652400">
    <ele>5.0</ele>
    <time>2024-09-05T19:48:38Z</time>
   </trkpt>
   <trkpt lat="31.3078170" lon="30.0652390">
    <ele>5.0</ele>
    <time>2024-09-05T19:48:39Z</time>
   </trkpt>
   <trkpt lat="31.3078440" lon="30.0652290">
    <ele>4.9</ele>
    <time>2024-09-05T19:48:40Z</time>
   </trkpt>
   <trkpt lat="31.3078660" lon="30.0652120">
    <ele>4.9</ele>
    <time>2024-09-05T19:48:41Z</time>
   </trkpt>
   <trkpt lat="31.3078760" lon="30.0652020">
    <ele>4.9</ele>
    <time>2024-09-05T19:48:42Z</time>
   </trkpt>
   <trkpt lat="31.3079070" lon="30.0651890">
    <ele>4.9</ele>
    <time>2024-09-05T19:48:43Z</time>
   </trkpt>
   <trkpt lat="31.3079170" lon="30.0651860">
    <ele>4.9</ele>
    <time>2024-09-05T19:48:44Z</time>
   </trkpt>
   <trkpt lat="31.3079520" lon="30.0651780">
    <ele>4.9</ele>
    <time>2024-09-05T19:48:45Z</time>
   </trkpt>
   <trkpt lat="31.3079810" lon="30.0651780">
    <ele>4.8</ele>
    <time>2024-09-05T19:48:46Z</time>
   </trkpt>
   <trkpt lat="31.3080130" lon="30.0651940">
    <ele>4.8</ele>
    <time>2024-09-05T19:48:47Z</time>
   </trkpt>
   <trkpt lat="31.3080270" lon="30.0652030">
    <ele>4.8</ele>
    <time>2024-09-05T19:48:48Z</time>
   </trkpt>
   <trkpt lat="31.3080440" lon="30.0652400">
    <ele>4.8</ele>
    <time>2024-09-05T19:48:49Z</time>
   </trkpt>
   <trkpt lat="31.3080640" lon="30.0652650">
    <ele>4.8</ele>
    <time>2024-09-05T19:48:50Z</time>
   </trkpt>
   <trkpt lat="31.3080820" lon="30.0652930">
    <ele>4.7</ele>
    <time>2024-09-05T19:48:51Z</time>
   </trkpt>
   <trkpt lat="31.3080950" lon="30.0653280">
    <ele>4.7</ele>
    <time>2024-09-05T19:48:52Z</time>
   </trkpt>
   <trkpt lat="31.3081000" lon="30.0653400">
    <ele>4.7</ele>
    <time>2024-09-05T19:48:53Z</time>
   </trkpt>
   <trkpt lat="31.3081190" lon="30.0653790">
    <ele>4.7</ele>
    <time>2024-09-05T19:48:54Z</time>
   </trkpt>
   <trkpt lat="31.3081390" lon="30.0654070">
    <ele>4.6</ele>
    <time>2024-09-05T19:48:55Z</time>
   </trkpt>
   <trkpt lat="31.3081420" lon="30.0654190">
    <ele>4.6</ele>
    <time>2024-09-05T19:48:56Z</time>
   </trkpt>
   <trkpt lat="31.3081570" lon="30.0654480">
    <ele>4.6</ele>
    <time>2024-09-05T19:48:57Z</time>
   </trkpt>
   <trkpt lat="31.3081780" lon="30.0654870">
    <ele>4.6</ele>
    <time>2024-09-05T19:48:58Z</time>
   </trkpt>
   <trkpt lat="31.3081850" lon="30.0655000">
    <ele>4.6</ele>
    <time>2024-09-05T19:48:59Z</time>
   </trkpt>
   <trkpt lat="31.3081980" lon="30.0655320">
    <ele>4.5</ele>
    <time>2024-09-05T19:49:00Z</time>
   </trkpt>
   <trkpt lat="31.3082200" lon="30.0655650">
    <ele>4.5</ele>
    <time>2024-09-05T19:49:01Z</time>
   </trkpt>
   <trkpt lat="31.3082280" lon="30.0655760">
    <ele>4.5</ele>
    <time>2024-09-05T19:49:02Z</time>
   </trkpt>
   <trkpt lat="31.3082510" lon="30.0656130">
    <ele>4.5</ele>
    <time>2024-09-05T19:49:03Z</time>
   </trkpt>
   <trkpt lat="31.3082600" lon="30.0656250">
    <ele>4.5</ele>
    <time>2024-09-05T19:49:04Z</time>
   </trkpt>
   <trkpt lat="31.3082830" lon="30.0656660">
    <ele>4.4</ele>
    <time>2024-09-05T19:49:05Z</time>
   </trkpt>
   <trkpt lat="31.3082930" lon="30.0656810">
    <ele>4.4</ele>
    <time>2024-09-05T19:49:06Z</time>
   </trkpt>
   <trkpt lat="31.3083130" lon="30.0657020">
    <ele>4.4</ele>
    <time>2024-09-05T19:49:07Z</time>
   </trkpt>
   <trkpt lat="31.3083360" lon="30.0657430">
    <ele>4.4</ele>
    <time>2024-09-05T19:49:08Z</time>
   </trkpt>
   <trkpt lat="31.3083470" lon="30.0657560">
    <ele>4.3</ele>
    <time>2024-09-05T19:49:09Z</time>
   </trkpt>
   <trkpt lat="31.3083660" lon="30.0657890">
    <ele>4.3</ele>
    <time>2024-09-05T19:49:10Z</time>
   </trkpt>
   <trkpt lat="31.3083710" lon="30.0658040">
    <ele>4.3</ele>
    <time>2024-09-05T19:49:11Z</time>
   </trkpt>
   <trkpt lat="31.3083910" lon="30.0658330">
    <ele>4.3</ele>
    <time>2024-09-05T19:49:12Z</time>
   </trkpt>
   <trkpt lat="31.3084160" lon="30.0658610">
    <ele>4.2</ele>
    <time>2024-09-05T19:49:13Z</time>
   </trkpt>
   <trkpt lat="31.3084240" lon="30.0658750">
    <ele>4.2</ele>
    <time>2024-09-05T19:49:14Z</time>
   </trkpt>
   <trkpt lat="31.3084360" lon="30.0659060">
    <ele>4.2</ele>
    <time>2024-09-05T19:49:15Z</time>
   </trkpt>
   <trkpt lat="31.3084580" lon="30.0659410">
    <ele>4.2</ele>
    <time>2024-09-05T19:49:16Z</time>
   </trkpt>
   <trkpt lat="31.3084650" lon="30.0659530">
    <ele>4.2</ele>
    <time>2024-09-05T19:49:17Z</time>
   </trkpt>
   <trkpt lat="31.3084840" lon="30.0659780">
    <ele>4.1</ele>
    <time>2024-09-05T19:49:18Z</time>
   </trkpt>
   <trkpt lat="31.3085020" lon="30.0660040">
    <ele>4.1</ele>
    <time>2024-09-05T19:49:19Z</time>
   </trkpt>
   <trkpt lat="31.3085330" lon="30.0660320">
    <ele>4.1</ele>
    <time>2024-09-05T19:49:20Z</time>
   </trkpt>
   <trkpt lat="31.3085450" lon="30.0660410">
    <ele>4.1</ele>
    <time>2024-09-05T19:49:21Z</time>
   </trkpt>
   <trkpt lat="31.3085720" lon="30.0660510">
    <ele>4.1</ele>
    <time>2024-09-05T19:49:22Z</time>
   </trkpt>
   <trkpt lat="31.3086060" lon="30.0660460">
    <ele>4.1</ele>
    <time>2024-09-05T19:49:23Z</time>
   </trkpt>
   <trkpt lat="31.3086210" lon="30.0660400">
    <ele>4.1</ele>
    <time>2024-09-05T19:49:24Z</time>
   </trkpt>
   <trkpt lat="31.3086480" lon="30.0660210">
    <ele>4.1</ele>
    <time>2024-09-05T19:49:25Z</time>
   </trkpt>
   <trkpt lat="31.3086750" lon="30.0660150">
    <ele>4.1</ele>
    <time>2024-09-05T19:49:26Z</time>
   </trkpt>
   <trkpt lat="31.3086890" lon="30.0660150">
    <ele>4.1</ele>
    <time>2024-09-05T19:49:27Z</time>
   </trkpt>
   <trkpt lat="31.3087160" lon="30.0660050">
    <ele>4.1</ele>
    <time>2024-09-05T19:49:28Z</time>
   </trkpt>
   <trkpt lat="31.3087530" lon="30.0659830">
    <ele>4.1</ele>
    <time>2024-09-05T19:49:29Z</time>
   </trkpt>
   <trkpt lat="31.3087680" lon="30.0659740">
    <ele>4.1</ele>
    <time>2024-09-05T19:49:30Z</time>
   </trkpt>
   <trkpt lat="31.3087980" lon="30.0659580">
    <ele>4.1</ele>
    <time>2024-09-05T19:49:31Z</time>
   </trkpt>
   <trkpt lat="31.3088090" lon="30.0659520">
    <ele>4.1</ele>
    <time>2024-09-05T19:49:32Z</time>
   </trkpt>
   <trkpt lat="31.3088390" lon="30.0659330">
    <ele>4.1</ele>
    <time>2024-09-05T19:49:33Z</time>
   </trkpt>
   <trkpt lat="31.3088690" lon="30.0659230">
    <ele>4.1</ele>
    <time>2024-09-05T19:49:35Z</time>
   </trkpt>
   <trkpt lat="31.3088810" lon="30.0659230">
    <ele>4.1</ele>
    <time>2024-09-05T19:49:36Z</time>
   </trkpt>
   <trkpt lat="31.3089140" lon="30.0659260">
    <ele>4.1</ele>
    <time>2024-09-05T19:49:37Z</time>
   </trkpt>
   <trkpt lat="31.3089530" lon="30.0659300">
    <ele>4.1</ele>
    <time>2024-09-05T19:49:38Z</time>
   </trkpt>
   <trkpt lat="31.3089680" lon="30.0659330">
    <ele>4.1</ele>
    <time>2024-09-05T19:49:39Z</time>
   </trkpt>
   <trkpt lat="31.3089990" lon="30.0659410">
    <ele>4.1</ele>
    <time>2024-09-05T19:49:40Z</time>
   </trkpt>
   <trkpt lat="31.3090250" lon="30.0659590">
    <ele>4.2</ele>
    <time>2024-09-05T19:49:41Z</time>
   </trkpt>
   <trkpt lat="31.3090520" lon="30.0659780">
    <ele>4.2</ele>
    <time>2024-09-05T19:49:42Z</time>
   </trkpt>
   <trkpt lat="31.3090880" lon="30.0659960">
    <ele>4.3</ele>
    <time>2024-09-05T19:49:43Z</time>
   </trkpt>
   <trkpt lat="31.3090990" lon="30.0660010">
    <ele>4.3</ele>
    <time>2024-09-05T19:49:44Z</time>
   </trkpt>
   <trkpt lat="31.3091180" lon="30.0660280">
    <ele>4.4</ele>
    <time>2024-09-05T19:49:45Z</time>
   </trkpt>
   <trkpt lat="31.3091390" lon="30.0660480">
    <ele>4.4</ele>
    <time>2024-09-05T19:49:46Z</time>
   </trkpt>
   <trkpt lat="31.3091710" lon="30.0660780">
    <ele>4.5</ele>
    <time>2024-09-05T19:49:47Z</time>
   </trkpt>
   <trkpt lat="31.3091800" lon="30.0660910">
    <ele>4.6</ele>
    <time>2024-09-05T19:49:48Z</time>
   </trkpt>
   <trkpt lat="31.3092120" lon="30.0661010">
    <ele>4.6</ele>
    <time>2024-09-05T19:49:49Z</time>
   </trkpt>
   <trkpt lat="31.3092230" lon="30.0661040">
    <ele>4.6</ele>
    <time>2024-09-05T19:49:50Z</time>
   </trkpt>
   <trkpt lat="31.3092470" lon="30.0661350">
    <ele>4.7</ele>
    <time>2024-09-05T19:49:51Z</time>
   </trkpt>
   <trkpt lat="31.3092670" lon="30.0661600">
    <ele>4.7</ele>
    <time>2024-09-05T19:49:52Z</time>
   </trkpt>
   <trkpt lat="31.3092710" lon="30.0661680">
    <ele>4.7</ele>
    <time>2024-09-05T19:49:53Z</time>
   </trkpt>
   <trkpt lat="31.3092990" lon="30.0661950">
    <ele>4.8</ele>
    <time>2024-09-05T19:49:54Z</time>
   </trkpt>
   <trkpt lat="31.3093080" lon="30.0662030">
    <ele>4.8</ele>
    <time>2024-09-05T19:49:55Z</time>
   </trkpt>
   <trkpt lat="31.3093310" lon="30.0662210">
    <ele>4.9</ele>
    <time>2024-09-05T19:49:56Z</time>
   </trkpt>
   <trkpt lat="31.3093570" lon="30.0662430">
    <ele>4.9</ele>
    <time>2024-09-05T19:49:57Z</time>
   </trkpt>
   <trkpt lat="31.3093870" lon="30.0662690">
    <ele>5.0</ele>
    <time>2024-09-05T19:49:58Z</time>
   </trkpt>
   <trkpt lat="31.3093950" lon="30.0662800">
    <ele>5.0</ele>
    <time>2024-09-05T19:49:59Z</time>
   </trkpt>
   <trkpt lat="31.3094160" lon="30.0663010">
    <ele>5.1</ele>
    <time>2024-09-05T19:50:00Z</time>
   </trkpt>
   <trkpt lat="31.3094420" lon="30.0663140">
    <ele>5.2</ele>
    <time>2024-09-05T19:50:01Z</time>
   </trkpt>
   <trkpt lat="31.3094510" lon="30.0663210">
    <ele>5.2</ele>
    <time>2024-09-05T19:50:02Z</time>
   </trkpt>
   <trkpt lat="31.3094900" lon="30.0663540">
    <ele>5.3</ele>
    <time>2024-09-05T19:50:03Z</time>
   </trkpt>
   <trkpt lat="31.3095170" lon="30.0663720">
    <ele>5.4</ele>
    <time>2024-09-05T19:50:04Z</time>
   </trkpt>
   <trkpt lat="31.3095440" lon="30.0663840">
    <ele>5.5</ele>
    <time>2024-09-05T19:50:05Z</time>
   </trkpt>
   <trkpt lat="31.3095710" lon="30.0663960">
    <ele>5.6</ele>
    <time>2024-09-05T19:50:06Z</time>
   </trkpt>
   <trkpt lat="31.3095810" lon="30.0664020">
    <ele>5.6</ele>
    <time>2024-09-05T19:50:07Z</time>
   </trkpt>
   <trkpt lat="31.3096060" lon="30.0664180">
    <ele>5.7</ele>
    <time>2024-09-05T19:50:08Z</time>
   </trkpt>
   <trkpt lat="31.3096360" lon="30.0664300">
    <ele>5.7</ele>
    <time>2024-09-05T19:50:09Z</time>
   </trkpt>
   <trkpt lat="31.3096480" lon="30.0664340">
    <ele>5.8</ele>
    <time>2024-09-05T19:50:10Z</time>
   </trkpt>
   <trkpt lat="31.3096660" lon="30.0664600">
    <ele>5.8</ele>
    <time>2024-09-05T19:50:11Z</time>
   </trkpt>
   <trkpt lat="31.3097020" lon="30.0664700">
    <ele>6.0</ele>
    <time>2024-09-05T19:50:12Z</time>
   </trkpt>
   <trkpt lat="31.3097160" lon="30.0664760">
    <ele>6.0</ele>
    <time>2024-09-05T19:50:13Z</time>
   </trkpt>
   <trkpt lat="31.3097420" lon="30.0664880">
    <ele>6.1</ele>
    <time>2024-09-05T19:50:14Z</time>
   </trkpt>
   <trkpt lat="31.3097510" lon="30.0664900">
    <ele>6.1</ele>
    <time>2024-09-05T19:50:15Z</time>
   </trkpt>
   <trkpt lat="31.3097880" lon="30.0665060">
    <ele>6.2</ele>
    <time>2024-09-05T19:50:16Z</time>
   </trkpt>
   <trkpt lat="31.3098010" lon="30.0665110">
    <ele>6.3</ele>
    <time>2024-09-05T19:50:17Z</time>
   </trkpt>
   <trkpt lat="31.3098350" lon="30.0665140">
    <ele>6.4</ele>
    <time>2024-09-05T19:50:18Z</time>
   </trkpt>
   <trkpt lat="31.3098460" lon="30.0665200">
    <ele>6.4</ele>
    <time>2024-09-05T19:50:19Z</time>
   </trkpt>
   <trkpt lat="31.3098830" lon="30.0665250">
    <ele>6.5</ele>
    <time>2024-09-05T19:50:20Z</time>
   </trkpt>
   <trkpt lat="31.3098930" lon="30.0665250">
    <ele>6.5</ele>
    <time>2024-09-05T19:50:21Z</time>
   </trkpt>
   <trkpt lat="31.3099280" lon="30.0665230">
    <ele>6.6</ele>
    <time>2024-09-05T19:50:22Z</time>
   </trkpt>
   <trkpt lat="31.3099430" lon="30.0665240">
    <ele>6.6</ele>
    <time>2024-09-05T19:50:23Z</time>
   </trkpt>
   <trkpt lat="31.3099780" lon="30.0665280">
    <ele>6.6</ele>
    <time>2024-09-05T19:50:24Z</time>
   </trkpt>
   <trkpt lat="31.3099880" lon="30.0665280">
    <ele>6.6</ele>
    <time>2024-09-05T19:50:25Z</time>
   </trkpt>
   <trkpt lat="31.3100260" lon="30.0665300">
    <ele>6.6</ele>
    <time>2024-09-05T19:50:26Z</time>
   </trkpt>
   <trkpt lat="31.3100380" lon="30.0665300">
    <ele>6.6</ele>
    <time>2024-09-05T19:50:27Z</time>
   </trkpt>
   <trkpt lat="31.3100680" lon="30.0665210">
    <ele>6.6</ele>
    <time>2024-09-05T19:50:28Z</time>
   </trkpt>
   <trkpt lat="31.3100800" lon="30.0665220">
    <ele>6.6</ele>
    <time>2024-09-05T19:50:29Z</time>
   </trkpt>
   <trkpt lat="31.3101130" lon="30.0665220">
    <ele>6.7</ele>
    <time>2024-09-05T19:50:30Z</time>
   </trkpt>
   <trkpt lat="31.3101230" lon="30.0665220">
    <ele>6.7</ele>
    <time>2024-09-05T19:50:31Z</time>
   </trkpt>
   <trkpt lat="31.3101520" lon="30.0665270">
    <ele>6.7</ele>
    <time>2024-09-05T19:50:32Z</time>
   </trkpt>
   <trkpt lat="31.3101840" lon="30.0665280">
    <ele>6.6</ele>
    <time>2024-09-05T19:50:33Z</time>
   </trkpt>
   <trkpt lat="31.3101920" lon="30.0665260">
    <ele>6.6</ele>
    <time>2024-09-05T19:50:34Z</time>
   </trkpt>
   <trkpt lat="31.3102300" lon="30.0665320">
    <ele>6.5</ele>
    <time>2024-09-05T19:50:35Z</time>
   </trkpt>
   <trkpt lat="31.3102430" lon="30.0665370">
    <ele>6.4</ele>
    <time>2024-09-05T19:50:36Z</time>
   </trkpt>
   <trkpt lat="31.3102740" lon="30.0665490">
    <ele>6.4</ele>
    <time>2024-09-05T19:50:38Z</time>
   </trkpt>
   <trkpt lat="31.3102840" lon="30.0665490">
    <ele>6.3</ele>
    <time>2024-09-05T19:50:39Z</time>
   </trkpt>
   <trkpt lat="31.3103200" lon="30.0665580">
    <ele>6.2</ele>
    <time>2024-09-05T19:50:40Z</time>
   </trkpt>
   <trkpt lat="31.3103300" lon="30.0665630">
    <ele>6.2</ele>
    <time>2024-09-05T19:50:41Z</time>
   </trkpt>
   <trkpt lat="31.3103630" lon="30.0665890">
    <ele>6.1</ele>
    <time>2024-09-05T19:50:42Z</time>
   </trkpt>
   <trkpt lat="31.3103740" lon="30.0666010">
    <ele>6.1</ele>
    <time>2024-09-05T19:50:43Z</time>
   </trkpt>
   <trkpt lat="31.3104020" lon="30.0666210">
    <ele>6.1</ele>
    <time>2024-09-05T19:50:44Z</time>
   </trkpt>
   <trkpt lat="31.3104100" lon="30.0666260">
    <ele>6.1</ele>
    <time>2024-09-05T19:50:45Z</time>
   </trkpt>
   <trkpt lat="31.3104340" lon="30.0666510">
    <ele>6.1</ele>
    <time>2024-09-05T19:50:46Z</time>
   </trkpt>
   <trkpt lat="31.3104450" lon="30.0666650">
    <ele>6.1</ele>
    <time>2024-09-05T19:50:47Z</time>
   </trkpt>
   <trkpt lat="31.3104640" lon="30.0666920">
    <ele>6.0</ele>
    <time>2024-09-05T19:50:48Z</time>
   </trkpt>
   <trkpt lat="31.3104690" lon="30.0667030">
    <ele>6.0</ele>
    <time>2024-09-05T19:50:49Z</time>
   </trkpt>
   <trkpt lat="31.3104870" lon="30.0667400">
    <ele>6.0</ele>
    <time>2024-09-05T19:50:50Z</time>
   </trkpt>
   <trkpt lat="31.3104950" lon="30.0667470">
    <ele>6.0</ele>
    <time>2024-09-05T19:50:51Z</time>
   </trkpt>
   <trkpt lat="31.3105120" lon="30.0667780">
    <ele>6.0</ele>
    <time>2024-09-05T19:50:52Z</time>
   </trkpt>
   <trkpt lat="31.3105180" lon="30.0667930">
    <ele>6.0</ele>
    <time>2024-09-05T19:50:53Z</time>
   </trkpt>
   <trkpt lat="31.3105320" lon="30.0668280">
    <ele>6.0</ele>
    <time>2024-09-05T19:50:54Z</time>
   </trkpt>
   <trkpt lat="31.3105360" lon="30.0668360">
    <ele>6.0</ele>
    <time>2024-09-05T19:50:55Z</time>
   </trkpt>
   <trkpt lat="31.3105530" lon="30.0668620">
    <ele>5.9</ele>
    <time>2024-09-05T19:50:56Z</time>
   </trkpt>
   <trkpt lat="31.3105730" lon="30.0668990">
    <ele>5.8</ele>
    <time>2024-09-05T19:50:57Z</time>
   </trkpt>
   <trkpt lat="31.3105780" lon="30.0669120">
    <ele>5.8</ele>
    <time>2024-09-05T19:50:58Z</time>
   </trkpt>
   <trkpt lat="31.3105890" lon="30.0669430">
    <ele>5.7</ele>
    <time>2024-09-05T19:50:59Z</time>
   </trkpt>
   <trkpt lat="31.3106100" lon="30.0669740">
    <ele>5.6</ele>
    <time>2024-09-05T19:51:00Z</time>
   </trkpt>
   <trkpt lat="31.3106190" lon="30.0669820">
    <ele>5.6</ele>
    <time>2024-09-05T19:51:01Z</time>
   </trkpt>
   <trkpt lat="31.3106430" lon="30.0670170">
    <ele>5.5</ele>
    <time>2024-09-05T19:51:02Z</time>
   </trkpt>
   <trkpt lat="31.3106520" lon="30.0670240">
    <ele>5.5</ele>
    <time>2024-09-05T19:51:03Z</time>
   </trkpt>
   <trkpt lat="31.3106860" lon="30.0670420">
    <ele>5.4</ele>
    <time>2024-09-05T19:51:04Z</time>
   </trkpt>
   <trkpt lat="31.3106990" lon="30.0670480">
    <ele>5.4</ele>
    <time>2024-09-05T19:51:05Z</time>
   </trkpt>
   <trkpt lat="31.3107350" lon="30.0670570">
    <ele>5.3</ele>
    <time>2024-09-05T19:51:06Z</time>
   </trkpt>
   <trkpt lat="31.3107470" lon="30.0670610">
    <ele>5.3</ele>
    <time>2024-09-05T19:51:07Z</time>
   </trkpt>
   <trkpt lat="31.3107830" lon="30.0670450">
    <ele>5.2</ele>
    <time>2024-09-05T19:51:08Z</time>
   </trkpt>
   <trkpt lat="31.3107930" lon="30.0670340">
    <ele>5.2</ele>
    <time>2024-09-05T19:51:09Z</time>
   </trkpt>
   <trkpt lat="31.3108150" lon="30.0670120">
    <ele>5.2</ele>
    <time>2024-09-05T19:51:10Z</time>
   </trkpt>
   <trkpt lat="31.3108470" lon="30.0669980">
    <ele>5.1</ele>
    <time>2024-09-05T19:51:11Z</time>
   </trkpt>
   <trkpt lat="31.3108820" lon="30.0669800">
    <ele>5.0</ele>
    <time>2024-09-05T19:51:12Z</time>
   </trkpt>
   <trkpt lat="31.3108950" lon="30.0669760">
    <ele>5.0</ele>
    <time>2024-09-05T19:51:13Z</time>
   </trkpt>
   <trkpt lat="31.3109220" lon="30.0669680">
    <ele>4.9</ele>
    <time>2024-09-05T19:51:14Z</time>
   </trkpt>
   <trkpt lat="31.3109570" lon="30.0669500">
    <ele>4.8</ele>
    <time>2024-09-05T19:51:15Z</time>
   </trkpt>
   <trkpt lat="31.3109670" lon="30.0669400">
    <ele>4.7</ele>
    <time>2024-09-05T19:51:16Z</time>
   </trkpt>
   <trkpt lat="31.3109950" lon="30.0669190">
    <ele>4.2</ele>
    <time>2024-09-05T19:51:17Z</time>
   </trkpt>
   <trkpt lat="31.3110040" lon="30.0669130">
    <ele>4.0</ele>
    <time>2024-09-05T19:51:18Z</time>
   </trkpt>
   <trkpt lat="31.3110340" lon="30.0669050">
    <ele>3.6</ele>
    <time>2024-09-05T19:51:19Z</time>
   </trkpt>
   <trkpt lat="31.3110440" lon="30.0669000">
    <ele>3.4</ele>
    <time>2024-09-05T19:51:20Z</time>
   </trkpt>
   <trkpt lat="31.3110750" lon="30.0668930">
    <ele>3.5</ele>
    <time>2024-09-05T19:51:21Z</time>
   </trkpt>
   <trkpt lat="31.3110850" lon="30.0668920">
    <ele>3.6</ele>
    <time>2024-09-05T19:51:22Z</time>
   </trkpt>
   <trkpt lat="31.3111180" lon="30.0669040">
    <ele>3.8</ele>
    <time>2024-09-05T19:51:23Z</time>
   </trkpt>
   <trkpt lat="31.3111300" lon="30.0669140">
    <ele>3.8</ele>
    <time>2024-09-05T19:51:24Z</time>
   </trkpt>
   <trkpt lat="31.3111440" lon="30.0669520">
    <ele>4.0</ele>
    <time>2024-09-05T19:51:25Z</time>
   </trkpt>
   <trkpt lat="31.3111470" lon="30.0669630">
    <ele>4.1</ele>
    <time>2024-09-05T19:51:26Z</time>
   </trkpt>
   <trkpt lat="31.3111570" lon="30.0669920">
    <ele>4.2</ele>
    <time>2024-09-05T19:51:27Z</time>
   </trkpt>
   <trkpt lat="31.3111780" lon="30.0670220">
    <ele>4.4</ele>
    <time>2024-09-05T19:51:28Z</time>
   </trkpt>
   <trkpt lat="31.3111840" lon="30.0670330">
    <ele>4.5</ele>
    <time>2024-09-05T19:51:29Z</time>
   </trkpt>
   <trkpt lat="31.3112000" lon="30.0670650">
    <ele>4.7</ele>
    <time>2024-09-05T19:51:30Z</time>
   </trkpt>
   <trkpt lat="31.3112070" lon="30.0670730">
    <ele>4.7</ele>
    <time>2024-09-05T19:51:31Z</time>
   </trkpt>
   <trkpt lat="31.3112210" lon="30.0671030">
    <ele>4.9</ele>
    <time>2024-09-05T19:51:32Z</time>
   </trkpt>
   <trkpt lat="31.3112240" lon="30.0671120">
    <ele>4.9</ele>
    <time>2024-09-05T19:51:33Z</time>
   </trkpt>
   <trkpt lat="31.3112440" lon="30.0671450">
    <ele>5.1</ele>
    <time>2024-09-05T19:51:34Z</time>
   </trkpt>
   <trkpt lat="31.3112480" lon="30.0671570">
    <ele>5.1</ele>
    <time>2024-09-05T19:51:35Z</time>
   </trkpt>
   <trkpt lat="31.3112780" lon="30.0671810">
    <ele>5.3</ele>
    <time>2024-09-05T19:51:36Z</time>
   </trkpt>
   <trkpt lat="31.3112890" lon="30.0671860">
    <ele>5.3</ele>
    <time>2024-09-05T19:51:37Z</time>
   </trkpt>
   <trkpt lat="31.3113200" lon="30.0672090">
    <ele>5.5</ele>
    <time>2024-09-05T19:51:38Z</time>
   </trkpt>
   <trkpt lat="31.3113280" lon="30.0672190">
    <ele>5.5</ele>
    <time>2024-09-05T19:51:39Z</time>
   </trkpt>
   <trkpt lat="31.3113420" lon="30.0672530">
    <ele>5.6</ele>
    <time>2024-09-05T19:51:40Z</time>
   </trkpt>
   <trkpt lat="31.3113490" lon="30.0672620">
    <ele>5.6</ele>
    <time>2024-09-05T19:51:41Z</time>
   </trkpt>
   <trkpt lat="31.3113670" lon="30.0672870">
    <ele>5.7</ele>
    <time>2024-09-05T19:51:42Z</time>
   </trkpt>
   <trkpt lat="31.3113800" lon="30.0673210">
    <ele>5.7</ele>
    <time>2024-09-05T19:51:43Z</time>
   </trkpt>
   <trkpt lat="31.3113900" lon="30.0673540">
    <ele>5.7</ele>
    <time>2024-09-05T19:51:44Z</time>
   </trkpt>
   <trkpt lat="31.3114150" lon="30.0673870">
    <ele>5.8</ele>
    <time>2024-09-05T19:51:45Z</time>
   </trkpt>
   <trkpt lat="31.3114240" lon="30.0673960">
    <ele>5.8</ele>
    <time>2024-09-05T19:51:46Z</time>
   </trkpt>
   <trkpt lat="31.3114460" lon="30.0674350">
    <ele>5.9</ele>
    <time>2024-09-05T19:51:47Z</time>
   </trkpt>
   <trkpt lat="31.3114550" lon="30.0674490">
    <ele>5.9</ele>
    <time>2024-09-05T19:51:48Z</time>
   </trkpt>
   <trkpt lat="31.3114770" lon="30.0674740">
    <ele>5.9</ele>
    <time>2024-09-05T19:51:49Z</time>
   </trkpt>
   <trkpt lat="31.3114850" lon="30.0674800">
    <ele>5.9</ele>
    <time>2024-09-05T19:51:50Z</time>
   </trkpt>
   <trkpt lat="31.3115130" lon="30.0675130">
    <ele>6.0</ele>
    <time>2024-09-05T19:51:51Z</time>
   </trkpt>
   <trkpt lat="31.3115280" lon="30.0675400">
    <ele>6.0</ele>
    <time>2024-09-05T19:51:52Z</time>
   </trkpt>
   <trkpt lat="31.3115470" lon="30.0675710">
    <ele>6.0</ele>
    <time>2024-09-05T19:51:53Z</time>
   </trkpt>
   <trkpt lat="31.3115560" lon="30.0675850">
    <ele>6.0</ele>
    <time>2024-09-05T19:51:54Z</time>
   </trkpt>
   <trkpt lat="31.3115730" lon="30.0676220">
    <ele>6.0</ele>
    <time>2024-09-05T19:51:55Z</time>
   </trkpt>
   <trkpt lat="31.3115780" lon="30.0676330">
    <ele>6.0</ele>
    <time>2024-09-05T19:51:56Z</time>
   </trkpt>
   <trkpt lat="31.3115980" lon="30.0676590">
    <ele>6.0</ele>
    <time>2024-09-05T19:51:57Z</time>
   </trkpt>
   <trkpt lat="31.3116170" lon="30.0676980">
    <ele>6.0</ele>
    <time>2024-09-05T19:51:58Z</time>
   </trkpt>
   <trkpt lat="31.3116220" lon="30.0677140">
    <ele>6.0</ele>
    <time>2024-09-05T19:51:59Z</time>
   </trkpt>
   <trkpt lat="31.3116310" lon="30.0677490">
    <ele>6.0</ele>
    <time>2024-09-05T19:52:00Z</time>
   </trkpt>
   <trkpt lat="31.3116460" lon="30.0677790">
    <ele>6.0</ele>
    <time>2024-09-05T19:52:01Z</time>
   </trkpt>
   <trkpt lat="31.3116620" lon="30.0678220">
    <ele>6.0</ele>
    <time>2024-09-05T19:52:02Z</time>
   </trkpt>
   <trkpt lat="31.3116680" lon="30.0678400">
    <ele>6.0</ele>
    <time>2024-09-05T19:52:03Z</time>
   </trkpt>
   <trkpt lat="31.3116920" lon="30.0678740">
    <ele>6.0</ele>
    <time>2024-09-05T19:52:04Z</time>
   </trkpt>
   <trkpt lat="31.3117000" lon="30.0678860">
    <ele>6.0</ele>
    <time>2024-09-05T19:52:05Z</time>
   </trkpt>
   <trkpt lat="31.3117220" lon="30.0679130">
    <ele>6.0</ele>
    <time>2024-09-05T19:52:06Z</time>
   </trkpt>
   <trkpt lat="31.3117500" lon="30.0679640">
    <ele>6.0</ele>
    <time>2024-09-05T19:52:07Z</time>
   </trkpt>
   <trkpt lat="31.3117630" lon="30.0679970">
    <ele>6.0</ele>
    <time>2024-09-05T19:52:08Z</time>
   </trkpt>
   <trkpt lat="31.3117840" lon="30.0680290">
    <ele>6.0</ele>
    <time>2024-09-05T19:52:09Z</time>
   </trkpt>
   <trkpt lat="31.3117900" lon="30.0680380">
    <ele>6.0</ele>
    <time>2024-09-05T19:52:10Z</time>
   </trkpt>
   <trkpt lat="31.3118020" lon="30.0680670">
    <ele>6.0</ele>
    <time>2024-09-05T19:52:11Z</time>
   </trkpt>
   <trkpt lat="31.3118190" lon="30.0681040">
    <ele>5.9</ele>
    <time>2024-09-05T19:52:12Z</time>
   </trkpt>
   <trkpt lat="31.3118230" lon="30.0681200">
    <ele>5.9</ele>
    <time>2024-09-05T19:52:13Z</time>
   </trkpt>
   <trkpt lat="31.3118400" lon="30.0681530">
    <ele>5.8</ele>
    <time>2024-09-05T19:52:14Z</time>
   </trkpt>
   <trkpt lat="31.3118620" lon="30.0681900">
    <ele>5.7</ele>
    <time>2024-09-05T19:52:15Z</time>
   </trkpt>
   <trkpt lat="31.3118690" lon="30.0682030">
    <ele>5.6</ele>
    <time>2024-09-05T19:52:16Z</time>
   </trkpt>
   <trkpt lat="31.3118810" lon="30.0682320">
    <ele>5.5</ele>
    <time>2024-09-05T19:52:17Z</time>
   </trkpt>
   <trkpt lat="31.3119030" lon="30.0682640">
    <ele>5.4</ele>
    <time>2024-09-05T19:52:18Z</time>
   </trkpt>
   <trkpt lat="31.3119080" lon="30.0682780">
    <ele>5.4</ele>
    <time>2024-09-05T19:52:19Z</time>
   </trkpt>
   <trkpt lat="31.3119310" lon="30.0683080">
    <ele>5.2</ele>
    <time>2024-09-05T19:52:20Z</time>
   </trkpt>
   <trkpt lat="31.3119380" lon="30.0683170">
    <ele>5.2</ele>
    <time>2024-09-05T19:52:21Z</time>
   </trkpt>
   <trkpt lat="31.3119520" lon="30.0683550">
    <ele>5.1</ele>
    <time>2024-09-05T19:52:22Z</time>
   </trkpt>
   <trkpt lat="31.3119580" lon="30.0683700">
    <ele>5.0</ele>
    <time>2024-09-05T19:52:23Z</time>
   </trkpt>
   <trkpt lat="31.3119760" lon="30.0684040">
    <ele>4.9</ele>
    <time>2024-09-05T19:52:24Z</time>
   </trkpt>
   <trkpt lat="31.3119850" lon="30.0684200">
    <ele>4.9</ele>
    <time>2024-09-05T19:52:25Z</time>
   </trkpt>
   <trkpt lat="31.3119970" lon="30.0684530">
    <ele>4.9</ele>
    <time>2024-09-05T19:52:26Z</time>
   </trkpt>
   <trkpt lat="31.3120230" lon="30.0684800">
    <ele>4.8</ele>
    <time>2024-09-05T19:52:27Z</time>
   </trkpt>
   <trkpt lat="31.3120300" lon="30.0684920">
    <ele>4.7</ele>
    <time>2024-09-05T19:52:28Z</time>
   </trkpt>
   <trkpt lat="31.3120560" lon="30.0685190">
    <ele>4.4</ele>
    <time>2024-09-05T19:52:29Z</time>
   </trkpt>
   <trkpt lat="31.3120680" lon="30.0685240">
    <ele>4.3</ele>
    <time>2024-09-05T19:52:30Z</time>
   </trkpt>
   <trkpt lat="31.3120860" lon="30.0685470">
    <ele>4.1</ele>
    <time>2024-09-05T19:52:31Z</time>
   </trkpt>
   <trkpt lat="31.3120930" lon="30.0685590">
    <ele>4.0</ele>
    <time>2024-09-05T19:52:32Z</time>
   </trkpt>
   <trkpt lat="31.3121200" lon="30.0685880">
    <ele>3.6</ele>
    <time>2024-09-05T19:52:33Z</time>
   </trkpt>
   <trkpt lat="31.3121270" lon="30.0685960">
    <ele>3.5</ele>
    <time>2024-09-05T19:52:34Z</time>
   </trkpt>
   <trkpt lat="31.3121500" lon="30.0686180">
    <ele>3.3</ele>
    <time>2024-09-05T19:52:35Z</time>
   </trkpt>
   <trkpt lat="31.3121810" lon="30.0686310">
    <ele>3.3</ele>
    <time>2024-09-05T19:52:36Z</time>
   </trkpt>
   <trkpt lat="31.3121930" lon="30.0686280">
    <ele>3.3</ele>
    <time>2024-09-05T19:52:37Z</time>
   </trkpt>
   <trkpt lat="31.3122190" lon="30.0686130">
    <ele>3.3</ele>
    <time>2024-09-05T19:52:38Z</time>
   </trkpt>
   <trkpt lat="31.3122400" lon="30.0685880">
    <ele>3.3</ele>
    <time>2024-09-05T19:52:39Z</time>
   </trkpt>
   <trkpt lat="31.3122590" lon="30.0685620">
    <ele>3.4</ele>
    <time>2024-09-05T19:52:40Z</time>
   </trkpt>
   <trkpt lat="31.3122710" lon="30.0685530">
    <ele>3.4</ele>
    <time>2024-09-05T19:52:41Z</time>
   </trkpt>
   <trkpt lat="31.3123010" lon="30.0685340">
    <ele>3.4</ele>
    <time>2024-09-05T19:52:42Z</time>
   </trkpt>
   <trkpt lat="31.3123130" lon="30.0685270">
    <ele>3.4</ele>
    <time>2024-09-05T19:52:43Z</time>
   </trkpt>
   <trkpt lat="31.3123400" lon="30.0685110">
    <ele>3.4</ele>
    <time>2024-09-05T19:52:44Z</time>
   </trkpt>
   <trkpt lat="31.3123720" lon="30.0684940">
    <ele>3.4</ele>
    <time>2024-09-05T19:52:45Z</time>
   </trkpt>
   <trkpt lat="31.3123810" lon="30.0684870">
    <ele>3.4</ele>
    <time>2024-09-05T19:52:46Z</time>
   </trkpt>
   <trkpt lat="31.3124100" lon="30.0684710">
    <ele>3.5</ele>
    <time>2024-09-05T19:52:47Z</time>
   </trkpt>
   <trkpt lat="31.3124360" lon="30.0684570">
    <ele>3.5</ele>
    <time>2024-09-05T19:52:48Z</time>
   </trkpt>
   <trkpt lat="31.3124720" lon="30.0684330">
    <ele>3.5</ele>
    <time>2024-09-05T19:52:49Z</time>
   </trkpt>
   <trkpt lat="31.3124860" lon="30.0684230">
    <ele>3.5</ele>
    <time>2024-09-05T19:52:50Z</time>
   </trkpt>
   <trkpt lat="31.3125110" lon="30.0683970">
    <ele>3.5</ele>
    <time>2024-09-05T19:52:51Z</time>
   </trkpt>
   <trkpt lat="31.3125200" lon="30.0683890">
    <ele>3.5</ele>
    <time>2024-09-05T19:52:52Z</time>
   </trkpt>
   <trkpt lat="31.3125430" lon="30.0683730">
    <ele>3.6</ele>
    <time>2024-09-05T19:52:53Z</time>
   </trkpt>
   <trkpt lat="31.3125820" lon="30.0683460">
    <ele>3.6</ele>
    <time>2024-09-05T19:52:55Z</time>
   </trkpt>
   <trkpt lat="31.3125950" lon="30.0683320">
    <ele>3.6</ele>
    <time>2024-09-05T19:52:56Z</time>
   </trkpt>
   <trkpt lat="31.3126080" lon="30.0683190">
    <ele>3.6</ele>
    <time>2024-09-05T19:52:57Z</time>
   </trkpt>
   <trkpt lat="31.3126380" lon="30.0682980">
    <ele>3.6</ele>
    <time>2024-09-05T19:52:58Z</time>
   </trkpt>
   <trkpt lat="31.3126450" lon="30.0682920">
    <ele>3.6</ele>
    <time>2024-09-05T19:52:59Z</time>
   </trkpt>
   <trkpt lat="31.3126710" lon="30.0682730">
    <ele>3.6</ele>
    <time>2024-09-05T19:53:00Z</time>
   </trkpt>
   <trkpt lat="31.3127040" lon="30.0682460">
    <ele>3.7</ele>
    <time>2024-09-05T19:53:01Z</time>
   </trkpt>
   <trkpt lat="31.3127160" lon="30.0682390">
    <ele>3.7</ele>
    <time>2024-09-05T19:53:02Z</time>
   </trkpt>
   <trkpt lat="31.3127470" lon="30.0682260">
    <ele>3.7</ele>
    <time>2024-09-05T19:53:03Z</time>
   </trkpt>
   <trkpt lat="31.3127750" lon="30.0682040">
    <ele>3.7</ele>
    <time>2024-09-05T19:53:04Z</time>
   </trkpt>
   <trkpt lat="31.3127860" lon="30.0681990">
    <ele>3.7</ele>
    <time>2024-09-05T19:53:05Z</time>
   </trkpt>
   <trkpt lat="31.3128120" lon="30.0681780">
    <ele>3.7</ele>
    <time>2024-09-05T19:53:06Z</time>
   </trkpt>
   <trkpt lat="31.3128420" lon="30.0681610">
    <ele>3.8</ele>
    <time>2024-09-05T19:53:07Z</time>
   </trkpt>
   <trkpt lat="31.3128520" lon="30.0681550">
    <ele>3.8</ele>
    <time>2024-09-05T19:53:08Z</time>
   </trkpt>
   <trkpt lat="31.3128750" lon="30.0681320">
    <ele>3.8</ele>
    <time>2024-09-05T19:53:09Z</time>
   </trkpt>
   <trkpt lat="31.3128970" lon="30.0681040">
    <ele>3.8</ele>
    <time>2024-09-05T19:53:10Z</time>
   </trkpt>
   <trkpt lat="31.3129010" lon="30.0680950">
    <ele>3.8</ele>
    <time>2024-09-05T19:53:11Z</time>
   </trkpt>
   <trkpt lat="31.3129150" lon="30.0680610">
    <ele>3.8</ele>
    <time>2024-09-05T19:53:12Z</time>
   </trkpt>
   <trkpt lat="31.3129220" lon="30.0680500">
    <ele>3.8</ele>
    <time>2024-09-05T19:53:13Z</time>
   </trkpt>
   <trkpt lat="31.3129450" lon="30.0680240">
    <ele>3.9</ele>
    <time>2024-09-05T19:53:14Z</time>
   </trkpt>
   <trkpt lat="31.3129560" lon="30.0680150">
    <ele>3.9</ele>
    <time>2024-09-05T19:53:15Z</time>
   </trkpt>
   <trkpt lat="31.3129890" lon="30.0680000">
    <ele>3.9</ele>
    <time>2024-09-05T19:53:16Z</time>
   </trkpt>
   <trkpt lat="31.3129970" lon="30.0679930">
    <ele>3.9</ele>
    <time>2024-09-05T19:53:17Z</time>
   </trkpt>
   <trkpt lat="31.3130150" lon="30.0679570">
    <ele>3.9</ele>
    <time>2024-09-05T19:53:18Z</time>
   </trkpt>
   <trkpt lat="31.3130230" lon="30.0679430">
    <ele>3.9</ele>
    <time>2024-09-05T19:53:19Z</time>
   </trkpt>
   <trkpt lat="31.3130310" lon="30.0679270">
    <ele>3.9</ele>
    <time>2024-09-05T19:53:20Z</time>
   </trkpt>
   <trkpt lat="31.3130370" lon="30.0679070">
    <ele>4.0</ele>
    <time>2024-09-05T19:53:21Z</time>
   </trkpt>
   <trkpt lat="31.3130450" lon="30.0678750">
    <ele>4.0</ele>
    <time>2024-09-05T19:53:22Z</time>
   </trkpt>
   <trkpt lat="31.3130500" lon="30.0678520">
    <ele>4.0</ele>
    <time>2024-09-05T19:53:23Z</time>
   </trkpt>
   <trkpt lat="31.3130440" lon="30.0678370">
    <ele>4.0</ele>
    <time>2024-09-05T19:53:24Z</time>
   </trkpt>
   <trkpt lat="31.3130370" lon="30.0678160">
    <ele>4.0</ele>
    <time>2024-09-05T19:53:25Z</time>
   </trkpt>
   <trkpt lat="31.3130390" lon="30.0678000">
    <ele>4.0</ele>
    <time>2024-09-05T19:53:26Z</time>
   </trkpt>
   <trkpt lat="31.3130300" lon="30.0677550">
    <ele>3.9</ele>
    <time>2024-09-05T19:53:27Z</time>
   </trkpt>
   <trkpt lat="31.3130270" lon="30.0677370">
    <ele>3.9</ele>
    <time>2024-09-05T19:53:28Z</time>
   </trkpt>
   <trkpt lat="31.3130180" lon="30.0677210">
    <ele>3.9</ele>
    <time>2024-09-05T19:53:29Z</time>
   </trkpt>
   <trkpt lat="31.3130100" lon="30.0677000">
    <ele>3.8</ele>
    <time>2024-09-05T19:53:30Z</time>
   </trkpt>
   <trkpt lat="31.3129950" lon="30.0676700">
    <ele>3.8</ele>
    <time>2024-09-05T19:53:31Z</time>
   </trkpt>
   <trkpt lat="31.3129890" lon="30.0676590">
    <ele>3.7</ele>
    <time>2024-09-05T19:53:32Z</time>
   </trkpt>
   <trkpt lat="31.3129800" lon="30.0676210">
    <ele>3.7</ele>
    <time>2024-09-05T19:53:33Z</time>
   </trkpt>
   <trkpt lat="31.3129750" lon="30.0676090">
    <ele>3.6</ele>
    <time>2024-09-05T19:53:34Z</time>
   </trkpt>
   <trkpt lat="31.3129590" lon="30.0675760">
    <ele>3.6</ele>
    <time>2024-09-05T19:53:35Z</time>
   </trkpt>
   <trkpt lat="31.3129570" lon="30.0675620">
    <ele>3.5</ele>
    <time>2024-09-05T19:53:36Z</time>
   </trkpt>
   <trkpt lat="31.3129420" lon="30.0675250">
    <ele>3.5</ele>
    <time>2024-09-05T19:53:37Z</time>
   </trkpt>
   <trkpt lat="31.3129350" lon="30.0675140">
    <ele>3.4</ele>
    <time>2024-09-05T19:53:38Z</time>
   </trkpt>
   <trkpt lat="31.3129090" lon="30.0674850">
    <ele>3.3</ele>
    <time>2024-09-05T19:53:39Z</time>
   </trkpt>
   <trkpt lat="31.3128970" lon="30.0674740">
    <ele>3.3</ele>
    <time>2024-09-05T19:53:40Z</time>
   </trkpt>
   <trkpt lat="31.3128840" lon="30.0674350">
    <ele>3.2</ele>
    <time>2024-09-05T19:53:41Z</time>
   </trkpt>
   <trkpt lat="31.3128770" lon="30.0674260">
    <ele>3.2</ele>
    <time>2024-09-05T19:53:42Z</time>
   </trkpt>
   <trkpt lat="31.3128630" lon="30.0673900">
    <ele>3.1</ele>
    <time>2024-09-05T19:53:43Z</time>
   </trkpt>
   <trkpt lat="31.3128590" lon="30.0673780">
    <ele>3.0</ele>
    <time>2024-09-05T19:53:44Z</time>
   </trkpt>
   <trkpt lat="31.3128410" lon="30.0673440">
    <ele>2.9</ele>
    <time>2024-09-05T19:53:45Z</time>
   </trkpt>
   <trkpt lat="31.3128370" lon="30.0673290">
    <ele>2.9</ele>
    <time>2024-09-05T19:53:46Z</time>
   </trkpt>
   <trkpt lat="31.3128210" lon="30.0673000">
    <ele>2.8</ele>
    <time>2024-09-05T19:53:47Z</time>
   </trkpt>
   <trkpt lat="31.3128040" lon="30.0672690">
    <ele>2.7</ele>
    <time>2024-09-05T19:53:48Z</time>
   </trkpt>
   <trkpt lat="31.3127990" lon="30.0672580">
    <ele>2.7</ele>
    <time>2024-09-05T19:53:49Z</time>
   </trkpt>
   <trkpt lat="31.3127820" lon="30.0672270">
    <ele>2.6</ele>
    <time>2024-09-05T19:53:50Z</time>
   </trkpt>
   <trkpt lat="31.3127640" lon="30.0671970">
    <ele>2.6</ele>
    <time>2024-09-05T19:53:51Z</time>
   </trkpt>
   <trkpt lat="31.3127560" lon="30.0671850">
    <ele>2.6</ele>
    <time>2024-09-05T19:53:52Z</time>
   </trkpt>
   <trkpt lat="31.3127440" lon="30.0671560">
    <ele>2.5</ele>
    <time>2024-09-05T19:53:53Z</time>
   </trkpt>
   <trkpt lat="31.3127290" lon="30.0671280">
    <ele>2.5</ele>
    <time>2024-09-05T19:53:54Z</time>
   </trkpt>
   <trkpt lat="31.3127250" lon="30.0671180">
    <ele>2.5</ele>
    <time>2024-09-05T19:53:55Z</time>
   </trkpt>
   <trkpt lat="31.3127060" lon="30.0670920">
    <ele>2.5</ele>
    <time>2024-09-05T19:53:56Z</time>
   </trkpt>
   <trkpt lat="31.3126870" lon="30.0670630">
    <ele>2.4</ele>
    <time>2024-09-05T19:53:57Z</time>
   </trkpt>
   <trkpt lat="31.3126850" lon="30.0670540">
    <ele>2.4</ele>
    <time>2024-09-05T19:53:58Z</time>
   </trkpt>
   <trkpt lat="31.3126700" lon="30.0670150">
    <ele>2.4</ele>
    <time>2024-09-05T19:53:59Z</time>
   </trkpt>
   <trkpt lat="31.3126620" lon="30.0670030">
    <ele>2.3</ele>
    <time>2024-09-05T19:54:00Z</time>
   </trkpt>
   <trkpt lat="31.3126350" lon="30.0669710">
    <ele>2.2</ele>
    <time>2024-09-05T19:54:01Z</time>
   </trkpt>
   <trkpt lat="31.3126250" lon="30.0669600">
    <ele>2.2</ele>
    <time>2024-09-05T19:54:02Z</time>
   </trkpt>
   <trkpt lat="31.3126050" lon="30.0669340">
    <ele>2.1</ele>
    <time>2024-09-05T19:54:03Z</time>
   </trkpt>
   <trkpt lat="31.3125820" lon="30.0669020">
    <ele>2.0</ele>
    <time>2024-09-05T19:54:04Z</time>
   </trkpt>
   <trkpt lat="31.3125740" lon="30.0668930">
    <ele>2.0</ele>
    <time>2024-09-05T19:54:05Z</time>
   </trkpt>
   <trkpt lat="31.3125530" lon="30.0668700">
    <ele>1.9</ele>
    <time>2024-09-05T19:54:06Z</time>
   </trkpt>
   <trkpt lat="31.3125310" lon="30.0668350">
    <ele>1.8</ele>
    <time>2024-09-05T19:54:07Z</time>
   </trkpt>
   <trkpt lat="31.3125240" lon="30.0668210">
    <ele>1.8</ele>
    <time>2024-09-05T19:54:08Z</time>
   </trkpt>
   <trkpt lat="31.3125030" lon="30.0667830">
    <ele>1.6</ele>
    <time>2024-09-05T19:54:09Z</time>
   </trkpt>
   <trkpt lat="31.3124930" lon="30.0667740">
    <ele>1.6</ele>
    <time>2024-09-05T19:54:10Z</time>
   </trkpt>
   <trkpt lat="31.3124830" lon="30.0667360">
    <ele>1.5</ele>
    <time>2024-09-05T19:54:11Z</time>
   </trkpt>
   <trkpt lat="31.3124780" lon="30.0667220">
    <ele>1.5</ele>
    <time>2024-09-05T19:54:12Z</time>
   </trkpt>
   <trkpt lat="31.3124600" lon="30.0666720">
    <ele>1.3</ele>
    <time>2024-09-05T19:54:13Z</time>
   </trkpt>
   <trkpt lat="31.3124520" lon="30.0666500">
    <ele>1.3</ele>
    <time>2024-09-05T19:54:14Z</time>
   </trkpt>
   <trkpt lat="31.3124360" lon="30.0666270">
    <ele>1.2</ele>
    <time>2024-09-05T19:54:15Z</time>
   </trkpt>
   <trkpt lat="31.3124180" lon="30.0666030">
    <ele>1.1</ele>
    <time>2024-09-05T19:54:16Z</time>
   </trkpt>
   <trkpt lat="31.3124040" lon="30.0665700">
    <ele>1.0</ele>
    <time>2024-09-05T19:54:17Z</time>
   </trkpt>
   <trkpt lat="31.3123910" lon="30.0665380">
    <ele>0.9</ele>
    <time>2024-09-05T19:54:18Z</time>
   </trkpt>
   <trkpt lat="31.3123870" lon="30.0665280">
    <ele>0.8</ele>
    <time>2024-09-05T19:54:19Z</time>
   </trkpt>
   <trkpt lat="31.3123650" lon="30.0664920">
    <ele>0.7</ele>
    <time>2024-09-05T19:54:20Z</time>
   </trkpt>
   <trkpt lat="31.3123570" lon="30.0664800">
    <ele>0.7</ele>
    <time>2024-09-05T19:54:21Z</time>
   </trkpt>
   <trkpt lat="31.3123360" lon="30.0664410">
    <ele>0.5</ele>
    <time>2024-09-05T19:54:22Z</time>
   </trkpt>
   <trkpt lat="31.3123300" lon="30.0664260">
    <ele>0.5</ele>
    <time>2024-09-05T19:54:23Z</time>
   </trkpt>
   <trkpt lat="31.3123100" lon="30.0663990">
    <ele>0.4</ele>
    <time>2024-09-05T19:54:24Z</time>
   </trkpt>
   <trkpt lat="31.3122900" lon="30.0663750">
    <ele>0.3</ele>
    <time>2024-09-05T19:54:25Z</time>
   </trkpt>
   <trkpt lat="31.3122750" lon="30.0663380">
    <ele>0.2</ele>
    <time>2024-09-05T19:54:26Z</time>
   </trkpt>
   <trkpt lat="31.3122560" lon="30.0663030">
    <ele>0.2</ele>
    <time>2024-09-05T19:54:27Z</time>
   </trkpt>
   <trkpt lat="31.3122500" lon="30.0662920">
    <ele>0.1</ele>
    <time>2024-09-05T19:54:28Z</time>
   </trkpt>
   <trkpt lat="31.3122330" lon="30.0662600">
    <ele>0.1</ele>
    <time>2024-09-05T19:54:29Z</time>
   </trkpt>
   <trkpt lat="31.3122100" lon="30.0662260">
    <ele>0.1</ele>
    <time>2024-09-05T19:54:30Z</time>
   </trkpt>
   <trkpt lat="31.3122020" lon="30.0662140">
    <ele>0.1</ele>
    <time>2024-09-05T19:54:31Z</time>
   </trkpt>
   <trkpt lat="31.3121830" lon="30.0661740">
    <ele>0.2</ele>
    <time>2024-09-05T19:54:32Z</time>
   </trkpt>
   <trkpt lat="31.3121760" lon="30.0661620">
    <ele>0.2</ele>
    <time>2024-09-05T19:54:33Z</time>
   </trkpt>
   <trkpt lat="31.3121490" lon="30.0661340">
    <ele>0.3</ele>
    <time>2024-09-05T19:54:34Z</time>
   </trkpt>
   <trkpt lat="31.3121400" lon="30.0661240">
    <ele>0.3</ele>
    <time>2024-09-05T19:54:35Z</time>
   </trkpt>
   <trkpt lat="31.3121300" lon="30.0660940">
    <ele>0.4</ele>
    <time>2024-09-05T19:54:36Z</time>
   </trkpt>
   <trkpt lat="31.3121260" lon="30.0660620">
    <ele>0.5</ele>
    <time>2024-09-05T19:54:37Z</time>
   </trkpt>
   <trkpt lat="31.3121070" lon="30.0660270">
    <ele>0.7</ele>
    <time>2024-09-05T19:54:38Z</time>
   </trkpt>
   <trkpt lat="31.3120990" lon="30.0660170">
    <ele>0.7</ele>
    <time>2024-09-05T19:54:39Z</time>
   </trkpt>
   <trkpt lat="31.3120840" lon="30.0659900">
    <ele>0.8</ele>
    <time>2024-09-05T19:54:40Z</time>
   </trkpt>
   <trkpt lat="31.3120620" lon="30.0659520">
    <ele>0.8</ele>
    <time>2024-09-05T19:54:41Z</time>
   </trkpt>
   <trkpt lat="31.3120550" lon="30.0659370">
    <ele>0.8</ele>
    <time>2024-09-05T19:54:42Z</time>
   </trkpt>
   <trkpt lat="31.3120380" lon="30.0659050">
    <ele>0.9</ele>
    <time>2024-09-05T19:54:43Z</time>
   </trkpt>
   <trkpt lat="31.3120170" lon="30.0658690">
    <ele>1.0</ele>
    <time>2024-09-05T19:54:44Z</time>
   </trkpt>
   <trkpt lat="31.3120110" lon="30.0658550">
    <ele>1.0</ele>
    <time>2024-09-05T19:54:45Z</time>
   </trkpt>
   <trkpt lat="31.3119900" lon="30.0658230">
    <ele>1.0</ele>
    <time>2024-09-05T19:54:46Z</time>
   </trkpt>
   <trkpt lat="31.3119860" lon="30.0658130">
    <ele>1.1</ele>
    <time>2024-09-05T19:54:47Z</time>
   </trkpt>
   <trkpt lat="31.3119750" lon="30.0657730">
    <ele>1.1</ele>
    <time>2024-09-05T19:54:48Z</time>
   </trkpt>
   <trkpt lat="31.3119700" lon="30.0657580">
    <ele>1.1</ele>
    <time>2024-09-05T19:54:49Z</time>
   </trkpt>
   <trkpt lat="31.3119440" lon="30.0657240">
    <ele>1.2</ele>
    <time>2024-09-05T19:54:50Z</time>
   </trkpt>
   <trkpt lat="31.3119340" lon="30.0657120">
    <ele>1.2</ele>
    <time>2024-09-05T19:54:51Z</time>
   </trkpt>
   <trkpt lat="31.3119290" lon="30.0657000">
    <ele>1.3</ele>
    <time>2024-09-05T19:54:52Z</time>
   </trkpt>
   <trkpt lat="31.3119190" lon="30.0656840">
    <ele>1.3</ele>
    <time>2024-09-05T19:54:53Z</time>
   </trkpt>
   <trkpt lat="31.3119050" lon="30.0656540">
    <ele>1.4</ele>
    <time>2024-09-05T19:54:54Z</time>
   </trkpt>
   <trkpt lat="31.3118990" lon="30.0656460">
    <ele>1.4</ele>
    <time>2024-09-05T19:54:55Z</time>
   </trkpt>
   <trkpt lat="31.3118930" lon="30.0656120">
    <ele>1.5</ele>
    <time>2024-09-05T19:54:56Z</time>
   </trkpt>
   <trkpt lat="31.3118910" lon="30.0656010">
    <ele>1.5</ele>
    <time>2024-09-05T19:54:57Z</time>
   </trkpt>
   <trkpt lat="31.3118780" lon="30.0655530">
    <ele>1.6</ele>
    <time>2024-09-05T19:54:58Z</time>
   </trkpt>
   <trkpt lat="31.3118720" lon="30.0655300">
    <ele>1.6</ele>
    <time>2024-09-05T19:54:59Z</time>
   </trkpt>
   <trkpt lat="31.3118510" lon="30.0654970">
    <ele>1.7</ele>
    <time>2024-09-05T19:55:00Z</time>
   </trkpt>
   <trkpt lat="31.3118440" lon="30.0654910">
    <ele>1.7</ele>
    <time>2024-09-05T19:55:01Z</time>
   </trkpt>
   <trkpt lat="31.3118220" lon="30.0654560">
    <ele>1.8</ele>
    <time>2024-09-05T19:55:02Z</time>
   </trkpt>
   <trkpt lat="31.3118150" lon="30.0654430">
    <ele>1.8</ele>
    <time>2024-09-05T19:55:03Z</time>
   </trkpt>
   <trkpt lat="31.3118030" lon="30.0654040">
    <ele>1.9</ele>
    <time>2024-09-05T19:55:04Z</time>
   </trkpt>
   <trkpt lat="31.3118020" lon="30.0653880">
    <ele>2.0</ele>
    <time>2024-09-05T19:55:05Z</time>
   </trkpt>
   <trkpt lat="31.3117840" lon="30.0653520">
    <ele>2.1</ele>
    <time>2024-09-05T19:55:06Z</time>
   </trkpt>
   <trkpt lat="31.3117800" lon="30.0653420">
    <ele>2.1</ele>
    <time>2024-09-05T19:55:07Z</time>
   </trkpt>
   <trkpt lat="31.3117660" lon="30.0653150">
    <ele>2.2</ele>
    <time>2024-09-05T19:55:08Z</time>
   </trkpt>
   <trkpt lat="31.3117560" lon="30.0652810">
    <ele>2.4</ele>
    <time>2024-09-05T19:55:09Z</time>
   </trkpt>
   <trkpt lat="31.3117510" lon="30.0652680">
    <ele>2.4</ele>
    <time>2024-09-05T19:55:10Z</time>
   </trkpt>
   <trkpt lat="31.3117370" lon="30.0652400">
    <ele>2.5</ele>
    <time>2024-09-05T19:55:11Z</time>
   </trkpt>
   <trkpt lat="31.3117220" lon="30.0652090">
    <ele>2.7</ele>
    <time>2024-09-05T19:55:12Z</time>
   </trkpt>
   <trkpt lat="31.3117190" lon="30.0652010">
    <ele>2.7</ele>
    <time>2024-09-05T19:55:13Z</time>
   </trkpt>
   <trkpt lat="31.3116930" lon="30.0651760">
    <ele>2.8</ele>
    <time>2024-09-05T19:55:15Z</time>
   </trkpt>
   <trkpt lat="31.3116690" lon="30.0651450">
    <ele>3.0</ele>
    <time>2024-09-05T19:55:16Z</time>
   </trkpt>
   <trkpt lat="31.3116410" lon="30.0651090">
    <ele>3.2</ele>
    <time>2024-09-05T19:55:17Z</time>
   </trkpt>
   <trkpt lat="31.3116290" lon="30.0650940">
    <ele>3.3</ele>
    <time>2024-09-05T19:55:18Z</time>
   </trkpt>
   <trkpt lat="31.3116160" lon="30.0650600">
    <ele>3.4</ele>
    <time>2024-09-05T19:55:19Z</time>
   </trkpt>
   <trkpt lat="31.3115950" lon="30.0650210">
    <ele>3.6</ele>
    <time>2024-09-05T19:55:20Z</time>
   </trkpt>
   <trkpt lat="31.3115900" lon="30.0650050">
    <ele>3.6</ele>
    <time>2024-09-05T19:55:21Z</time>
   </trkpt>
   <trkpt lat="31.3115770" lon="30.0649720">
    <ele>3.7</ele>
    <time>2024-09-05T19:55:22Z</time>
   </trkpt>
   <trkpt lat="31.3115550" lon="30.0649300">
    <ele>3.8</ele>
    <time>2024-09-05T19:55:23Z</time>
   </trkpt>
   <trkpt lat="31.3115460" lon="30.0649160">
    <ele>3.9</ele>
    <time>2024-09-05T19:55:24Z</time>
   </trkpt>
   <trkpt lat="31.3115350" lon="30.0648810">
    <ele>4.0</ele>
    <time>2024-09-05T19:55:25Z</time>
   </trkpt>
   <trkpt lat="31.3115340" lon="30.0648700">
    <ele>4.0</ele>
    <time>2024-09-05T19:55:26Z</time>
   </trkpt>
   <trkpt lat="31.3115230" lon="30.0648330">
    <ele>4.0</ele>
    <time>2024-09-05T19:55:27Z</time>
   </trkpt>
   <trkpt lat="31.3115160" lon="30.0648230">
    <ele>3.9</ele>
    <time>2024-09-05T19:55:28Z</time>
   </trkpt>
   <trkpt lat="31.3114960" lon="30.0647910">
    <ele>3.9</ele>
    <time>2024-09-05T19:55:29Z</time>
   </trkpt>
   <trkpt lat="31.3114920" lon="30.0647780">
    <ele>3.9</ele>
    <time>2024-09-05T19:55:30Z</time>
   </trkpt>
   <trkpt lat="31.3114740" lon="30.0647430">
    <ele>3.9</ele>
    <time>2024-09-05T19:55:31Z</time>
   </trkpt>
   <trkpt lat="31.3114690" lon="30.0647310">
    <ele>3.9</ele>
    <time>2024-09-05T19:55:32Z</time>
   </trkpt>
   <trkpt lat="31.3114470" lon="30.0646950">
    <ele>3.9</ele>
    <time>2024-09-05T19:55:33Z</time>
   </trkpt>
   <trkpt lat="31.3114390" lon="30.0646830">
    <ele>3.9</ele>
    <time>2024-09-05T19:55:34Z</time>
   </trkpt>
   <trkpt lat="31.3114160" lon="30.0646420">
    <ele>3.8</ele>
    <time>2024-09-05T19:55:35Z</time>
   </trkpt>
   <trkpt lat="31.3114100" lon="30.0646270">
    <ele>3.8</ele>
    <time>2024-09-05T19:55:36Z</time>
   </trkpt>
   <trkpt lat="31.3113910" lon="30.0646040">
    <ele>3.8</ele>
    <time>2024-09-05T19:55:37Z</time>
   </trkpt>
   <trkpt lat="31.3113760" lon="30.0645760">
    <ele>3.7</ele>
    <time>2024-09-05T19:55:38Z</time>
   </trkpt>
   <trkpt lat="31.3113590" lon="30.0645370">
    <ele>3.7</ele>
    <time>2024-09-05T19:55:39Z</time>
   </trkpt>
   <trkpt lat="31.3113550" lon="30.0645240">
    <ele>3.6</ele>
    <time>2024-09-05T19:55:40Z</time>
   </trkpt>
   <trkpt lat="31.3113330" lon="30.0644870">
    <ele>3.5</ele>
    <time>2024-09-05T19:55:41Z</time>
   </trkpt>
   <trkpt lat="31.3113240" lon="30.0644720">
    <ele>3.5</ele>
    <time>2024-09-05T19:55:42Z</time>
   </trkpt>
   <trkpt lat="31.3113100" lon="30.0644370">
    <ele>3.4</ele>
    <time>2024-09-05T19:55:43Z</time>
   </trkpt>
   <trkpt lat="31.3113040" lon="30.0644260">
    <ele>3.4</ele>
    <time>2024-09-05T19:55:44Z</time>
   </trkpt>
   <trkpt lat="31.3112840" lon="30.0643920">
    <ele>3.3</ele>
    <time>2024-09-05T19:55:45Z</time>
   </trkpt>
   <trkpt lat="31.3112780" lon="30.0643820">
    <ele>3.3</ele>
    <time>2024-09-05T19:55:46Z</time>
   </trkpt>
   <trkpt lat="31.3112590" lon="30.0643520">
    <ele>3.2</ele>
    <time>2024-09-05T19:55:47Z</time>
   </trkpt>
   <trkpt lat="31.3112520" lon="30.0643400">
    <ele>3.2</ele>
    <time>2024-09-05T19:55:48Z</time>
   </trkpt>
   <trkpt lat="31.3112310" lon="30.0643080">
    <ele>3.1</ele>
    <time>2024-09-05T19:55:49Z</time>
   </trkpt>
   <trkpt lat="31.3112220" lon="30.0642990">
    <ele>3.1</ele>
    <time>2024-09-05T19:55:50Z</time>
   </trkpt>
   <trkpt lat="31.3112010" lon="30.0642590">
    <ele>3.1</ele>
    <time>2024-09-05T19:55:51Z</time>
   </trkpt>
   <trkpt lat="31.3111940" lon="30.0642430">
    <ele>3.0</ele>
    <time>2024-09-05T19:55:52Z</time>
   </trkpt>
   <trkpt lat="31.3111710" lon="30.0642050">
    <ele>3.0</ele>
    <time>2024-09-05T19:55:53Z</time>
   </trkpt>
   <trkpt lat="31.3111630" lon="30.0641880">
    <ele>3.0</ele>
    <time>2024-09-05T19:55:54Z</time>
   </trkpt>
   <trkpt lat="31.3111490" lon="30.0641540">
    <ele>3.0</ele>
    <time>2024-09-05T19:55:55Z</time>
   </trkpt>
   <trkpt lat="31.3111460" lon="30.0641410">
    <ele>3.0</ele>
    <time>2024-09-05T19:55:56Z</time>
   </trkpt>
   <trkpt lat="31.3111250" lon="30.0640950">
    <ele>2.9</ele>
    <time>2024-09-05T19:55:57Z</time>
   </trkpt>
   <trkpt lat="31.3111180" lon="30.0640770">
    <ele>2.9</ele>
    <time>2024-09-05T19:55:58Z</time>
   </trkpt>
   <trkpt lat="31.3111090" lon="30.0640460">
    <ele>2.9</ele>
    <time>2024-09-05T19:55:59Z</time>
   </trkpt>
   <trkpt lat="31.3110950" lon="30.0640130">
    <ele>2.9</ele>
    <time>2024-09-05T19:56:00Z</time>
   </trkpt>
   <trkpt lat="31.3110820" lon="30.0639770">
    <ele>2.9</ele>
    <time>2024-09-05T19:56:01Z</time>
   </trkpt>
   <trkpt lat="31.3110770" lon="30.0639670">
    <ele>2.9</ele>
    <time>2024-09-05T19:56:02Z</time>
   </trkpt>
   <trkpt lat="31.3110680" lon="30.0639370">
    <ele>2.9</ele>
    <time>2024-09-05T19:56:03Z</time>
   </trkpt>
   <trkpt lat="31.3110450" lon="30.0638980">
    <ele>3.0</ele>
    <time>2024-09-05T19:56:04Z</time>
   </trkpt>
   <trkpt lat="31.3110350" lon="30.0638860">
    <ele>3.0</ele>
    <time>2024-09-05T19:56:05Z</time>
   </trkpt>
   <trkpt lat="31.3110220" lon="30.0638550">
    <ele>3.0</ele>
    <time>2024-09-05T19:56:06Z</time>
   </trkpt>
   <trkpt lat="31.3110030" lon="30.0638180">
    <ele>3.1</ele>
    <time>2024-09-05T19:56:07Z</time>
   </trkpt>
   <trkpt lat="31.3109970" lon="30.0638040">
    <ele>3.1</ele>
    <time>2024-09-05T19:56:08Z</time>
   </trkpt>
   <trkpt lat="31.3109870" lon="30.0637700">
    <ele>3.1</ele>
    <time>2024-09-05T19:56:09Z</time>
   </trkpt>
   <trkpt lat="31.3109640" lon="30.0637390">
    <ele>3.1</ele>
    <time>2024-09-05T19:56:10Z</time>
   </trkpt>
   <trkpt lat="31.3109560" lon="30.0637310">
    <ele>3.2</ele>
    <time>2024-09-05T19:56:11Z</time>
   </trkpt>
   <trkpt lat="31.3109430" lon="30.0637010">
    <ele>3.3</ele>
    <time>2024-09-05T19:56:12Z</time>
   </trkpt>
   <trkpt lat="31.3109280" lon="30.0636630">
    <ele>3.4</ele>
    <time>2024-09-05T19:56:13Z</time>
   </trkpt>
   <trkpt lat="31.3109220" lon="30.0636510">
    <ele>3.5</ele>
    <time>2024-09-05T19:56:14Z</time>
   </trkpt>
   <trkpt lat="31.3109080" lon="30.0636250">
    <ele>3.5</ele>
    <time>2024-09-05T19:56:15Z</time>
   </trkpt>
   <trkpt lat="31.3108910" lon="30.0635960">
    <ele>3.7</ele>
    <time>2024-09-05T19:56:16Z</time>
   </trkpt>
   <trkpt lat="31.3108870" lon="30.0635860">
    <ele>3.7</ele>
    <time>2024-09-05T19:56:17Z</time>
   </trkpt>
   <trkpt lat="31.3108710" lon="30.0635580">
    <ele>3.7</ele>
    <time>2024-09-05T19:56:18Z</time>
   </trkpt>
   <trkpt lat="31.3108450" lon="30.0635080">
    <ele>3.7</ele>
    <time>2024-09-05T19:56:19Z</time>
   </trkpt>
   <trkpt lat="31.3108320" lon="30.0634840">
    <ele>3.7</ele>
    <time>2024-09-05T19:56:20Z</time>
   </trkpt>
   <trkpt lat="31.3108170" lon="30.0634640">
    <ele>3.7</ele>
    <time>2024-09-05T19:56:21Z</time>
   </trkpt>
   <trkpt lat="31.3107950" lon="30.0634320">
    <ele>3.7</ele>
    <time>2024-09-05T19:56:22Z</time>
   </trkpt>
   <trkpt lat="31.3107880" lon="30.0634200">
    <ele>3.7</ele>
    <time>2024-09-05T19:56:23Z</time>
   </trkpt>
   <trkpt lat="31.3107730" lon="30.0633880">
    <ele>3.7</ele>
    <time>2024-09-05T19:56:24Z</time>
   </trkpt>
   <trkpt lat="31.3107660" lon="30.0633780">
    <ele>3.7</ele>
    <time>2024-09-05T19:56:25Z</time>
   </trkpt>
   <trkpt lat="31.3107520" lon="30.0633460">
    <ele>3.7</ele>
    <time>2024-09-05T19:56:26Z</time>
   </trkpt>
   <trkpt lat="31.3107350" lon="30.0633150">
    <ele>3.8</ele>
    <time>2024-09-05T19:56:27Z</time>
   </trkpt>
   <trkpt lat="31.3107300" lon="30.0633050">
    <ele>3.8</ele>
    <time>2024-09-05T19:56:28Z</time>
   </trkpt>
   <trkpt lat="31.3107100" lon="30.0632640">
    <ele>3.8</ele>
    <time>2024-09-05T19:56:29Z</time>
   </trkpt>
   <trkpt lat="31.3107040" lon="30.0632490">
    <ele>3.8</ele>
    <time>2024-09-05T19:56:30Z</time>
   </trkpt>
   <trkpt lat="31.3106910" lon="30.0632160">
    <ele>3.9</ele>
    <time>2024-09-05T19:56:31Z</time>
   </trkpt>
   <trkpt lat="31.3106850" lon="30.0632030">
    <ele>3.9</ele>
    <time>2024-09-05T19:56:32Z</time>
   </trkpt>
   <trkpt lat="31.3106690" lon="30.0631690">
    <ele>4.0</ele>
    <time>2024-09-05T19:56:33Z</time>
   </trkpt>
   <trkpt lat="31.3106610" lon="30.0631580">
    <ele>4.0</ele>
    <time>2024-09-05T19:56:34Z</time>
   </trkpt>
   <trkpt lat="31.3106380" lon="30.0631200">
    <ele>4.0</ele>
    <time>2024-09-05T19:56:35Z</time>
   </trkpt>
   <trkpt lat="31.3106300" lon="30.0631040">
    <ele>4.1</ele>
    <time>2024-09-05T19:56:36Z</time>
   </trkpt>
   <trkpt lat="31.3106140" lon="30.0630710">
    <ele>4.1</ele>
    <time>2024-09-05T19:56:37Z</time>
   </trkpt>
   <trkpt lat="31.3106110" lon="30.0630590">
    <ele>4.2</ele>
    <time>2024-09-05T19:56:38Z</time>
   </trkpt>
   <trkpt lat="31.3105910" lon="30.0630190">
    <ele>4.3</ele>
    <time>2024-09-05T19:56:39Z</time>
   </trkpt>
   <trkpt lat="31.3105850" lon="30.0630060">
    <ele>4.3</ele>
    <time>2024-09-05T19:56:40Z</time>
   </trkpt>
   <trkpt lat="31.3105650" lon="30.0629700">
    <ele>4.4</ele>
    <time>2024-09-05T19:56:41Z</time>
   </trkpt>
   <trkpt lat="31.3105610" lon="30.0629580">
    <ele>4.4</ele>
    <time>2024-09-05T19:56:42Z</time>
   </trkpt>
   <trkpt lat="31.3105450" lon="30.0629210">
    <ele>4.5</ele>
    <time>2024-09-05T19:56:43Z</time>
   </trkpt>
   <trkpt lat="31.3105370" lon="30.0629060">
    <ele>4.5</ele>
    <time>2024-09-05T19:56:44Z</time>
   </trkpt>
   <trkpt lat="31.3105120" lon="30.0628760">
    <ele>4.6</ele>
    <time>2024-09-05T19:56:45Z</time>
   </trkpt>
   <trkpt lat="31.3105040" lon="30.0628640">
    <ele>4.6</ele>
    <time>2024-09-05T19:56:46Z</time>
   </trkpt>
   <trkpt lat="31.3104910" lon="30.0628350">
    <ele>4.7</ele>
    <time>2024-09-05T19:56:47Z</time>
   </trkpt>
   <trkpt lat="31.3104760" lon="30.0628000">
    <ele>4.7</ele>
    <time>2024-09-05T19:56:48Z</time>
   </trkpt>
   <trkpt lat="31.3104680" lon="30.0627890">
    <ele>4.8</ele>
    <time>2024-09-05T19:56:49Z</time>
   </trkpt>
   <trkpt lat="31.3104430" lon="30.0627580">
    <ele>4.8</ele>
    <time>2024-09-05T19:56:50Z</time>
   </trkpt>
   <trkpt lat="31.3104370" lon="30.0627450">
    <ele>4.8</ele>
    <time>2024-09-05T19:56:51Z</time>
   </trkpt>
   <trkpt lat="31.3104230" lon="30.0627130">
    <ele>4.8</ele>
    <time>2024-09-05T19:56:52Z</time>
   </trkpt>
   <trkpt lat="31.3104140" lon="30.0626990">
    <ele>4.8</ele>
    <time>2024-09-05T19:56:53Z</time>
   </trkpt>
   <trkpt lat="31.3103930" lon="30.0626720">
    <ele>4.9</ele>
    <time>2024-09-05T19:56:54Z</time>
   </trkpt>
   <trkpt lat="31.3103870" lon="30.0626640">
    <ele>4.9</ele>
    <time>2024-09-05T19:56:55Z</time>
   </trkpt>
   <trkpt lat="31.3103730" lon="30.0626350">
    <ele>4.9</ele>
    <time>2024-09-05T19:56:56Z</time>
   </trkpt>
   <trkpt lat="31.3103550" lon="30.0626100">
    <ele>4.9</ele>
    <time>2024-09-05T19:56:57Z</time>
   </trkpt>
   <trkpt lat="31.3103300" lon="30.0625790">
    <ele>4.9</ele>
    <time>2024-09-05T19:56:58Z</time>
   </trkpt>
   <trkpt lat="31.3103180" lon="30.0625680">
    <ele>4.9</ele>
    <time>2024-09-05T19:56:59Z</time>
   </trkpt>
   <trkpt lat="31.3102920" lon="30.0625450">
    <ele>4.9</ele>
    <time>2024-09-05T19:57:00Z</time>
   </trkpt>
   <trkpt lat="31.3102830" lon="30.0625380">
    <ele>4.9</ele>
    <time>2024-09-05T19:57:01Z</time>
   </trkpt>
   <trkpt lat="31.3102570" lon="30.0625240">
    <ele>4.9</ele>
    <time>2024-09-05T19:57:02Z</time>
   </trkpt>
   <trkpt lat="31.3102230" lon="30.0625070">
    <ele>4.9</ele>
    <time>2024-09-05T19:57:03Z</time>
   </trkpt>
   <trkpt lat="31.3102110" lon="30.0624990">
    <ele>4.9</ele>
    <time>2024-09-05T19:57:04Z</time>
   </trkpt>
   <trkpt lat="31.3101790" lon="30.0624790">
    <ele>4.9</ele>
    <time>2024-09-05T19:57:05Z</time>
   </trkpt>
   <trkpt lat="31.3101680" lon="30.0624790">
    <ele>4.9</ele>
    <time>2024-09-05T19:57:06Z</time>
   </trkpt>
   <trkpt lat="31.3101420" lon="30.0624580">
    <ele>4.9</ele>
    <time>2024-09-05T19:57:07Z</time>
   </trkpt>
   <trkpt lat="31.3101120" lon="30.0624380">
    <ele>4.9</ele>
    <time>2024-09-05T19:57:08Z</time>
   </trkpt>
   <trkpt lat="31.3101030" lon="30.0624320">
    <ele>4.9</ele>
    <time>2024-09-05T19:57:09Z</time>
   </trkpt>
   <trkpt lat="31.3100750" lon="30.0624250">
    <ele>4.9</ele>
    <time>2024-09-05T19:57:10Z</time>
   </trkpt>
   <trkpt lat="31.3100430" lon="30.0624100">
    <ele>4.8</ele>
    <time>2024-09-05T19:57:11Z</time>
   </trkpt>
   <trkpt lat="31.3100330" lon="30.0624050">
    <ele>4.8</ele>
    <time>2024-09-05T19:57:12Z</time>
   </trkpt>
   <trkpt lat="31.3099990" lon="30.0623860">
    <ele>4.8</ele>
    <time>2024-09-05T19:57:13Z</time>
   </trkpt>
   <trkpt lat="31.3099880" lon="30.0623820">
    <ele>4.8</ele>
    <time>2024-09-05T19:57:14Z</time>
   </trkpt>
   <trkpt lat="31.3099510" lon="30.0623700">
    <ele>4.8</ele>
    <time>2024-09-05T19:57:15Z</time>
   </trkpt>
   <trkpt lat="31.3099370" lon="30.0623690">
    <ele>4.8</ele>
    <time>2024-09-05T19:57:16Z</time>
   </trkpt>
   <trkpt lat="31.3099040" lon="30.0623670">
    <ele>4.7</ele>
    <time>2024-09-05T19:57:17Z</time>
   </trkpt>
   <trkpt lat="31.3098930" lon="30.0623670">
    <ele>4.7</ele>
    <time>2024-09-05T19:57:18Z</time>
   </trkpt>
   <trkpt lat="31.3098660" lon="30.0623660">
    <ele>4.7</ele>
    <time>2024-09-05T19:57:19Z</time>
   </trkpt>
   <trkpt lat="31.3098310" lon="30.0623680">
    <ele>4.7</ele>
    <time>2024-09-05T19:57:20Z</time>
   </trkpt>
   <trkpt lat="31.3098180" lon="30.0623690">
    <ele>4.7</ele>
    <time>2024-09-05T19:57:21Z</time>
   </trkpt>
   <trkpt lat="31.3097820" lon="30.0623710">
    <ele>4.7</ele>
    <time>2024-09-05T19:57:22Z</time>
   </trkpt>
   <trkpt lat="31.3097480" lon="30.0623830">
    <ele>4.7</ele>
    <time>2024-09-05T19:57:23Z</time>
   </trkpt>
   <trkpt lat="31.3097340" lon="30.0623850">
    <ele>4.7</ele>
    <time>2024-09-05T19:57:24Z</time>
   </trkpt>
   <trkpt lat="31.3097040" lon="30.0623830">
    <ele>4.7</ele>
    <time>2024-09-05T19:57:25Z</time>
   </trkpt>
   <trkpt lat="31.3096660" lon="30.0623900">
    <ele>4.6</ele>
    <time>2024-09-05T19:57:27Z</time>
   </trkpt>
   <trkpt lat="31.3096510" lon="30.0623960">
    <ele>4.6</ele>
    <time>2024-09-05T19:57:28Z</time>
   </trkpt>
   <trkpt lat="31.3096140" lon="30.0624080">
    <ele>4.5</ele>
    <time>2024-09-05T19:57:29Z</time>
   </trkpt>
   <trkpt lat="31.3096020" lon="30.0624120">
    <ele>4.5</ele>
    <time>2024-09-05T19:57:30Z</time>
   </trkpt>
   <trkpt lat="31.3095650" lon="30.0624140">
    <ele>4.3</ele>
    <time>2024-09-05T19:57:31Z</time>
   </trkpt>
   <trkpt lat="31.3095530" lon="30.0624200">
    <ele>4.3</ele>
    <time>2024-09-05T19:57:32Z</time>
   </trkpt>
   <trkpt lat="31.3095190" lon="30.0624260">
    <ele>4.2</ele>
    <time>2024-09-05T19:57:33Z</time>
   </trkpt>
   <trkpt lat="31.3095060" lon="30.0624270">
    <ele>4.2</ele>
    <time>2024-09-05T19:57:34Z</time>
   </trkpt>
   <trkpt lat="31.3094730" lon="30.0624460">
    <ele>4.3</ele>
    <time>2024-09-05T19:57:35Z</time>
   </trkpt>
   <trkpt lat="31.3094640" lon="30.0624530">
    <ele>4.4</ele>
    <time>2024-09-05T19:57:36Z</time>
   </trkpt>
   <trkpt lat="31.3094290" lon="30.0624670">
    <ele>4.5</ele>
    <time>2024-09-05T19:57:37Z</time>
   </trkpt>
   <trkpt lat="31.3094160" lon="30.0624730">
    <ele>4.5</ele>
    <time>2024-09-05T19:57:38Z</time>
   </trkpt>
   <trkpt lat="31.3093890" lon="30.0624870">
    <ele>4.6</ele>
    <time>2024-09-05T19:57:39Z</time>
   </trkpt>
   <trkpt lat="31.3093780" lon="30.0624920">
    <ele>4.6</ele>
    <time>2024-09-05T19:57:40Z</time>
   </trkpt>
   <trkpt lat="31.3093470" lon="30.0625050">
    <ele>4.6</ele>
    <time>2024-09-05T19:57:41Z</time>
   </trkpt>
   <trkpt lat="31.3093410" lon="30.0625090">
    <ele>4.6</ele>
    <time>2024-09-05T19:57:42Z</time>
   </trkpt>
   <trkpt lat="31.3093110" lon="30.0625260">
    <ele>4.5</ele>
    <time>2024-09-05T19:57:43Z</time>
   </trkpt>
   <trkpt lat="31.3093020" lon="30.0625320">
    <ele>4.5</ele>
    <time>2024-09-05T19:57:44Z</time>
   </trkpt>
   <trkpt lat="31.3092690" lon="30.0625540">
    <ele>4.4</ele>
    <time>2024-09-05T19:57:45Z</time>
   </trkpt>
   <trkpt lat="31.3092570" lon="30.0625620">
    <ele>4.4</ele>
    <time>2024-09-05T19:57:46Z</time>
   </trkpt>
   <trkpt lat="31.3092290" lon="30.0625830">
    <ele>4.3</ele>
    <time>2024-09-05T19:57:47Z</time>
   </trkpt>
   <trkpt lat="31.3092210" lon="30.0625900">
    <ele>4.3</ele>
    <time>2024-09-05T19:57:48Z</time>
   </trkpt>
   <trkpt lat="31.3091840" lon="30.0626030">
    <ele>4.2</ele>
    <time>2024-09-05T19:57:49Z</time>
   </trkpt>
   <trkpt lat="31.3091720" lon="30.0626080">
    <ele>4.2</ele>
    <time>2024-09-05T19:57:50Z</time>
   </trkpt>
   <trkpt lat="31.3091440" lon="30.0626240">
    <ele>4.1</ele>
    <time>2024-09-05T19:57:51Z</time>
   </trkpt>
   <trkpt lat="31.3091310" lon="30.0626280">
    <ele>4.1</ele>
    <time>2024-09-05T19:57:52Z</time>
   </trkpt>
   <trkpt lat="31.3090990" lon="30.0626460">
    <ele>4.1</ele>
    <time>2024-09-05T19:57:53Z</time>
   </trkpt>
   <trkpt lat="31.3090910" lon="30.0626520">
    <ele>4.0</ele>
    <time>2024-09-05T19:57:54Z</time>
   </trkpt>
   <trkpt lat="31.3090540" lon="30.0626690">
    <ele>4.0</ele>
    <time>2024-09-05T19:57:55Z</time>
   </trkpt>
   <trkpt lat="31.3090410" lon="30.0626760">
    <ele>3.9</ele>
    <time>2024-09-05T19:57:56Z</time>
   </trkpt>
   <trkpt lat="31.3090150" lon="30.0626970">
    <ele>3.9</ele>
    <time>2024-09-05T19:57:57Z</time>
   </trkpt>
   <trkpt lat="31.3090050" lon="30.0627020">
    <ele>3.9</ele>
    <time>2024-09-05T19:57:58Z</time>
   </trkpt>
   <trkpt lat="31.3089750" lon="30.0627210">
    <ele>3.8</ele>
    <time>2024-09-05T19:57:59Z</time>
   </trkpt>
   <trkpt lat="31.3089670" lon="30.0627260">
    <ele>3.8</ele>
    <time>2024-09-05T19:58:00Z</time>
   </trkpt>
   <trkpt lat="31.3089320" lon="30.0627500">
    <ele>3.7</ele>
    <time>2024-09-05T19:58:01Z</time>
   </trkpt>
   <trkpt lat="31.3089180" lon="30.0627580">
    <ele>3.7</ele>
    <time>2024-09-05T19:58:02Z</time>
   </trkpt>
   <trkpt lat="31.3088910" lon="30.0627820">
    <ele>3.7</ele>
    <time>2024-09-05T19:58:03Z</time>
   </trkpt>
   <trkpt lat="31.3088810" lon="30.0627870">
    <ele>3.7</ele>
    <time>2024-09-05T19:58:04Z</time>
   </trkpt>
   <trkpt lat="31.3088560" lon="30.0627980">
    <ele>3.6</ele>
    <time>2024-09-05T19:58:05Z</time>
   </trkpt>
   <trkpt lat="31.3088310" lon="30.0628220">
    <ele>3.6</ele>
    <time>2024-09-05T19:58:06Z</time>
   </trkpt>
   <trkpt lat="31.3088230" lon="30.0628280">
    <ele>3.6</ele>
    <time>2024-09-05T19:58:07Z</time>
   </trkpt>
   <trkpt lat="31.3088020" lon="30.0628480">
    <ele>3.6</ele>
    <time>2024-09-05T19:58:08Z</time>
   </trkpt>
   <trkpt lat="31.3087720" lon="30.0628670">
    <ele>3.6</ele>
    <time>2024-09-05T19:58:09Z</time>
   </trkpt>
   <trkpt lat="31.3087610" lon="30.0628730">
    <ele>3.6</ele>
    <time>2024-09-05T19:58:10Z</time>
   </trkpt>
   <trkpt lat="31.3087340" lon="30.0628890">
    <ele>3.6</ele>
    <time>2024-09-05T19:58:11Z</time>
   </trkpt>
   <trkpt lat="31.3087080" lon="30.0629120">
    <ele>3.6</ele>
    <time>2024-09-05T19:58:12Z</time>
   </trkpt>
   <trkpt lat="31.3086980" lon="30.0629180">
    <ele>3.6</ele>
    <time>2024-09-05T19:58:13Z</time>
   </trkpt>
   <trkpt lat="31.3086730" lon="30.0629370">
    <ele>3.6</ele>
    <time>2024-09-05T19:58:14Z</time>
   </trkpt>
   <trkpt lat="31.3086490" lon="30.0629590">
    <ele>3.6</ele>
    <time>2024-09-05T19:58:15Z</time>
   </trkpt>
   <trkpt lat="31.3086420" lon="30.0629650">
    <ele>3.6</ele>
    <time>2024-09-05T19:58:16Z</time>
   </trkpt>
   <trkpt lat="31.3086130" lon="30.0629890">
    <ele>3.6</ele>
    <time>2024-09-05T19:58:17Z</time>
   </trkpt>
   <trkpt lat="31.3086060" lon="30.0629970">
    <ele>3.7</ele>
    <time>2024-09-05T19:58:18Z</time>
   </trkpt>
   <trkpt lat="31.3085770" lon="30.0630190">
    <ele>3.7</ele>
    <time>2024-09-05T19:58:19Z</time>
   </trkpt>
   <trkpt lat="31.3085640" lon="30.0630300">
    <ele>3.6</ele>
    <time>2024-09-05T19:58:20Z</time>
   </trkpt>
   <trkpt lat="31.3085340" lon="30.0630540">
    <ele>3.3</ele>
    <time>2024-09-05T19:58:21Z</time>
   </trkpt>
   <trkpt lat="31.3085260" lon="30.0630600">
    <ele>3.3</ele>
    <time>2024-09-05T19:58:22Z</time>
   </trkpt>
   <trkpt lat="31.3085050" lon="30.0630810">
    <ele>3.0</ele>
    <time>2024-09-05T19:58:23Z</time>
   </trkpt>
   <trkpt lat="31.3084770" lon="30.0631000">
    <ele>2.8</ele>
    <time>2024-09-05T19:58:24Z</time>
   </trkpt>
   <trkpt lat="31.3084690" lon="30.0631060">
    <ele>2.7</ele>
    <time>2024-09-05T19:58:25Z</time>
   </trkpt>
   <trkpt lat="31.3084280" lon="30.0631420">
    <ele>2.3</ele>
    <time>2024-09-05T19:58:26Z</time>
   </trkpt>
   <trkpt lat="31.3084140" lon="30.0631620">
    <ele>2.2</ele>
    <time>2024-09-05T19:58:27Z</time>
   </trkpt>
   <trkpt lat="31.3083970" lon="30.0631860">
    <ele>2.0</ele>
    <time>2024-09-05T19:58:28Z</time>
   </trkpt>
   <trkpt lat="31.3083700" lon="30.0632070">
    <ele>1.9</ele>
    <time>2024-09-05T19:58:29Z</time>
   </trkpt>
   <trkpt lat="31.3083610" lon="30.0632120">
    <ele>1.9</ele>
    <time>2024-09-05T19:58:30Z</time>
   </trkpt>
   <trkpt lat="31.3083350" lon="30.0632290">
    <ele>1.9</ele>
    <time>2024-09-05T19:58:31Z</time>
   </trkpt>
   <trkpt lat="31.3083050" lon="30.0632500">
    <ele>1.9</ele>
    <time>2024-09-05T19:58:32Z</time>
   </trkpt>
   <trkpt lat="31.3082940" lon="30.0632560">
    <ele>1.9</ele>
    <time>2024-09-05T19:58:33Z</time>
   </trkpt>
   <trkpt lat="31.3082660" lon="30.0632660">
    <ele>2.0</ele>
    <time>2024-09-05T19:58:34Z</time>
   </trkpt>
   <trkpt lat="31.3082330" lon="30.0632820">
    <ele>2.0</ele>
    <time>2024-09-05T19:58:35Z</time>
   </trkpt>
   <trkpt lat="31.3082210" lon="30.0632890">
    <ele>2.0</ele>
    <time>2024-09-05T19:58:36Z</time>
   </trkpt>
   <trkpt lat="31.3081890" lon="30.0633030">
    <ele>2.1</ele>
    <time>2024-09-05T19:58:37Z</time>
   </trkpt>
   <trkpt lat="31.3081790" lon="30.0633060">
    <ele>2.1</ele>
    <time>2024-09-05T19:58:38Z</time>
   </trkpt>
   <trkpt lat="31.3081580" lon="30.0633280">
    <ele>2.1</ele>
    <time>2024-09-05T19:58:39Z</time>
   </trkpt>
   <trkpt lat="31.3081350" lon="30.0633430">
    <ele>2.2</ele>
    <time>2024-09-05T19:58:40Z</time>
   </trkpt>
   <trkpt lat="31.3081020" lon="30.0633580">
    <ele>2.2</ele>
    <time>2024-09-05T19:58:41Z</time>
   </trkpt>
   <trkpt lat="31.3080890" lon="30.0633660">
    <ele>2.3</ele>
    <time>2024-09-05T19:58:42Z</time>
   </trkpt>
   <trkpt lat="31.3080600" lon="30.0633900">
    <ele>2.3</ele>
    <time>2024-09-05T19:58:43Z</time>
   </trkpt>
   <trkpt lat="31.3080490" lon="30.0633980">
    <ele>2.4</ele>
    <time>2024-09-05T19:58:44Z</time>
   </trkpt>
   <trkpt lat="31.3080220" lon="30.0634140">
    <ele>2.4</ele>
    <time>2024-09-05T19:58:45Z</time>
   </trkpt>
   <trkpt lat="31.3079950" lon="30.0634310">
    <ele>2.5</ele>
    <time>2024-09-05T19:58:46Z</time>
   </trkpt>
   <trkpt lat="31.3079880" lon="30.0634380">
    <ele>2.5</ele>
    <time>2024-09-05T19:58:47Z</time>
   </trkpt>
   <trkpt lat="31.3079560" lon="30.0634560">
    <ele>2.6</ele>
    <time>2024-09-05T19:58:48Z</time>
   </trkpt>
   <trkpt lat="31.3079450" lon="30.0634620">
    <ele>2.6</ele>
    <time>2024-09-05T19:58:49Z</time>
   </trkpt>
   <trkpt lat="31.3079140" lon="30.0634780">
    <ele>2.7</ele>
    <time>2024-09-05T19:58:50Z</time>
   </trkpt>
   <trkpt lat="31.3079040" lon="30.0634830">
    <ele>2.7</ele>
    <time>2024-09-05T19:58:51Z</time>
   </trkpt>
   <trkpt lat="31.3078760" lon="30.0635040">
    <ele>2.8</ele>
    <time>2024-09-05T19:58:52Z</time>
   </trkpt>
   <trkpt lat="31.3078690" lon="30.0635110">
    <ele>2.8</ele>
    <time>2024-09-05T19:58:53Z</time>
   </trkpt>
   <trkpt lat="31.3078440" lon="30.0635270">
    <ele>2.9</ele>
    <time>2024-09-05T19:58:54Z</time>
   </trkpt>
   <trkpt lat="31.3078240" lon="30.0635560">
    <ele>3.0</ele>
    <time>2024-09-05T19:58:55Z</time>
   </trkpt>
   <trkpt lat="31.3078190" lon="30.0635660">
    <ele>3.0</ele>
    <time>2024-09-05T19:58:56Z</time>
   </trkpt>
   <trkpt lat="31.3077840" lon="30.0635870">
    <ele>3.1</ele>
    <time>2024-09-05T19:58:57Z</time>
   </trkpt>
   <trkpt lat="31.3077720" lon="30.0635960">
    <ele>3.1</ele>
    <time>2024-09-05T19:58:58Z</time>
   </trkpt>
   <trkpt lat="31.3077500" lon="30.0636230">
    <ele>3.2</ele>
    <time>2024-09-05T19:58:59Z</time>
   </trkpt>
   <trkpt lat="31.3077420" lon="30.0636330">
    <ele>3.2</ele>
    <time>2024-09-05T19:59:00Z</time>
   </trkpt>
   <trkpt lat="31.3077170" lon="30.0636630">
    <ele>3.3</ele>
    <time>2024-09-05T19:59:01Z</time>
   </trkpt>
   <trkpt lat="31.3077080" lon="30.0636720">
    <ele>3.3</ele>
    <time>2024-09-05T19:59:02Z</time>
   </trkpt>
   <trkpt lat="31.3076860" lon="30.0637000">
    <ele>3.4</ele>
    <time>2024-09-05T19:59:03Z</time>
   </trkpt>
   <trkpt lat="31.3076760" lon="30.0637100">
    <ele>3.4</ele>
    <time>2024-09-05T19:59:04Z</time>
   </trkpt>
   <trkpt lat="31.3076600" lon="30.0637430">
    <ele>3.4</ele>
    <time>2024-09-05T19:59:05Z</time>
   </trkpt>
   <trkpt lat="31.3076390" lon="30.0637670">
    <ele>3.4</ele>
    <time>2024-09-05T19:59:06Z</time>
   </trkpt>
   <trkpt lat="31.3076280" lon="30.0637740">
    <ele>3.4</ele>
    <time>2024-09-05T19:59:07Z</time>
   </trkpt>
   <trkpt lat="31.3076050" lon="30.0638040">
    <ele>3.4</ele>
    <time>2024-09-05T19:59:08Z</time>
   </trkpt>
   <trkpt lat="31.3076000" lon="30.0638150">
    <ele>3.4</ele>
    <time>2024-09-05T19:59:09Z</time>
   </trkpt>
   <trkpt lat="31.3075680" lon="30.0638380">
    <ele>3.4</ele>
    <time>2024-09-05T19:59:10Z</time>
   </trkpt>
   <trkpt lat="31.3075590" lon="30.0638470">
    <ele>3.4</ele>
    <time>2024-09-05T19:59:11Z</time>
   </trkpt>
   <trkpt lat="31.3075340" lon="30.0638780">
    <ele>3.4</ele>
    <time>2024-09-05T19:59:12Z</time>
   </trkpt>
   <trkpt lat="31.3075240" lon="30.0638890">
    <ele>3.4</ele>
    <time>2024-09-05T19:59:13Z</time>
   </trkpt>
   <trkpt lat="31.3075100" lon="30.0639060">
    <ele>3.5</ele>
    <time>2024-09-05T19:59:14Z</time>
   </trkpt>
   <trkpt lat="31.3074970" lon="30.0639160">
    <ele>3.5</ele>
    <time>2024-09-05T19:59:15Z</time>
   </trkpt>
   <trkpt lat="31.3074750" lon="30.0639400">
    <ele>3.5</ele>
    <time>2024-09-05T19:59:16Z</time>
   </trkpt>
   <trkpt lat="31.3074690" lon="30.0639500">
    <ele>3.5</ele>
    <time>2024-09-05T19:59:17Z</time>
   </trkpt>
   <trkpt lat="31.3074420" lon="30.0639720">
    <ele>3.5</ele>
    <time>2024-09-05T19:59:18Z</time>
   </trkpt>
   <trkpt lat="31.3074330" lon="30.0639780">
    <ele>3.5</ele>
    <time>2024-09-05T19:59:19Z</time>
   </trkpt>
   <trkpt lat="31.3074120" lon="30.0640090">
    <ele>3.5</ele>
    <time>2024-09-05T19:59:20Z</time>
   </trkpt>
   <trkpt lat="31.3074030" lon="30.0640160">
    <ele>3.5</ele>
    <time>2024-09-05T19:59:21Z</time>
   </trkpt>
   <trkpt lat="31.3073850" lon="30.0640490">
    <ele>3.6</ele>
    <time>2024-09-05T19:59:22Z</time>
   </trkpt>
   <trkpt lat="31.3073790" lon="30.0640610">
    <ele>3.6</ele>
    <time>2024-09-05T19:59:23Z</time>
   </trkpt>
   <trkpt lat="31.3073600" lon="30.0640960">
    <ele>3.7</ele>
    <time>2024-09-05T19:59:24Z</time>
   </trkpt>
   <trkpt lat="31.3073550" lon="30.0641100">
    <ele>3.7</ele>
    <time>2024-09-05T19:59:25Z</time>
   </trkpt>
   <trkpt lat="31.3073390" lon="30.0641450">
    <ele>3.7</ele>
    <time>2024-09-05T19:59:26Z</time>
   </trkpt>
   <trkpt lat="31.3073330" lon="30.0641560">
    <ele>3.7</ele>
    <time>2024-09-05T19:59:27Z</time>
   </trkpt>
   <trkpt lat="31.3073210" lon="30.0641960">
    <ele>3.8</ele>
    <time>2024-09-05T19:59:28Z</time>
   </trkpt>
   <trkpt lat="31.3073160" lon="30.0642100">
    <ele>3.8</ele>
    <time>2024-09-05T19:59:29Z</time>
   </trkpt>
   <trkpt lat="31.3073050" lon="30.0642500">
    <ele>3.9</ele>
    <time>2024-09-05T19:59:30Z</time>
   </trkpt>
   <trkpt lat="31.3073040" lon="30.0642640">
    <ele>3.9</ele>
    <time>2024-09-05T19:59:31Z</time>
   </trkpt>
   <trkpt lat="31.3072970" lon="30.0643020">
    <ele>4.0</ele>
    <time>2024-09-05T19:59:32Z</time>
   </trkpt>
   <trkpt lat="31.3072960" lon="30.0643140">
    <ele>4.0</ele>
    <time>2024-09-05T19:59:33Z</time>
   </trkpt>
   <trkpt lat="31.3072940" lon="30.0643550">
    <ele>4.1</ele>
    <time>2024-09-05T19:59:34Z</time>
   </trkpt>
   <trkpt lat="31.3072940" lon="30.0643670">
    <ele>4.1</ele>
    <time>2024-09-05T19:59:35Z</time>
   </trkpt>
   <trkpt lat="31.3072970" lon="30.0644050">
    <ele>4.1</ele>
    <time>2024-09-05T19:59:36Z</time>
   </trkpt>
   <trkpt lat="31.3072990" lon="30.0644170">
    <ele>4.1</ele>
    <time>2024-09-05T19:59:37Z</time>
   </trkpt>
   <trkpt lat="31.3073000" lon="30.0644560">
    <ele>4.1</ele>
    <time>2024-09-05T19:59:38Z</time>
   </trkpt>
   <trkpt lat="31.3072990" lon="30.0644680">
    <ele>4.1</ele>
    <time>2024-09-05T19:59:39Z</time>
   </trkpt>
   <trkpt lat="31.3073080" lon="30.0645050">
    <ele>4.1</ele>
    <time>2024-09-05T19:59:40Z</time>
   </trkpt>
   <trkpt lat="31.3073100" lon="30.0645170">
    <ele>4.1</ele>
    <time>2024-09-05T19:59:41Z</time>
   </trkpt>
   <trkpt lat="31.3073200" lon="30.0645520">
    <ele>4.1</ele>
    <time>2024-09-05T19:59:42Z</time>
   </trkpt>
   <trkpt lat="31.3073230" lon="30.0645650">
    <ele>4.1</ele>
    <time>2024-09-05T19:59:43Z</time>
   </trkpt>
   <trkpt lat="31.3073350" lon="30.0646040">
    <ele>4.1</ele>
    <time>2024-09-05T19:59:44Z</time>
   </trkpt>
   <trkpt lat="31.3073400" lon="30.0646150">
    <ele>4.2</ele>
    <time>2024-09-05T19:59:45Z</time>
   </trkpt>
   <trkpt lat="31.3073510" lon="30.0646520">
    <ele>4.2</ele>
    <time>2024-09-05T19:59:46Z</time>
   </trkpt>
   <trkpt lat="31.3073540" lon="30.0646630">
    <ele>4.2</ele>
    <time>2024-09-05T19:59:47Z</time>
   </trkpt>
   <trkpt lat="31.3073680" lon="30.0647010">
    <ele>4.3</ele>
    <time>2024-09-05T19:59:49Z</time>
   </trkpt>
   <trkpt lat="31.3073730" lon="30.0647140">
    <ele>4.3</ele>
    <time>2024-09-05T19:59:50Z</time>
   </trkpt>
   <trkpt lat="31.3073890" lon="30.0647480">
    <ele>4.4</ele>
    <time>2024-09-05T19:59:51Z</time>
   </trkpt>
   <trkpt lat="31.3073940" lon="30.0647580">
    <ele>4.4</ele>
    <time>2024-09-05T19:59:52Z</time>
   </trkpt>
   <trkpt lat="31.3074160" lon="30.0647930">
    <ele>4.5</ele>
    <time>2024-09-05T19:59:53Z</time>
   </trkpt>
   <trkpt lat="31.3074250" lon="30.0648040">
    <ele>4.5</ele>
    <time>2024-09-05T19:59:54Z</time>
   </trkpt>
   <trkpt lat="31.3074420" lon="30.0648420">
    <ele>4.6</ele>
    <time>2024-09-05T19:59:55Z</time>
   </trkpt>
   <trkpt lat="31.3074490" lon="30.0648560">
    <ele>4.6</ele>
    <time>2024-09-05T19:59:56Z</time>
   </trkpt>
   <trkpt lat="31.3074700" lon="30.0648910">
    <ele>4.7</ele>
    <time>2024-09-05T19:59:57Z</time>
   </trkpt>
   <trkpt lat="31.3074760" lon="30.0649030">
    <ele>4.7</ele>
    <time>2024-09-05T19:59:58Z</time>
   </trkpt>
   <trkpt lat="31.3074970" lon="30.0649360">
    <ele>4.8</ele>
    <time>2024-09-05T19:59:59Z</time>
   </trkpt>
   <trkpt lat="31.3075020" lon="30.0649480">
    <ele>4.8</ele>
    <time>2024-09-05T20:00:00Z</time>
   </trkpt>
   <trkpt lat="31.3075190" lon="30.0649810">
    <ele>4.9</ele>
    <time>2024-09-05T20:00:01Z</time>
   </trkpt>
   <trkpt lat="31.3075260" lon="30.0649910">
    <ele>4.9</ele>
    <time>2024-09-05T20:00:02Z</time>
   </trkpt>
   <trkpt lat="31.3075400" lon="30.0650290">
    <ele>4.9</ele>
    <time>2024-09-05T20:00:03Z</time>
   </trkpt>
   <trkpt lat="31.3075440" lon="30.0650390">
    <ele>4.9</ele>
    <time>2024-09-05T20:00:04Z</time>
   </trkpt>
   <trkpt lat="31.3075630" lon="30.0650740">
    <ele>4.9</ele>
    <time>2024-09-05T20:00:05Z</time>
   </trkpt>
   <trkpt lat="31.3075680" lon="30.0650870">
    <ele>4.9</ele>
    <time>2024-09-05T20:00:06Z</time>
   </trkpt>
   <trkpt lat="31.3075870" lon="30.0651190">
    <ele>4.9</ele>
    <time>2024-09-05T20:00:07Z</time>
   </trkpt>
   <trkpt lat="31.3075930" lon="30.0651300">
    <ele>4.9</ele>
    <time>2024-09-05T20:00:08Z</time>
   </trkpt>
   <trkpt lat="31.3076170" lon="30.0651620">
    <ele>4.9</ele>
    <time>2024-09-05T20:00:09Z</time>
   </trkpt>
   <trkpt lat="31.3076240" lon="30.0651720">
    <ele>4.9</ele>
    <time>2024-09-05T20:00:10Z</time>
   </trkpt>
   <trkpt lat="31.3076520" lon="30.0651960">
    <ele>5.0</ele>
    <time>2024-09-05T20:00:11Z</time>
   </trkpt>
   <trkpt lat="31.3076640" lon="30.0652010">
    <ele>5.0</ele>
    <time>2024-09-05T20:00:12Z</time>
   </trkpt>
   <trkpt lat="31.3076960" lon="30.0652080">
    <ele>5.0</ele>
    <time>2024-09-05T20:00:13Z</time>
   </trkpt>
   <trkpt lat="31.3077060" lon="30.0652090">
    <ele>5.0</ele>
    <time>2024-09-05T20:00:14Z</time>
   </trkpt>
   <trkpt lat="31.3077360" lon="30.0652160">
    <ele>5.0</ele>
    <time>2024-09-05T20:00:15Z</time>
   </trkpt>
   <trkpt lat="31.3077460" lon="30.0652160">
    <ele>5.0</ele>
    <time>2024-09-05T20:00:16Z</time>
   </trkpt>
   <trkpt lat="31.3077630" lon="30.0652160">
    <ele>5.0</ele>
    <time>2024-09-05T20:00:17Z</time>
   </trkpt>
   <trkpt lat="31.3077820" lon="30.0652150">
    <ele>5.0</ele>
    <time>2024-09-05T20:00:18Z</time>
   </trkpt>
   <trkpt lat="31.3078120" lon="30.0652140">
    <ele>5.0</ele>
    <time>2024-09-05T20:00:19Z</time>
   </trkpt>
   <trkpt lat="31.3078220" lon="30.0652110">
    <ele>4.9</ele>
    <time>2024-09-05T20:00:20Z</time>
   </trkpt>
   <trkpt lat="31.3078430" lon="30.0651850">
    <ele>4.9</ele>
    <time>2024-09-05T20:00:21Z</time>
   </trkpt>
   <trkpt lat="31.3078500" lon="30.0651780">
    <ele>4.9</ele>
    <time>2024-09-05T20:00:22Z</time>
   </trkpt>
   <trkpt lat="31.3078840" lon="30.0651650">
    <ele>4.9</ele>
    <time>2024-09-05T20:00:23Z</time>
   </trkpt>
   <trkpt lat="31.3078960" lon="30.0651610">
    <ele>4.9</ele>
    <time>2024-09-05T20:00:24Z</time>
   </trkpt>
   <trkpt lat="31.3079300" lon="30.0651470">
    <ele>4.9</ele>
    <time>2024-09-05T20:00:25Z</time>
   </trkpt>
   <trkpt lat="31.3079410" lon="30.0651460">
    <ele>4.9</ele>
    <time>2024-09-05T20:00:26Z</time>
   </trkpt>
   <trkpt lat="31.3079670" lon="30.0651660">
    <ele>4.8</ele>
    <time>2024-09-05T20:00:27Z</time>
   </trkpt>
   <trkpt lat="31.3079890" lon="30.0651940">
    <ele>4.8</ele>
    <time>2024-09-05T20:00:28Z</time>
   </trkpt>
   <trkpt lat="31.3080120" lon="30.0652310">
    <ele>4.8</ele>
    <time>2024-09-05T20:00:29Z</time>
   </trkpt>
   <trkpt lat="31.3080200" lon="30.0652430">
    <ele>4.8</ele>
    <time>2024-09-05T20:00:30Z</time>
   </trkpt>
   <trkpt lat="31.3080370" lon="30.0652680">
    <ele>4.7</ele>
    <time>2024-09-05T20:00:31Z</time>
   </trkpt>
   <trkpt lat="31.3080590" lon="30.0653160">
    <ele>4.7</ele>
    <time>2024-09-05T20:00:32Z</time>
   </trkpt>
   <trkpt lat="31.3080850" lon="30.0653520">
    <ele>4.7</ele>
    <time>2024-09-05T20:00:33Z</time>
   </trkpt>
   <trkpt lat="31.3080980" lon="30.0653610">
    <ele>4.7</ele>
    <time>2024-09-05T20:00:34Z</time>
   </trkpt>
   <trkpt lat="31.3081160" lon="30.0653990">
    <ele>4.6</ele>
    <time>2024-09-05T20:00:35Z</time>
   </trkpt>
   <trkpt lat="31.3081210" lon="30.0654120">
    <ele>4.6</ele>
    <time>2024-09-05T20:00:36Z</time>
   </trkpt>
   <trkpt lat="31.3081440" lon="30.0654420">
    <ele>4.6</ele>
    <time>2024-09-05T20:00:37Z</time>
   </trkpt>
   <trkpt lat="31.3081500" lon="30.0654540">
    <ele>4.6</ele>
    <time>2024-09-05T20:00:38Z</time>
   </trkpt>
   <trkpt lat="31.3081690" lon="30.0654930">
    <ele>4.6</ele>
    <time>2024-09-05T20:00:39Z</time>
   </trkpt>
   <trkpt lat="31.3081770" lon="30.0655050">
    <ele>4.5</ele>
    <time>2024-09-05T20:00:40Z</time>
   </trkpt>
   <trkpt lat="31.3081960" lon="30.0655400">
    <ele>4.5</ele>
    <time>2024-09-05T20:00:41Z</time>
   </trkpt>
   <trkpt lat="31.3082010" lon="30.0655530">
    <ele>4.5</ele>
    <time>2024-09-05T20:00:42Z</time>
   </trkpt>
   <trkpt lat="31.3082180" lon="30.0655850">
    <ele>4.5</ele>
    <time>2024-09-05T20:00:43Z</time>
   </trkpt>
   <trkpt lat="31.3082240" lon="30.0655970">
    <ele>4.5</ele>
    <time>2024-09-05T20:00:44Z</time>
   </trkpt>
   <trkpt lat="31.3082430" lon="30.0656310">
    <ele>4.4</ele>
    <time>2024-09-05T20:00:45Z</time>
   </trkpt>
   <trkpt lat="31.3082510" lon="30.0656410">
    <ele>4.4</ele>
    <time>2024-09-05T20:00:46Z</time>
   </trkpt>
   <trkpt lat="31.3082740" lon="30.0656770">
    <ele>4.4</ele>
    <time>2024-09-05T20:00:47Z</time>
   </trkpt>
   <trkpt lat="31.3082850" lon="30.0656890">
    <ele>4.4</ele>
    <time>2024-09-05T20:00:48Z</time>
   </trkpt>
   <trkpt lat="31.3083130" lon="30.0657190">
    <ele>4.4</ele>
    <time>2024-09-05T20:00:49Z</time>
   </trkpt>
   <trkpt lat="31.3083200" lon="30.0657300">
    <ele>4.4</ele>
    <time>2024-09-05T20:00:50Z</time>
   </trkpt>
   <trkpt lat="31.3083420" lon="30.0657690">
    <ele>4.3</ele>
    <time>2024-09-05T20:00:51Z</time>
   </trkpt>
   <trkpt lat="31.3083530" lon="30.0657810">
    <ele>4.3</ele>
    <time>2024-09-05T20:00:52Z</time>
   </trkpt>
   <trkpt lat="31.3083670" lon="30.0658090">
    <ele>4.3</ele>
    <time>2024-09-05T20:00:53Z</time>
   </trkpt>
   <trkpt lat="31.3083900" lon="30.0658420">
    <ele>4.3</ele>
    <time>2024-09-05T20:00:54Z</time>
   </trkpt>
   <trkpt lat="31.3083960" lon="30.0658520">
    <ele>4.2</ele>
    <time>2024-09-05T20:00:55Z</time>
   </trkpt>
   <trkpt lat="31.3084120" lon="30.0658780">
    <ele>4.2</ele>
    <time>2024-09-05T20:00:56Z</time>
   </trkpt>
   <trkpt lat="31.3084240" lon="30.0659080">
    <ele>4.2</ele>
    <time>2024-09-05T20:00:57Z</time>
   </trkpt>
   <trkpt lat="31.3084510" lon="30.0659310">
    <ele>4.2</ele>
    <time>2024-09-05T20:00:58Z</time>
   </trkpt>
   <trkpt lat="31.3084580" lon="30.0659410">
    <ele>4.2</ele>
    <time>2024-09-05T20:00:59Z</time>
   </trkpt>
   <trkpt lat="31.3084750" lon="30.0659690">
    <ele>4.1</ele>
    <time>2024-09-05T20:01:00Z</time>
   </trkpt>
   <trkpt lat="31.3084970" lon="30.0659980">
    <ele>4.1</ele>
    <time>2024-09-05T20:01:01Z</time>
   </trkpt>
   <trkpt lat="31.3085060" lon="30.0660080">
    <ele>4.1</ele>
    <time>2024-09-05T20:01:02Z</time>
   </trkpt>
   <trkpt lat="31.3085300" lon="30.0660250">
    <ele>4.1</ele>
    <time>2024-09-05T20:01:03Z</time>
   </trkpt>
   <trkpt lat="31.3085390" lon="30.0660300">
    <ele>4.1</ele>
    <time>2024-09-05T20:01:04Z</time>
   </trkpt>
   <trkpt lat="31.3085750" lon="30.0660370">
    <ele>4.1</ele>
    <time>2024-09-05T20:01:05Z</time>
   </trkpt>
   <trkpt lat="31.3085900" lon="30.0660350">
    <ele>4.1</ele>
    <time>2024-09-05T20:01:06Z</time>
   </trkpt>
   <trkpt lat="31.3086200" lon="30.0660150">
    <ele>4.1</ele>
    <time>2024-09-05T20:01:07Z</time>
   </trkpt>
   <trkpt lat="31.3086310" lon="30.0660110">
    <ele>4.1</ele>
    <time>2024-09-05T20:01:08Z</time>
   </trkpt>
   <trkpt lat="31.3086580" lon="30.0660080">
    <ele>4.1</ele>
    <time>2024-09-05T20:01:09Z</time>
   </trkpt>
   <trkpt lat="31.3086840" lon="30.0660070">
    <ele>4.1</ele>
    <time>2024-09-05T20:01:10Z</time>
   </trkpt>
   <trkpt lat="31.3086950" lon="30.0660070">
    <ele>4.1</ele>
    <time>2024-09-05T20:01:11Z</time>
   </trkpt>
   <trkpt lat="31.3087240" lon="30.0659950">
    <ele>4.1</ele>
    <time>2024-09-05T20:01:12Z</time>
   </trkpt>
   <trkpt lat="31.3087550" lon="30.0659770">
    <ele>4.1</ele>
    <time>2024-09-05T20:01:13Z</time>
   </trkpt>
   <trkpt lat="31.3087650" lon="30.0659700">
    <ele>4.1</ele>
    <time>2024-09-05T20:01:14Z</time>
   </trkpt>
   <trkpt lat="31.3087910" lon="30.0659590">
    <ele>4.1</ele>
    <time>2024-09-05T20:01:15Z</time>
   </trkpt>
   <trkpt lat="31.3088170" lon="30.0659400">
    <ele>4.1</ele>
    <time>2024-09-05T20:01:16Z</time>
   </trkpt>
   <trkpt lat="31.3088290" lon="30.0659340">
    <ele>4.1</ele>
    <time>2024-09-05T20:01:17Z</time>
   </trkpt>
   <trkpt lat="31.3088650" lon="30.0659180">
    <ele>4.1</ele>
    <time>2024-09-05T20:01:18Z</time>
   </trkpt>
   <trkpt lat="31.3088740" lon="30.0659110">
    <ele>4.1</ele>
    <time>2024-09-05T20:01:19Z</time>
   </trkpt>
   <trkpt lat="31.3089020" lon="30.0659080">
    <ele>4.1</ele>
    <time>2024-09-05T20:01:20Z</time>
   </trkpt>
   <trkpt lat="31.3089390" lon="30.0659030">
    <ele>4.1</ele>
    <time>2024-09-05T20:01:21Z</time>
   </trkpt>
   <trkpt lat="31.3089500" lon="30.0659010">
    <ele>4.1</ele>
    <time>2024-09-05T20:01:22Z</time>
   </trkpt>
   <trkpt lat="31.3089840" lon="30.0659200">
    <ele>4.1</ele>
    <time>2024-09-05T20:01:23Z</time>
   </trkpt>
   <trkpt lat="31.3089970" lon="30.0659270">
    <ele>4.1</ele>
    <time>2024-09-05T20:01:24Z</time>
   </trkpt>
   <trkpt lat="31.3090330" lon="30.0659400">
    <ele>4.2</ele>
    <time>2024-09-05T20:01:25Z</time>
   </trkpt>
   <trkpt lat="31.3090460" lon="30.0659470">
    <ele>4.2</ele>
    <time>2024-09-05T20:01:26Z</time>
   </trkpt>
   <trkpt lat="31.3090740" lon="30.0659650">
    <ele>4.3</ele>
    <time>2024-09-05T20:01:27Z</time>
   </trkpt>
   <trkpt lat="31.3091040" lon="30.0659880">
    <ele>4.4</ele>
    <time>2024-09-05T20:01:28Z</time>
   </trkpt>
   <trkpt lat="31.3091140" lon="30.0659970">
    <ele>4.4</ele>
    <time>2024-09-05T20:01:29Z</time>
   </trkpt>
   <trkpt lat="31.3091420" lon="30.0660220">
    <ele>4.5</ele>
    <time>2024-09-05T20:01:30Z</time>
   </trkpt>
   <trkpt lat="31.3091510" lon="30.0660280">
    <ele>4.5</ele>
    <time>2024-09-05T20:01:31Z</time>
   </trkpt>
   <trkpt lat="31.3091760" lon="30.0660570">
    <ele>4.5</ele>
    <time>2024-09-05T20:01:32Z</time>
   </trkpt>
   <trkpt lat="31.3091850" lon="30.0660660">
    <ele>4.6</ele>
    <time>2024-09-05T20:01:33Z</time>
   </trkpt>
   <trkpt lat="31.3092120" lon="30.0660900">
    <ele>4.6</ele>
    <time>2024-09-05T20:01:34Z</time>
   </trkpt>
   <trkpt lat="31.3092220" lon="30.0660990">
    <ele>4.7</ele>
    <time>2024-09-05T20:01:35Z</time>
   </trkpt>
   <trkpt lat="31.3092460" lon="30.0661250">
    <ele>4.7</ele>
    <time>2024-09-05T20:01:36Z</time>
   </trkpt>
   <trkpt lat="31.3092530" lon="30.0661320">
    <ele>4.7</ele>
    <time>2024-09-05T20:01:37Z</time>
   </trkpt>
   <trkpt lat="31.3092770" lon="30.0661540">
    <ele>4.8</ele>
    <time>2024-09-05T20:01:38Z</time>
   </trkpt>
   <trkpt lat="31.3092980" lon="30.0661860">
    <ele>4.8</ele>
    <time>2024-09-05T20:01:39Z</time>
   </trkpt>
   <trkpt lat="31.3093040" lon="30.0661960">
    <ele>4.8</ele>
    <time>2024-09-05T20:01:40Z</time>
   </trkpt>
   <trkpt lat="31.3093270" lon="30.0662170">
    <ele>4.9</ele>
    <time>2024-09-05T20:01:41Z</time>
   </trkpt>
   <trkpt lat="31.3093540" lon="30.0662460">
    <ele>4.9</ele>
    <time>2024-09-05T20:01:42Z</time>
   </trkpt>
   <trkpt lat="31.3093620" lon="30.0662570">
    <ele>5.0</ele>
    <time>2024-09-05T20:01:43Z</time>
   </trkpt>
   <trkpt lat="31.3093870" lon="30.0662790">
    <ele>5.0</ele>
    <time>2024-09-05T20:01:44Z</time>
   </trkpt>
   <trkpt lat="31.3094160" lon="30.0662980">
    <ele>5.1</ele>
    <time>2024-09-05T20:01:45Z</time>
   </trkpt>
   <trkpt lat="31.3094250" lon="30.0663050">
    <ele>5.2</ele>
    <time>2024-09-05T20:01:46Z</time>
   </trkpt>
   <trkpt lat="31.3094500" lon="30.0663210">
    <ele>5.2</ele>
    <time>2024-09-05T20:01:47Z</time>
   </trkpt>
   <trkpt lat="31.3094820" lon="30.0663350">
    <ele>5.3</ele>
    <time>2024-09-05T20:01:48Z</time>
   </trkpt>
   <trkpt lat="31.3094930" lon="30.0663400">
    <ele>5.4</ele>
    <time>2024-09-05T20:01:49Z</time>
   </trkpt>
   <trkpt lat="31.3095220" lon="30.0663600">
    <ele>5.4</ele>
    <time>2024-09-05T20:01:51Z</time>
   </trkpt>
   <trkpt lat="31.3095310" lon="30.0663640">
    <ele>5.5</ele>
    <time>2024-09-05T20:01:52Z</time>
   </trkpt>
   <trkpt lat="31.3095630" lon="30.0663850">
    <ele>5.5</ele>
    <time>2024-09-05T20:01:53Z</time>
   </trkpt>
   <trkpt lat="31.3095740" lon="30.0663900">
    <ele>5.6</ele>
    <time>2024-09-05T20:01:54Z</time>
   </trkpt>
   <trkpt lat="31.3096040" lon="30.0664090">
    <ele>5.7</ele>
    <time>2024-09-05T20:01:55Z</time>
   </trkpt>
   <trkpt lat="31.3096150" lon="30.0664170">
    <ele>5.7</ele>
    <time>2024-09-05T20:01:56Z</time>
   </trkpt>
   <trkpt lat="31.3096440" lon="30.0664260">
    <ele>5.8</ele>
    <time>2024-09-05T20:01:57Z</time>
   </trkpt>
   <trkpt lat="31.3096800" lon="30.0664450">
    <ele>5.9</ele>
    <time>2024-09-05T20:01:58Z</time>
   </trkpt>
   <trkpt lat="31.3096920" lon="30.0664540">
    <ele>5.9</ele>
    <time>2024-09-05T20:01:59Z</time>
   </trkpt>
   <trkpt lat="31.3097210" lon="30.0664720">
    <ele>6.0</ele>
    <time>2024-09-05T20:02:00Z</time>
   </trkpt>
   <trkpt lat="31.3097310" lon="30.0664770">
    <ele>6.0</ele>
    <time>2024-09-05T20:02:01Z</time>
   </trkpt>
   <trkpt lat="31.3097660" lon="30.0664930">
    <ele>6.2</ele>
    <time>2024-09-05T20:02:02Z</time>
   </trkpt>
   <trkpt lat="31.3097770" lon="30.0664970">
    <ele>6.2</ele>
    <time>2024-09-05T20:02:03Z</time>
   </trkpt>
   <trkpt lat="31.3098130" lon="30.0665040">
    <ele>6.3</ele>
    <time>2024-09-05T20:02:04Z</time>
   </trkpt>
   <trkpt lat="31.3098250" lon="30.0665090">
    <ele>6.4</ele>
    <time>2024-09-05T20:02:05Z</time>
   </trkpt>
   <trkpt lat="31.3098580" lon="30.0665220">
    <ele>6.5</ele>
    <time>2024-09-05T20:02:06Z</time>
   </trkpt>
   <trkpt lat="31.3098690" lon="30.0665240">
    <ele>6.5</ele>
    <time>2024-09-05T20:02:07Z</time>
   </trkpt>
   <trkpt lat="31.3098980" lon="30.0665310">
    <ele>6.5</ele>
    <time>2024-09-05T20:02:08Z</time>
   </trkpt>
   <trkpt lat="31.3099270" lon="30.0665290">
    <ele>6.6</ele>
    <time>2024-09-05T20:02:09Z</time>
   </trkpt>
   <trkpt lat="31.3099380" lon="30.0665300">
    <ele>6.6</ele>
    <time>2024-09-05T20:02:10Z</time>
   </trkpt>
   <trkpt lat="31.3099750" lon="30.0665320">
    <ele>6.6</ele>
    <time>2024-09-05T20:02:11Z</time>
   </trkpt>
   <trkpt lat="31.3099880" lon="30.0665340">
    <ele>6.6</ele>
    <time>2024-09-05T20:02:12Z</time>
   </trkpt>
   <trkpt lat="31.3100260" lon="30.0665350">
    <ele>6.6</ele>
    <time>2024-09-05T20:02:13Z</time>
   </trkpt>
   <trkpt lat="31.3100390" lon="30.0665350">
    <ele>6.6</ele>
    <time>2024-09-05T20:02:14Z</time>
   </trkpt>
   <trkpt lat="31.3100680" lon="30.0665310">
    <ele>6.6</ele>
    <time>2024-09-05T20:02:15Z</time>
   </trkpt>
   <trkpt lat="31.3100760" lon="30.0665290">
    <ele>6.6</ele>
    <time>2024-09-05T20:02:16Z</time>
   </trkpt>
   <trkpt lat="31.3101120" lon="30.0665320">
    <ele>6.7</ele>
    <time>2024-09-05T20:02:17Z</time>
   </trkpt>
   <trkpt lat="31.3101210" lon="30.0665290">
    <ele>6.7</ele>
    <time>2024-09-05T20:02:18Z</time>
   </trkpt>
   <trkpt lat="31.3101510" lon="30.0665290">
    <ele>6.7</ele>
    <time>2024-09-05T20:02:19Z</time>
   </trkpt>
   <trkpt lat="31.3101630" lon="30.0665300">
    <ele>6.7</ele>
    <time>2024-09-05T20:02:20Z</time>
   </trkpt>
   <trkpt lat="31.3101980" lon="30.0665370">
    <ele>6.6</ele>
    <time>2024-09-05T20:02:21Z</time>
   </trkpt>
   <trkpt lat="31.3102120" lon="30.0665420">
    <ele>6.5</ele>
    <time>2024-09-05T20:02:22Z</time>
   </trkpt>
   <trkpt lat="31.3102390" lon="30.0665480">
    <ele>6.4</ele>
    <time>2024-09-05T20:02:23Z</time>
   </trkpt>
   <trkpt lat="31.3102760" lon="30.0665560">
    <ele>6.3</ele>
    <time>2024-09-05T20:02:24Z</time>
   </trkpt>
   <trkpt lat="31.3102900" lon="30.0665640">
    <ele>6.3</ele>
    <time>2024-09-05T20:02:25Z</time>
   </trkpt>
   <trkpt lat="31.3103200" lon="30.0665830">
    <ele>6.2</ele>
    <time>2024-09-05T20:02:26Z</time>
   </trkpt>
   <trkpt lat="31.3103280" lon="30.0665880">
    <ele>6.2</ele>
    <time>2024-09-05T20:02:27Z</time>
   </trkpt>
   <trkpt lat="31.3103560" lon="30.0666020">
    <ele>6.1</ele>
    <time>2024-09-05T20:02:28Z</time>
   </trkpt>
   <trkpt lat="31.3103860" lon="30.0666230">
    <ele>6.1</ele>
    <time>2024-09-05T20:02:29Z</time>
   </trkpt>
   <trkpt lat="31.3103950" lon="30.0666300">
    <ele>6.1</ele>
    <time>2024-09-05T20:02:30Z</time>
   </trkpt>
   <trkpt lat="31.3104170" lon="30.0666580">
    <ele>6.1</ele>
    <time>2024-09-05T20:02:31Z</time>
   </trkpt>
   <trkpt lat="31.3104440" lon="30.0666820">
    <ele>6.1</ele>
    <time>2024-09-05T20:02:32Z</time>
   </trkpt>
   <trkpt lat="31.3104510" lon="30.0666880">
    <ele>6.0</ele>
    <time>2024-09-05T20:02:33Z</time>
   </trkpt>
   <trkpt lat="31.3104730" lon="30.0667180">
    <ele>6.0</ele>
    <time>2024-09-05T20:02:34Z</time>
   </trkpt>
   <trkpt lat="31.3104900" lon="30.0667490">
    <ele>6.0</ele>
    <time>2024-09-05T20:02:35Z</time>
   </trkpt>
   <trkpt lat="31.3104970" lon="30.0667600">
    <ele>6.0</ele>
    <time>2024-09-05T20:02:36Z</time>
   </trkpt>
   <trkpt lat="31.3105120" lon="30.0667870">
    <ele>6.0</ele>
    <time>2024-09-05T20:02:37Z</time>
   </trkpt>
   <trkpt lat="31.3105320" lon="30.0668300">
    <ele>6.0</ele>
    <time>2024-09-05T20:02:38Z</time>
   </trkpt>
   <trkpt lat="31.3105480" lon="30.0668670">
    <ele>5.9</ele>
    <time>2024-09-05T20:02:39Z</time>
   </trkpt>
   <trkpt lat="31.3105540" lon="30.0668790">
    <ele>5.9</ele>
    <time>2024-09-05T20:02:40Z</time>
   </trkpt>
   <trkpt lat="31.3105660" lon="30.0669070">
    <ele>5.8</ele>
    <time>2024-09-05T20:02:41Z</time>
   </trkpt>
   <trkpt lat="31.3105860" lon="30.0669430">
    <ele>5.7</ele>
    <time>2024-09-05T20:02:42Z</time>
   </trkpt>
   <trkpt lat="31.3105900" lon="30.0669530">
    <ele>5.7</ele>
    <time>2024-09-05T20:02:43Z</time>
   </trkpt>
   <trkpt lat="31.3106090" lon="30.0669760">
    <ele>5.6</ele>
    <time>2024-09-05T20:02:44Z</time>
   </trkpt>
   <trkpt lat="31.3106420" lon="30.0670010">
    <ele>5.5</ele>
    <time>2024-09-05T20:02:46Z</time>
   </trkpt>
   <trkpt lat="31.3106530" lon="30.0670070">
    <ele>5.4</ele>
    <time>2024-09-05T20:02:47Z</time>
   </trkpt>
   <trkpt lat="31.3106810" lon="30.0670300">
    <ele>5.4</ele>
    <time>2024-09-05T20:02:48Z</time>
   </trkpt>
   <trkpt lat="31.3106940" lon="30.0670310">
    <ele>5.4</ele>
    <time>2024-09-05T20:02:49Z</time>
   </trkpt>
   <trkpt lat="31.3107220" lon="30.0670290">
    <ele>5.3</ele>
    <time>2024-09-05T20:02:50Z</time>
   </trkpt>
   <trkpt lat="31.3107580" lon="30.0670200">
    <ele>5.3</ele>
    <time>2024-09-05T20:02:51Z</time>
   </trkpt>
   <trkpt lat="31.3107700" lon="30.0670170">
    <ele>5.2</ele>
    <time>2024-09-05T20:02:52Z</time>
   </trkpt>
   <trkpt lat="31.3108000" lon="30.0670020">
    <ele>5.2</ele>
    <time>2024-09-05T20:02:53Z</time>
   </trkpt>
   <trkpt lat="31.3108290" lon="30.0669820">
    <ele>5.1</ele>
    <time>2024-09-05T20:02:54Z</time>
   </trkpt>
   <trkpt lat="31.3108370" lon="30.0669760">
    <ele>5.1</ele>
    <time>2024-09-05T20:02:55Z</time>
   </trkpt>
   <trkpt lat="31.3108740" lon="30.0669600">
    <ele>5.0</ele>
    <time>2024-09-05T20:02:56Z</time>
   </trkpt>
   <trkpt lat="31.3108850" lon="30.0669560">
    <ele>5.0</ele>
    <time>2024-09-05T20:02:57Z</time>
   </trkpt>
   <trkpt lat="31.3109160" lon="30.0669410">
    <ele>4.9</ele>
    <time>2024-09-05T20:02:58Z</time>
   </trkpt>
   <trkpt lat="31.3109290" lon="30.0669370">
    <ele>4.8</ele>
    <time>2024-09-05T20:02:59Z</time>
   </trkpt>
   <trkpt lat="31.3109450" lon="30.0669320">
    <ele>4.8</ele>
    <time>2024-09-05T20:03:00Z</time>
   </trkpt>
   <trkpt lat="31.3109600" lon="30.0669170">
    <ele>4.7</ele>
    <time>2024-09-05T20:03:01Z</time>
   </trkpt>
   <trkpt lat="31.3109860" lon="30.0668980">
    <ele>4.3</ele>
    <time>2024-09-05T20:03:02Z</time>
   </trkpt>
   <trkpt lat="31.3109950" lon="30.0668950">
    <ele>4.2</ele>
    <time>2024-09-05T20:03:03Z</time>
   </trkpt>
   <trkpt lat="31.3110250" lon="30.0668820">
    <ele>3.8</ele>
    <time>2024-09-05T20:03:04Z</time>
   </trkpt>
   <trkpt lat="31.3110360" lon="30.0668780">
    <ele>3.7</ele>
    <time>2024-09-05T20:03:05Z</time>
   </trkpt>
   <trkpt lat="31.3110610" lon="30.0668920">
    <ele>3.7</ele>
    <time>2024-09-05T20:03:06Z</time>
   </trkpt>
   <trkpt lat="31.3110880" lon="30.0669180">
    <ele>3.9</ele>
    <time>2024-09-05T20:03:07Z</time>
   </trkpt>
   <trkpt lat="31.3110960" lon="30.0669280">
    <ele>3.9</ele>
    <time>2024-09-05T20:03:08Z</time>
   </trkpt>
   <trkpt lat="31.3111180" lon="30.0669560">
    <ele>4.1</ele>
    <time>2024-09-05T20:03:09Z</time>
   </trkpt>
   <trkpt lat="31.3111230" lon="30.0669640">
    <ele>4.2</ele>
    <time>2024-09-05T20:03:10Z</time>
   </trkpt>
   <trkpt lat="31.3111410" lon="30.0669970">
    <ele>4.3</ele>
    <time>2024-09-05T20:03:11Z</time>
   </trkpt>
   <trkpt lat="31.3111480" lon="30.0670070">
    <ele>4.4</ele>
    <time>2024-09-05T20:03:12Z</time>
   </trkpt>
   <trkpt lat="31.3111680" lon="30.0670370">
    <ele>4.6</ele>
    <time>2024-09-05T20:03:13Z</time>
   </trkpt>
   <trkpt lat="31.3111740" lon="30.0670480">
    <ele>4.6</ele>
    <time>2024-09-05T20:03:14Z</time>
   </trkpt>
   <trkpt lat="31.3111960" lon="30.0670760">
    <ele>4.8</ele>
    <time>2024-09-05T20:03:15Z</time>
   </trkpt>
   <trkpt lat="31.3112010" lon="30.0670860">
    <ele>4.9</ele>
    <time>2024-09-05T20:03:16Z</time>
   </trkpt>
   <trkpt lat="31.3112190" lon="30.0671150">
    <ele>5.0</ele>
    <time>2024-09-05T20:03:17Z</time>
   </trkpt>
   <trkpt lat="31.3112260" lon="30.0671240">
    <ele>5.1</ele>
    <time>2024-09-05T20:03:18Z</time>
   </trkpt>
   <trkpt lat="31.3112500" lon="30.0671520">
    <ele>5.2</ele>
    <time>2024-09-05T20:03:19Z</time>
   </trkpt>
   <trkpt lat="31.3112600" lon="30.0671610">
    <ele>5.3</ele>
    <time>2024-09-05T20:03:20Z</time>
   </trkpt>
   <trkpt lat="31.3112880" lon="30.0671850">
    <ele>5.4</ele>
    <time>2024-09-05T20:03:21Z</time>
   </trkpt>
   <trkpt lat="31.3112960" lon="30.0671920">
    <ele>5.4</ele>
    <time>2024-09-05T20:03:22Z</time>
   </trkpt>
   <trkpt lat="31.3113270" lon="30.0672170">
    <ele>5.5</ele>
    <time>2024-09-05T20:03:23Z</time>
   </trkpt>
   <trkpt lat="31.3113390" lon="30.0672240">
    <ele>5.6</ele>
    <time>2024-09-05T20:03:24Z</time>
   </trkpt>
   <trkpt lat="31.3113650" lon="30.0672520">
    <ele>5.6</ele>
    <time>2024-09-05T20:03:25Z</time>
   </trkpt>
   <trkpt lat="31.3113730" lon="30.0672610">
    <ele>5.7</ele>
    <time>2024-09-05T20:03:26Z</time>
   </trkpt>
   <trkpt lat="31.3113970" lon="30.0672890">
    <ele>5.7</ele>
    <time>2024-09-05T20:03:27Z</time>
   </trkpt>
   <trkpt lat="31.3114070" lon="30.0672960">
    <ele>5.7</ele>
    <time>2024-09-05T20:03:28Z</time>
   </trkpt>
   <trkpt lat="31.3114180" lon="30.0673390">
    <ele>5.8</ele>
    <time>2024-09-05T20:03:29Z</time>
   </trkpt>
   <trkpt lat="31.3114220" lon="30.0673530">
    <ele>5.8</ele>
    <time>2024-09-05T20:03:30Z</time>
   </trkpt>
   <trkpt lat="31.3114370" lon="30.0673910">
    <ele>5.8</ele>
    <time>2024-09-05T20:03:31Z</time>
   </trkpt>
   <trkpt lat="31.3114450" lon="30.0674030">
    <ele>5.9</ele>
    <time>2024-09-05T20:03:32Z</time>
   </trkpt>
   <trkpt lat="31.3114630" lon="30.0674420">
    <ele>5.9</ele>
    <time>2024-09-05T20:03:33Z</time>
   </trkpt>
   <trkpt lat="31.3114670" lon="30.0674540">
    <ele>5.9</ele>
    <time>2024-09-05T20:03:34Z</time>
   </trkpt>
   <trkpt lat="31.3114860" lon="30.0674860">
    <ele>5.9</ele>
    <time>2024-09-05T20:03:35Z</time>
   </trkpt>
   <trkpt lat="31.3114920" lon="30.0674970">
    <ele>6.0</ele>
    <time>2024-09-05T20:03:36Z</time>
   </trkpt>
   <trkpt lat="31.3115140" lon="30.0675320">
    <ele>6.0</ele>
    <time>2024-09-05T20:03:37Z</time>
   </trkpt>
   <trkpt lat="31.3115220" lon="30.0675450">
    <ele>6.0</ele>
    <time>2024-09-05T20:03:38Z</time>
   </trkpt>
   <trkpt lat="31.3115430" lon="30.0675730">
    <ele>6.0</ele>
    <time>2024-09-05T20:03:39Z</time>
   </trkpt>
   <trkpt lat="31.3115590" lon="30.0676050">
    <ele>6.0</ele>
    <time>2024-09-05T20:03:40Z</time>
   </trkpt>
   <trkpt lat="31.3115750" lon="30.0676350">
    <ele>6.0</ele>
    <time>2024-09-05T20:03:41Z</time>
   </trkpt>
   <trkpt lat="31.3115910" lon="30.0676730">
    <ele>6.0</ele>
    <time>2024-09-05T20:03:42Z</time>
   </trkpt>
   <trkpt lat="31.3115970" lon="30.0676850">
    <ele>6.0</ele>
    <time>2024-09-05T20:03:43Z</time>
   </trkpt>
   <trkpt lat="31.3116110" lon="30.0677220">
    <ele>6.0</ele>
    <time>2024-09-05T20:03:44Z</time>
   </trkpt>
   <trkpt lat="31.3116250" lon="30.0677500">
    <ele>6.0</ele>
    <time>2024-09-05T20:03:45Z</time>
   </trkpt>
   <trkpt lat="31.3116440" lon="30.0677830">
    <ele>6.0</ele>
    <time>2024-09-05T20:03:46Z</time>
   </trkpt>
   <trkpt lat="31.3116620" lon="30.0678200">
    <ele>6.0</ele>
    <time>2024-09-05T20:03:47Z</time>
   </trkpt>
   <trkpt lat="31.3116880" lon="30.0678530">
    <ele>6.0</ele>
    <time>2024-09-05T20:03:48Z</time>
   </trkpt>
   <trkpt lat="31.3116960" lon="30.0678650">
    <ele>6.0</ele>
    <time>2024-09-05T20:03:49Z</time>
   </trkpt>
   <trkpt lat="31.3117050" lon="30.0679020">
    <ele>6.0</ele>
    <time>2024-09-05T20:03:50Z</time>
   </trkpt>
   <trkpt lat="31.3117160" lon="30.0679440">
    <ele>6.0</ele>
    <time>2024-09-05T20:03:51Z</time>
   </trkpt>
   <trkpt lat="31.3117220" lon="30.0679590">
    <ele>6.0</ele>
    <time>2024-09-05T20:03:52Z</time>
   </trkpt>
   <trkpt lat="31.3117380" lon="30.0679850">
    <ele>6.0</ele>
    <time>2024-09-05T20:03:53Z</time>
   </trkpt>
   <trkpt lat="31.3117550" lon="30.0680250">
    <ele>6.0</ele>
    <time>2024-09-05T20:03:54Z</time>
   </trkpt>
   <trkpt lat="31.3117620" lon="30.0680410">
    <ele>6.0</ele>
    <time>2024-09-05T20:03:55Z</time>
   </trkpt>
   <trkpt lat="31.3117770" lon="30.0680680">
    <ele>6.0</ele>
    <time>2024-09-05T20:03:56Z</time>
   </trkpt>
   <trkpt lat="31.3117960" lon="30.0681040">
    <ele>5.9</ele>
    <time>2024-09-05T20:03:57Z</time>
   </trkpt>
   <trkpt lat="31.3118000" lon="30.0681180">
    <ele>5.9</ele>
    <time>2024-09-05T20:03:58Z</time>
   </trkpt>
   <trkpt lat="31.3118280" lon="30.0681540">
    <ele>5.8</ele>
    <time>2024-09-05T20:03:59Z</time>
   </trkpt>
   <trkpt lat="31.3118380" lon="30.0681680">
    <ele>5.8</ele>
    <time>2024-09-05T20:04:00Z</time>
   </trkpt>
   <trkpt lat="31.3118490" lon="30.0681990">
    <ele>5.7</ele>
    <time>2024-09-05T20:04:01Z</time>
   </trkpt>
   <trkpt lat="31.3118650" lon="30.0682260">
    <ele>5.6</ele>
    <time>2024-09-05T20:04:02Z</time>
   </trkpt>
   <trkpt lat="31.3118760" lon="30.0682570">
    <ele>5.5</ele>
    <time>2024-09-05T20:04:03Z</time>
   </trkpt>
   <trkpt lat="31.3118920" lon="30.0682840">
    <ele>5.4</ele>
    <time>2024-09-05T20:04:04Z</time>
   </trkpt>
   <trkpt lat="31.3118980" lon="30.0682940">
    <ele>5.3</ele>
    <time>2024-09-05T20:04:05Z</time>
   </trkpt>
   <trkpt lat="31.3119160" lon="30.0683280">
    <ele>5.2</ele>
    <time>2024-09-05T20:04:06Z</time>
   </trkpt>
   <trkpt lat="31.3119250" lon="30.0683390">
    <ele>5.2</ele>
    <time>2024-09-05T20:04:07Z</time>
   </trkpt>
   <trkpt lat="31.3119430" lon="30.0683630">
    <ele>5.1</ele>
    <time>2024-09-05T20:04:08Z</time>
   </trkpt>
   <trkpt lat="31.3119510" lon="30.0683960">
    <ele>5.0</ele>
    <time>2024-09-05T20:04:09Z</time>
   </trkpt>
   <trkpt lat="31.3119550" lon="30.0684040">
    <ele>4.9</ele>
    <time>2024-09-05T20:04:10Z</time>
   </trkpt>
   <trkpt lat="31.3119760" lon="30.0684260">
    <ele>4.9</ele>
    <time>2024-09-05T20:04:11Z</time>
   </trkpt>
   <trkpt lat="31.3119880" lon="30.0684550">
    <ele>4.9</ele>
    <time>2024-09-05T20:04:12Z</time>
   </trkpt>
   <trkpt lat="31.3120050" lon="30.0684830">
    <ele>4.8</ele>
    <time>2024-09-05T20:04:13Z</time>
   </trkpt>
   <trkpt lat="31.3120120" lon="30.0684920">
    <ele>4.8</ele>
    <time>2024-09-05T20:04:14Z</time>
   </trkpt>
   <trkpt lat="31.3120420" lon="30.0685240">
    <ele>4.4</ele>
    <time>2024-09-05T20:04:15Z</time>
   </trkpt>
   <trkpt lat="31.3120530" lon="30.0685330">
    <ele>4.2</ele>
    <time>2024-09-05T20:04:16Z</time>
   </trkpt>
   <trkpt lat="31.3120720" lon="30.0685570">
    <ele>3.9</ele>
    <time>2024-09-05T20:04:17Z</time>
   </trkpt>
   <trkpt lat="31.3120790" lon="30.0685630">
    <ele>3.8</ele>
    <time>2024-09-05T20:04:18Z</time>
   </trkpt>
   <trkpt lat="31.3120990" lon="30.0685890">
    <ele>3.5</ele>
    <time>2024-09-05T20:04:19Z</time>
   </trkpt>
   <trkpt lat="31.3121270" lon="30.0686050">
    <ele>3.3</ele>
    <time>2024-09-05T20:04:20Z</time>
   </trkpt>
   <trkpt lat="31.3121350" lon="30.0686090">
    <ele>3.3</ele>
    <time>2024-09-05T20:04:21Z</time>
   </trkpt>
   <trkpt lat="31.3121620" lon="30.0686110">
    <ele>3.3</ele>
    <time>2024-09-05T20:04:22Z</time>
   </trkpt>
   <trkpt lat="31.3121900" lon="30.0685970">
    <ele>3.3</ele>
    <time>2024-09-05T20:04:23Z</time>
   </trkpt>
   <trkpt lat="31.3122180" lon="30.0685860">
    <ele>3.3</ele>
    <time>2024-09-05T20:04:24Z</time>
   </trkpt>
   <trkpt lat="31.3122430" lon="30.0685650">
    <ele>3.3</ele>
    <time>2024-09-05T20:04:25Z</time>
   </trkpt>
   <trkpt lat="31.3122490" lon="30.0685580">
    <ele>3.4</ele>
    <time>2024-09-05T20:04:26Z</time>
   </trkpt>
   <trkpt lat="31.3122810" lon="30.0685400">
    <ele>3.4</ele>
    <time>2024-09-05T20:04:27Z</time>
   </trkpt>
   <trkpt lat="31.3122910" lon="30.0685340">
    <ele>3.4</ele>
    <time>2024-09-05T20:04:28Z</time>
   </trkpt>
   <trkpt lat="31.3123260" lon="30.0685120">
    <ele>3.4</ele>
    <time>2024-09-05T20:04:29Z</time>
   </trkpt>
   <trkpt lat="31.3123410" lon="30.0685030">
    <ele>3.4</ele>
    <time>2024-09-05T20:04:30Z</time>
   </trkpt>
   <trkpt lat="31.3123710" lon="30.0684890">
    <ele>3.4</ele>
    <time>2024-09-05T20:04:31Z</time>
   </trkpt>
   <trkpt lat="31.3123800" lon="30.0684850">
    <ele>3.4</ele>
    <time>2024-09-05T20:04:32Z</time>
   </trkpt>
   <trkpt lat="31.3124020" lon="30.0684650">
    <ele>3.5</ele>
    <time>2024-09-05T20:04:33Z</time>
   </trkpt>
   <trkpt lat="31.3124270" lon="30.0684470">
    <ele>3.5</ele>
    <time>2024-09-05T20:04:34Z</time>
   </trkpt>
   <trkpt lat="31.3124350" lon="30.0684410">
    <ele>3.5</ele>
    <time>2024-09-05T20:04:35Z</time>
   </trkpt>
   <trkpt lat="31.3124650" lon="30.0684170">
    <ele>3.5</ele>
    <time>2024-09-05T20:04:36Z</time>
   </trkpt>
   <trkpt lat="31.3124750" lon="30.0684110">
    <ele>3.5</ele>
    <time>2024-09-05T20:04:37Z</time>
   </trkpt>
   <trkpt lat="31.3125110" lon="30.0683920">
    <ele>3.5</ele>
    <time>2024-09-05T20:04:38Z</time>
   </trkpt>
   <trkpt lat="31.3125240" lon="30.0683840">
    <ele>3.5</ele>
    <time>2024-09-05T20:04:39Z</time>
   </trkpt>
   <trkpt lat="31.3125490" lon="30.0683610">
    <ele>3.6</ele>
    <time>2024-09-05T20:04:40Z</time>
   </trkpt>
   <trkpt lat="31.3125590" lon="30.0683550">
    <ele>3.6</ele>
    <time>2024-09-05T20:04:41Z</time>
   </trkpt>
   <trkpt lat="31.3125920" lon="30.0683340">
    <ele>3.6</ele>
    <time>2024-09-05T20:04:42Z</time>
   </trkpt>
   <trkpt lat="31.3126010" lon="30.0683270">
    <ele>3.6</ele>
    <time>2024-09-05T20:04:43Z</time>
   </trkpt>
   <trkpt lat="31.3126350" lon="30.0683040">
    <ele>3.6</ele>
    <time>2024-09-05T20:04:44Z</time>
   </trkpt>
   <trkpt lat="31.3126470" lon="30.0682970">
    <ele>3.6</ele>
    <time>2024-09-05T20:04:45Z</time>
   </trkpt>
   <trkpt lat="31.3126760" lon="30.0682760">
    <ele>3.7</ele>
    <time>2024-09-05T20:04:46Z</time>
   </trkpt>
   <trkpt lat="31.3126890" lon="30.0682710">
    <ele>3.7</ele>
    <time>2024-09-05T20:04:47Z</time>
   </trkpt>
   <trkpt lat="31.3127200" lon="30.0682480">
    <ele>3.7</ele>
    <time>2024-09-05T20:04:48Z</time>
   </trkpt>
   <trkpt lat="31.3127280" lon="30.0682410">
    <ele>3.7</ele>
    <time>2024-09-05T20:04:49Z</time>
   </trkpt>
   <trkpt lat="31.3127580" lon="30.0682160">
    <ele>3.7</ele>
    <time>2024-09-05T20:04:50Z</time>
   </trkpt>
   <trkpt lat="31.3127720" lon="30.0682070">
    <ele>3.7</ele>
    <time>2024-09-05T20:04:51Z</time>
   </trkpt>
   <trkpt lat="31.3127980" lon="30.0681920">
    <ele>3.8</ele>
    <time>2024-09-05T20:04:52Z</time>
   </trkpt>
   <trkpt lat="31.3128090" lon="30.0681870">
    <ele>3.8</ele>
    <time>2024-09-05T20:04:53Z</time>
   </trkpt>
   <trkpt lat="31.3128300" lon="30.0681650">
    <ele>3.8</ele>
    <time>2024-09-05T20:04:54Z</time>
   </trkpt>
   <trkpt lat="31.3128540" lon="30.0681380">
    <ele>3.8</ele>
    <time>2024-09-05T20:04:55Z</time>
   </trkpt>
   <trkpt lat="31.3128670" lon="30.0681340">
    <ele>3.8</ele>
    <time>2024-09-05T20:04:56Z</time>
   </trkpt>
   <trkpt lat="31.3128870" lon="30.0681020">
    <ele>3.8</ele>
    <time>2024-09-05T20:04:57Z</time>
   </trkpt>
   <trkpt lat="31.3128900" lon="30.0680890">
    <ele>3.8</ele>
    <time>2024-09-05T20:04:58Z</time>
   </trkpt>
   <trkpt lat="31.3129050" lon="30.0680580">
    <ele>3.9</ele>
    <time>2024-09-05T20:04:59Z</time>
   </trkpt>
   <trkpt lat="31.3129100" lon="30.0680480">
    <ele>3.9</ele>
    <time>2024-09-05T20:05:00Z</time>
   </trkpt>
   <trkpt lat="31.3129320" lon="30.0680220">
    <ele>3.9</ele>
    <time>2024-09-05T20:05:01Z</time>
   </trkpt>
   <trkpt lat="31.3129430" lon="30.0680100">
    <ele>3.9</ele>
    <time>2024-09-05T20:05:02Z</time>
   </trkpt>
   <trkpt lat="31.3129750" lon="30.0679910">
    <ele>3.9</ele>
    <time>2024-09-05T20:05:03Z</time>
   </trkpt>
   <trkpt lat="31.3129850" lon="30.0679820">
    <ele>3.9</ele>
    <time>2024-09-05T20:05:04Z</time>
   </trkpt>
   <trkpt lat="31.3130070" lon="30.0679530">
    <ele>3.9</ele>
    <time>2024-09-05T20:05:05Z</time>
   </trkpt>
   <trkpt lat="31.3130100" lon="30.0679430">
    <ele>3.9</ele>
    <time>2024-09-05T20:05:06Z</time>
   </trkpt>
   <trkpt lat="31.3130180" lon="30.0679080">
    <ele>4.0</ele>
    <time>2024-09-05T20:05:07Z</time>
   </trkpt>
   <trkpt lat="31.3130210" lon="30.0678920">
    <ele>4.0</ele>
    <time>2024-09-05T20:05:08Z</time>
   </trkpt>
   <trkpt lat="31.3130190" lon="30.0678490">
    <ele>4.0</ele>
    <time>2024-09-05T20:05:09Z</time>
   </trkpt>
   <trkpt lat="31.3130180" lon="30.0678370">
    <ele>4.0</ele>
    <time>2024-09-05T20:05:10Z</time>
   </trkpt>
   <trkpt lat="31.3130100" lon="30.0678020">
    <ele>4.0</ele>
    <time>2024-09-05T20:05:11Z</time>
   </trkpt>
   <trkpt lat="31.3130060" lon="30.0677930">
    <ele>4.0</ele>
    <time>2024-09-05T20:05:12Z</time>
   </trkpt>
   <trkpt lat="31.3129940" lon="30.0677560">
    <ele>3.9</ele>
    <time>2024-09-05T20:05:13Z</time>
   </trkpt>
   <trkpt lat="31.3129900" lon="30.0677430">
    <ele>3.9</ele>
    <time>2024-09-05T20:05:14Z</time>
   </trkpt>
   <trkpt lat="31.3129740" lon="30.0677090">
    <ele>3.8</ele>
    <time>2024-09-05T20:05:15Z</time>
   </trkpt>
   <trkpt lat="31.3129660" lon="30.0676970">
    <ele>3.8</ele>
    <time>2024-09-05T20:05:16Z</time>
   </trkpt>
   <trkpt lat="31.3129550" lon="30.0676600">
    <ele>3.7</ele>
    <time>2024-09-05T20:05:17Z</time>
   </trkpt>
   <trkpt lat="31.3129520" lon="30.0676500">
    <ele>3.7</ele>
    <time>2024-09-05T20:05:18Z</time>
   </trkpt>
   <trkpt lat="31.3129420" lon="30.0676070">
    <ele>3.6</ele>
    <time>2024-09-05T20:05:19Z</time>
   </trkpt>
   <trkpt lat="31.3129380" lon="30.0675940">
    <ele>3.6</ele>
    <time>2024-09-05T20:05:20Z</time>
   </trkpt>
   <trkpt lat="31.3129240" lon="30.0675630">
    <ele>3.5</ele>
    <time>2024-09-05T20:05:21Z</time>
   </trkpt>
   <trkpt lat="31.3129180" lon="30.0675510">
    <ele>3.5</ele>
    <time>2024-09-05T20:05:22Z</time>
   </trkpt>
   <trkpt lat="31.3129010" lon="30.0675220">
    <ele>3.4</ele>
    <time>2024-09-05T20:05:23Z</time>
   </trkpt>
   <trkpt lat="31.3128850" lon="30.0674950">
    <ele>3.3</ele>
    <time>2024-09-05T20:05:24Z</time>
   </trkpt>
   <trkpt lat="31.3128810" lon="30.0674830">
    <ele>3.3</ele>
    <time>2024-09-05T20:05:25Z</time>
   </trkpt>
   <trkpt lat="31.3128620" lon="30.0674490">
    <ele>3.2</ele>
    <time>2024-09-05T20:05:26Z</time>
   </trkpt>
   <trkpt lat="31.3128530" lon="30.0674390">
    <ele>3.2</ele>
    <time>2024-09-05T20:05:27Z</time>
   </trkpt>
   <trkpt lat="31.3128380" lon="30.0674050">
    <ele>3.1</ele>
    <time>2024-09-05T20:05:28Z</time>
   </trkpt>
   <trkpt lat="31.3128310" lon="30.0673950">
    <ele>3.0</ele>
    <time>2024-09-05T20:05:29Z</time>
   </trkpt>
   <trkpt lat="31.3128060" lon="30.0673620">
    <ele>2.9</ele>
    <time>2024-09-05T20:05:30Z</time>
   </trkpt>
   <trkpt lat="31.3127960" lon="30.0673450">
    <ele>2.9</ele>
    <time>2024-09-05T20:05:31Z</time>
   </trkpt>
   <trkpt lat="31.3127770" lon="30.0673070">
    <ele>2.8</ele>
    <time>2024-09-05T20:05:32Z</time>
   </trkpt>
   <trkpt lat="31.3127710" lon="30.0672960">
    <ele>2.8</ele>
    <time>2024-09-05T20:05:33Z</time>
   </trkpt>
   <trkpt lat="31.3127470" lon="30.0672620">
    <ele>2.7</ele>
    <time>2024-09-05T20:05:34Z</time>
   </trkpt>
   <trkpt lat="31.3127430" lon="30.0672490">
    <ele>2.6</ele>
    <time>2024-09-05T20:05:35Z</time>
   </trkpt>
   <trkpt lat="31.3127270" lon="30.0672230">
    <ele>2.6</ele>
    <time>2024-09-05T20:05:36Z</time>
   </trkpt>
   <trkpt lat="31.3127250" lon="30.0672100">
    <ele>2.6</ele>
    <time>2024-09-05T20:05:37Z</time>
   </trkpt>
   <trkpt lat="31.3127080" lon="30.0671780">
    <ele>2.5</ele>
    <time>2024-09-05T20:05:38Z</time>
   </trkpt>
   <trkpt lat="31.3127030" lon="30.0671670">
    <ele>2.5</ele>
    <time>2024-09-05T20:05:39Z</time>
   </trkpt>
   <trkpt lat="31.3126990" lon="30.0671310">
    <ele>2.5</ele>
    <time>2024-09-05T20:05:40Z</time>
   </trkpt>
   <trkpt lat="31.3126960" lon="30.0671200">
    <ele>2.5</ele>
    <time>2024-09-05T20:05:41Z</time>
   </trkpt>
   <trkpt lat="31.3126760" lon="30.0670890">
    <ele>2.4</ele>
    <time>2024-09-05T20:05:42Z</time>
   </trkpt>
   <trkpt lat="31.3126680" lon="30.0670780">
    <ele>2.4</ele>
    <time>2024-09-05T20:05:43Z</time>
   </trkpt>
   <trkpt lat="31.3126450" lon="30.0670490">
    <ele>2.4</ele>
    <time>2024-09-05T20:05:44Z</time>
   </trkpt>
   <trkpt lat="31.3126380" lon="30.0670410">
    <ele>2.4</ele>
    <time>2024-09-05T20:05:45Z</time>
   </trkpt>
   <trkpt lat="31.3126240" lon="30.0670060">
    <ele>2.3</ele>
    <time>2024-09-05T20:05:46Z</time>
   </trkpt>
   <trkpt lat="31.3126170" lon="30.0669960">
    <ele>2.3</ele>
    <time>2024-09-05T20:05:47Z</time>
   </trkpt>
   <trkpt lat="31.3125950" lon="30.0669710">
    <ele>2.2</ele>
    <time>2024-09-05T20:05:48Z</time>
   </trkpt>
   <trkpt lat="31.3125910" lon="30.0669610">
    <ele>2.2</ele>
    <time>2024-09-05T20:05:49Z</time>
   </trkpt>
   <trkpt lat="31.3125730" lon="30.0669230">
    <ele>2.1</ele>
    <time>2024-09-05T20:05:50Z</time>
   </trkpt>
   <trkpt lat="31.3125640" lon="30.0669090">
    <ele>2.0</ele>
    <time>2024-09-05T20:05:51Z</time>
   </trkpt>
   <trkpt lat="31.3125490" lon="30.0668710">
    <ele>1.9</ele>
    <time>2024-09-05T20:05:52Z</time>
   </trkpt>
   <trkpt lat="31.3125420" lon="30.0668600">
    <ele>1.9</ele>
    <time>2024-09-05T20:05:53Z</time>
   </trkpt>
   <trkpt lat="31.3125190" lon="30.0668270">
    <ele>1.8</ele>
    <time>2024-09-05T20:05:54Z</time>
   </trkpt>
   <trkpt lat="31.3125160" lon="30.0668130">
    <ele>1.7</ele>
    <time>2024-09-05T20:05:55Z</time>
   </trkpt>
   <trkpt lat="31.3125010" lon="30.0667730">
    <ele>1.6</ele>
    <time>2024-09-05T20:05:56Z</time>
   </trkpt>
   <trkpt lat="31.3124940" lon="30.0667620">
    <ele>1.6</ele>
    <time>2024-09-05T20:05:57Z</time>
   </trkpt>
   <trkpt lat="31.3124780" lon="30.0667320">
    <ele>1.5</ele>
    <time>2024-09-05T20:05:58Z</time>
   </trkpt>
   <trkpt lat="31.3124710" lon="30.0667200">
    <ele>1.5</ele>
    <time>2024-09-05T20:05:59Z</time>
   </trkpt>
   <trkpt lat="31.3124510" lon="30.0666930">
    <ele>1.4</ele>
    <time>2024-09-05T20:06:00Z</time>
   </trkpt>
   <trkpt lat="31.3124440" lon="30.0666610">
    <ele>1.3</ele>
    <time>2024-09-05T20:06:01Z</time>
   </trkpt>
   <trkpt lat="31.3124320" lon="30.0666240">
    <ele>1.2</ele>
    <time>2024-09-05T20:06:02Z</time>
   </trkpt>
   <trkpt lat="31.3124250" lon="30.0666140">
    <ele>1.1</ele>
    <time>2024-09-05T20:06:03Z</time>
   </trkpt>
   <trkpt lat="31.3124130" lon="30.0665770">
    <ele>1.0</ele>
    <time>2024-09-05T20:06:04Z</time>
   </trkpt>
   <trkpt lat="31.3124100" lon="30.0665690">
    <ele>1.0</ele>
    <time>2024-09-05T20:06:05Z</time>
   </trkpt>
   <trkpt lat="31.3123900" lon="30.0665340">
    <ele>0.9</ele>
    <time>2024-09-05T20:06:06Z</time>
   </trkpt>
   <trkpt lat="31.3123810" lon="30.0665210">
    <ele>0.8</ele>
    <time>2024-09-05T20:06:07Z</time>
   </trkpt>
   <trkpt lat="31.3123590" lon="30.0664900">
    <ele>0.7</ele>
    <time>2024-09-05T20:06:08Z</time>
   </trkpt>
   <trkpt lat="31.3123520" lon="30.0664790">
    <ele>0.7</ele>
    <time>2024-09-05T20:06:09Z</time>
   </trkpt>
   <trkpt lat="31.3123380" lon="30.0664510">
    <ele>0.6</ele>
    <time>2024-09-05T20:06:10Z</time>
   </trkpt>
   <trkpt lat="31.3123140" lon="30.0664210">
    <ele>0.5</ele>
    <time>2024-09-05T20:06:11Z</time>
   </trkpt>
   <trkpt lat="31.3123070" lon="30.0664100">
    <ele>0.4</ele>
    <time>2024-09-05T20:06:12Z</time>
   </trkpt>
   <trkpt lat="31.3123000" lon="30.0663790">
    <ele>0.3</ele>
    <time>2024-09-05T20:06:13Z</time>
   </trkpt>
   <trkpt lat="31.3122770" lon="30.0663500">
    <ele>0.3</ele>
    <time>2024-09-05T20:06:14Z</time>
   </trkpt>
   <trkpt lat="31.3122690" lon="30.0663390">
    <ele>0.2</ele>
    <time>2024-09-05T20:06:15Z</time>
   </trkpt>
   <trkpt lat="31.3122540" lon="30.0663050">
    <ele>0.2</ele>
    <time>2024-09-05T20:06:16Z</time>
   </trkpt>
   <trkpt lat="31.3122470" lon="30.0662940">
    <ele>0.1</ele>
    <time>2024-09-05T20:06:17Z</time>
   </trkpt>
   <trkpt lat="31.3122260" lon="30.0662560">
    <ele>0.1</ele>
    <time>2024-09-05T20:06:18Z</time>
   </trkpt>
   <trkpt lat="31.3122210" lon="30.0662420">
    <ele>0.1</ele>
    <time>2024-09-05T20:06:19Z</time>
   </trkpt>
   <trkpt lat="31.3122050" lon="30.0662070">
    <ele>0.1</ele>
    <time>2024-09-05T20:06:20Z</time>
   </trkpt>
   <trkpt lat="31.3121990" lon="30.0661950">
    <ele>0.1</ele>
    <time>2024-09-05T20:06:21Z</time>
   </trkpt>
   <trkpt lat="31.3121850" lon="30.0661580">
    <ele>0.2</ele>
    <time>2024-09-05T20:06:22Z</time>
   </trkpt>
   <trkpt lat="31.3121790" lon="30.0661480">
    <ele>0.2</ele>
    <time>2024-09-05T20:06:23Z</time>
   </trkpt>
   <trkpt lat="31.3121580" lon="30.0661110">
    <ele>0.3</ele>
    <time>2024-09-05T20:06:24Z</time>
   </trkpt>
   <trkpt lat="31.3121510" lon="30.0660990">
    <ele>0.4</ele>
    <time>2024-09-05T20:06:25Z</time>
   </trkpt>
   <trkpt lat="31.3121320" lon="30.0660620">
    <ele>0.5</ele>
    <time>2024-09-05T20:06:26Z</time>
   </trkpt>
   <trkpt lat="31.3121280" lon="30.0660480">
    <ele>0.6</ele>
    <time>2024-09-05T20:06:27Z</time>
   </trkpt>
   <trkpt lat="31.3121070" lon="30.0660160">
    <ele>0.7</ele>
    <time>2024-09-05T20:06:28Z</time>
   </trkpt>
   <trkpt lat="31.3121020" lon="30.0660040">
    <ele>0.8</ele>
    <time>2024-09-05T20:06:29Z</time>
   </trkpt>
   <trkpt lat="31.3120850" lon="30.0659690">
    <ele>0.8</ele>
    <time>2024-09-05T20:06:30Z</time>
   </trkpt>
   <trkpt lat="31.3120780" lon="30.0659590">
    <ele>0.8</ele>
    <time>2024-09-05T20:06:31Z</time>
   </trkpt>
   <trkpt lat="31.3120630" lon="30.0659210">
    <ele>0.9</ele>
    <time>2024-09-05T20:06:32Z</time>
   </trkpt>
   <trkpt lat="31.3120590" lon="30.0659090">
    <ele>0.9</ele>
    <time>2024-09-05T20:06:33Z</time>
   </trkpt>
   <trkpt lat="31.3120360" lon="30.0658730">
    <ele>0.9</ele>
    <time>2024-09-05T20:06:34Z</time>
   </trkpt>
   <trkpt lat="31.3120300" lon="30.0658600">
    <ele>1.0</ele>
    <time>2024-09-05T20:06:35Z</time>
   </trkpt>
   <trkpt lat="31.3120100" lon="30.0658250">
    <ele>1.0</ele>
    <time>2024-09-05T20:06:36Z</time>
   </trkpt>
   <trkpt lat="31.3120020" lon="30.0658150">
    <ele>1.0</ele>
    <time>2024-09-05T20:06:37Z</time>
   </trkpt>
   <trkpt lat="31.3119820" lon="30.0657770">
    <ele>1.1</ele>
    <time>2024-09-05T20:06:38Z</time>
   </trkpt>
   <trkpt lat="31.3119760" lon="30.0657630">
    <ele>1.1</ele>
    <time>2024-09-05T20:06:39Z</time>
   </trkpt>
   <trkpt lat="31.3119550" lon="30.0657310">
    <ele>1.2</ele>
    <time>2024-09-05T20:06:40Z</time>
   </trkpt>
   <trkpt lat="31.3119470" lon="30.0657190">
    <ele>1.2</ele>
    <time>2024-09-05T20:06:41Z</time>
   </trkpt>
   <trkpt lat="31.3119430" lon="30.0656800">
    <ele>1.3</ele>
    <time>2024-09-05T20:06:42Z</time>
   </trkpt>
   <trkpt lat="31.3119390" lon="30.0656700">
    <ele>1.3</ele>
    <time>2024-09-05T20:06:43Z</time>
   </trkpt>
   <trkpt lat="31.3119160" lon="30.0656320">
    <ele>1.4</ele>
    <time>2024-09-05T20:06:44Z</time>
   </trkpt>
   <trkpt lat="31.3119080" lon="30.0656190">
    <ele>1.4</ele>
    <time>2024-09-05T20:06:45Z</time>
   </trkpt>
   <trkpt lat="31.3118910" lon="30.0655850">
    <ele>1.5</ele>
    <time>2024-09-05T20:06:46Z</time>
   </trkpt>
   <trkpt lat="31.3118850" lon="30.0655730">
    <ele>1.5</ele>
    <time>2024-09-05T20:06:47Z</time>
   </trkpt>
   <trkpt lat="31.3118680" lon="30.0655350">
    <ele>1.6</ele>
    <time>2024-09-05T20:06:48Z</time>
   </trkpt>
   <trkpt lat="31.3118600" lon="30.0655250">
    <ele>1.7</ele>
    <time>2024-09-05T20:06:49Z</time>
   </trkpt>
   <trkpt lat="31.3118400" lon="30.0654880">
    <ele>1.7</ele>
    <time>2024-09-05T20:06:50Z</time>
   </trkpt>
   <trkpt lat="31.3118370" lon="30.0654760">
    <ele>1.8</ele>
    <time>2024-09-05T20:06:51Z</time>
   </trkpt>
   <trkpt lat="31.3118190" lon="30.0654470">
    <ele>1.8</ele>
    <time>2024-09-05T20:06:52Z</time>
   </trkpt>
   <trkpt lat="31.3118060" lon="30.0654180">
    <ele>1.9</ele>
    <time>2024-09-05T20:06:53Z</time>
   </trkpt>
   <trkpt lat="31.3117890" lon="30.0653810">
    <ele>2.0</ele>
    <time>2024-09-05T20:06:54Z</time>
   </trkpt>
   <trkpt lat="31.3117830" lon="30.0653690">
    <ele>2.0</ele>
    <time>2024-09-05T20:06:55Z</time>
   </trkpt>
   <trkpt lat="31.3117700" lon="30.0653360">
    <ele>2.2</ele>
    <time>2024-09-05T20:06:56Z</time>
   </trkpt>
   <trkpt lat="31.3117610" lon="30.0653160">
    <ele>2.2</ele>
    <time>2024-09-05T20:06:57Z</time>
   </trkpt>
   <trkpt lat="31.3117500" lon="30.0653050">
    <ele>2.3</ele>
    <time>2024-09-05T20:06:58Z</time>
   </trkpt>
   <trkpt lat="31.3117410" lon="30.0652730">
    <ele>2.4</ele>
    <time>2024-09-05T20:06:59Z</time>
   </trkpt>
   <trkpt lat="31.3117290" lon="30.0652400">
    <ele>2.5</ele>
    <time>2024-09-05T20:07:00Z</time>
   </trkpt>
   <trkpt lat="31.3117250" lon="30.0652310">
    <ele>2.6</ele>
    <time>2024-09-05T20:07:01Z</time>
   </trkpt>
   <trkpt lat="31.3117060" lon="30.0652050">
    <ele>2.7</ele>
    <time>2024-09-05T20:07:02Z</time>
   </trkpt>
   <trkpt lat="31.3116840" lon="30.0651780">
    <ele>2.8</ele>
    <time>2024-09-05T20:07:03Z</time>
   </trkpt>
   <trkpt lat="31.3116600" lon="30.0651430">
    <ele>3.0</ele>
    <time>2024-09-05T20:07:04Z</time>
   </trkpt>
   <trkpt lat="31.3116560" lon="30.0651280">
    <ele>3.1</ele>
    <time>2024-09-05T20:07:05Z</time>
   </trkpt>
   <trkpt lat="31.3116380" lon="30.0650920">
    <ele>3.2</ele>
    <time>2024-09-05T20:07:06Z</time>
   </trkpt>
   <trkpt lat="31.3116290" lon="30.0650820">
    <ele>3.3</ele>
    <time>2024-09-05T20:07:07Z</time>
   </trkpt>
   <trkpt lat="31.3116100" lon="30.0650520">
    <ele>3.4</ele>
    <time>2024-09-05T20:07:08Z</time>
   </trkpt>
   <trkpt lat="31.3115910" lon="30.0650170">
    <ele>3.6</ele>
    <time>2024-09-05T20:07:09Z</time>
   </trkpt>
   <trkpt lat="31.3115790" lon="30.0649870">
    <ele>3.7</ele>
    <time>2024-09-05T20:07:10Z</time>
   </trkpt>
   <trkpt lat="31.3115600" lon="30.0649620">
    <ele>3.8</ele>
    <time>2024-09-05T20:07:11Z</time>
   </trkpt>
   <trkpt lat="31.3115410" lon="30.0649380">
    <ele>3.8</ele>
    <time>2024-09-05T20:07:12Z</time>
   </trkpt>
   <trkpt lat="31.3115210" lon="30.0649000">
    <ele>3.9</ele>
    <time>2024-09-05T20:07:13Z</time>
   </trkpt>
   <trkpt lat="31.3115140" lon="30.0648870">
    <ele>4.0</ele>
    <time>2024-09-05T20:07:14Z</time>
   </trkpt>
   <trkpt lat="31.3114990" lon="30.0648460">
    <ele>4.0</ele>
    <time>2024-09-05T20:07:15Z</time>
   </trkpt>
   <trkpt lat="31.3114970" lon="30.0648320">
    <ele>3.9</ele>
    <time>2024-09-05T20:07:16Z</time>
   </trkpt>
   <trkpt lat="31.3114900" lon="30.0647960">
    <ele>3.9</ele>
    <time>2024-09-05T20:07:17Z</time>
   </trkpt>
   <trkpt lat="31.3114640" lon="30.0647620">
    <ele>3.9</ele>
    <time>2024-09-05T20:07:18Z</time>
   </trkpt>
   <trkpt lat="31.3114540" lon="30.0647510">
    <ele>3.9</ele>
    <time>2024-09-05T20:07:19Z</time>
   </trkpt>
   <trkpt lat="31.3114390" lon="30.0647210">
    <ele>3.9</ele>
    <time>2024-09-05T20:07:20Z</time>
   </trkpt>
   <trkpt lat="31.3114220" lon="30.0646840">
    <ele>3.9</ele>
    <time>2024-09-05T20:07:21Z</time>
   </trkpt>
   <trkpt lat="31.3114150" lon="30.0646740">
    <ele>3.8</ele>
    <time>2024-09-05T20:07:22Z</time>
   </trkpt>
   <trkpt lat="31.3113930" lon="30.0646360">
    <ele>3.8</ele>
    <time>2024-09-05T20:07:23Z</time>
   </trkpt>
   <trkpt lat="31.3113830" lon="30.0646240">
    <ele>3.8</ele>
    <time>2024-09-05T20:07:24Z</time>
   </trkpt>
   <trkpt lat="31.3113640" lon="30.0645910">
    <ele>3.7</ele>
    <time>2024-09-05T20:07:25Z</time>
   </trkpt>
   <trkpt lat="31.3113570" lon="30.0645800">
    <ele>3.7</ele>
    <time>2024-09-05T20:07:26Z</time>
   </trkpt>
   <trkpt lat="31.3113420" lon="30.0645480">
    <ele>3.6</ele>
    <time>2024-09-05T20:07:27Z</time>
   </trkpt>
   <trkpt lat="31.3113370" lon="30.0645370">
    <ele>3.6</ele>
    <time>2024-09-05T20:07:28Z</time>
   </trkpt>
   <trkpt lat="31.3113220" lon="30.0644970">
    <ele>3.5</ele>
    <time>2024-09-05T20:07:29Z</time>
   </trkpt>
   <trkpt lat="31.3113150" lon="30.0644840">
    <ele>3.5</ele>
    <time>2024-09-05T20:07:30Z</time>
   </trkpt>
   <trkpt lat="31.3112950" lon="30.0644490">
    <ele>3.4</ele>
    <time>2024-09-05T20:07:31Z</time>
   </trkpt>
   <trkpt lat="31.3112900" lon="30.0644370">
    <ele>3.4</ele>
    <time>2024-09-05T20:07:32Z</time>
   </trkpt>
   <trkpt lat="31.3112730" lon="30.0644070">
    <ele>3.3</ele>
    <time>2024-09-05T20:07:33Z</time>
   </trkpt>
   <trkpt lat="31.3112710" lon="30.0643910">
    <ele>3.3</ele>
    <time>2024-09-05T20:07:34Z</time>
   </trkpt>
   <trkpt lat="31.3112650" lon="30.0643520">
    <ele>3.2</ele>
    <time>2024-09-05T20:07:35Z</time>
   </trkpt>
   <trkpt lat="31.3112610" lon="30.0643420">
    <ele>3.2</ele>
    <time>2024-09-05T20:07:36Z</time>
   </trkpt>
   <trkpt lat="31.3112430" lon="30.0643120">
    <ele>3.1</ele>
    <time>2024-09-05T20:07:37Z</time>
   </trkpt>
   <trkpt lat="31.3112380" lon="30.0643010">
    <ele>3.1</ele>
    <time>2024-09-05T20:07:38Z</time>
   </trkpt>
   <trkpt lat="31.3112190" lon="30.0642710">
    <ele>3.1</ele>
    <time>2024-09-05T20:07:39Z</time>
   </trkpt>
   <trkpt lat="31.3112130" lon="30.0642600">
    <ele>3.1</ele>
    <time>2024-09-05T20:07:40Z</time>
   </trkpt>
   <trkpt lat="31.3111910" lon="30.0642270">
    <ele>3.0</ele>
    <time>2024-09-05T20:07:41Z</time>
   </trkpt>
   <trkpt lat="31.3111800" lon="30.0642190">
    <ele>3.0</ele>
    <time>2024-09-05T20:07:42Z</time>
   </trkpt>
   <trkpt lat="31.3111590" lon="30.0641850">
    <ele>3.0</ele>
    <time>2024-09-05T20:07:43Z</time>
   </trkpt>
   <trkpt lat="31.3111500" lon="30.0641720">
    <ele>3.0</ele>
    <time>2024-09-05T20:07:44Z</time>
   </trkpt>
   <trkpt lat="31.3111240" lon="30.0641360">
    <ele>2.9</ele>
    <time>2024-09-05T20:07:45Z</time>
   </trkpt>
   <trkpt lat="31.3111150" lon="30.0641230">
    <ele>2.9</ele>
    <time>2024-09-05T20:07:46Z</time>
   </trkpt>
   <trkpt lat="31.3111020" lon="30.0640950">
    <ele>2.9</ele>
    <time>2024-09-05T20:07:47Z</time>
   </trkpt>
   <trkpt lat="31.3110840" lon="30.0640640">
    <ele>2.9</ele>
    <time>2024-09-05T20:07:48Z</time>
   </trkpt>
   <trkpt lat="31.3110720" lon="30.0640330">
    <ele>2.9</ele>
    <time>2024-09-05T20:07:49Z</time>
   </trkpt>
   <trkpt lat="31.3110620" lon="30.0640020">
    <ele>2.9</ele>
    <time>2024-09-05T20:07:50Z</time>
   </trkpt>
   <trkpt lat="31.3110430" lon="30.0639780">
    <ele>2.9</ele>
    <time>2024-09-05T20:07:51Z</time>
   </trkpt>
   <trkpt lat="31.3110250" lon="30.0639430">
    <ele>2.9</ele>
    <time>2024-09-05T20:07:52Z</time>
   </trkpt>
   <trkpt lat="31.3110220" lon="30.0639290">
    <ele>3.0</ele>
    <time>2024-09-05T20:07:53Z</time>
   </trkpt>
   <trkpt lat="31.3110070" lon="30.0639000">
    <ele>3.0</ele>
    <time>2024-09-05T20:07:54Z</time>
   </trkpt>
   <trkpt lat="31.3109960" lon="30.0638690">
    <ele>3.0</ele>
    <time>2024-09-05T20:07:55Z</time>
   </trkpt>
   <trkpt lat="31.3109770" lon="30.0638310">
    <ele>3.1</ele>
    <time>2024-09-05T20:07:56Z</time>
   </trkpt>
   <trkpt lat="31.3109690" lon="30.0638170">
    <ele>3.1</ele>
    <time>2024-09-05T20:07:57Z</time>
   </trkpt>
   <trkpt lat="31.3109550" lon="30.0637830">
    <ele>3.1</ele>
    <time>2024-09-05T20:07:58Z</time>
   </trkpt>
   <trkpt lat="31.3109490" lon="30.0637750">
    <ele>3.1</ele>
    <time>2024-09-05T20:07:59Z</time>
   </trkpt>
   <trkpt lat="31.3109330" lon="30.0637470">
    <ele>3.2</ele>
    <time>2024-09-05T20:08:00Z</time>
   </trkpt>
   <trkpt lat="31.3109210" lon="30.0637070">
    <ele>3.3</ele>
    <time>2024-09-05T20:08:01Z</time>
   </trkpt>
   <trkpt lat="31.3109160" lon="30.0636910">
    <ele>3.4</ele>
    <time>2024-09-05T20:08:02Z</time>
   </trkpt>
   <trkpt lat="31.3108980" lon="30.0636680">
    <ele>3.5</ele>
    <time>2024-09-05T20:08:03Z</time>
   </trkpt>
   <trkpt lat="31.3108830" lon="30.0636310">
    <ele>3.6</ele>
    <time>2024-09-05T20:08:04Z</time>
   </trkpt>
   <trkpt lat="31.3108770" lon="30.0636210">
    <ele>3.6</ele>
    <time>2024-09-05T20:08:05Z</time>
   </trkpt>
   <trkpt lat="31.3108520" lon="30.0635920">
    <ele>3.7</ele>
    <time>2024-09-05T20:08:06Z</time>
   </trkpt>
   <trkpt lat="31.3108470" lon="30.0635830">
    <ele>3.7</ele>
    <time>2024-09-05T20:08:07Z</time>
   </trkpt>
   <trkpt lat="31.3108350" lon="30.0635460">
    <ele>3.7</ele>
    <time>2024-09-05T20:08:08Z</time>
   </trkpt>
   <trkpt lat="31.3108270" lon="30.0635310">
    <ele>3.7</ele>
    <time>2024-09-05T20:08:09Z</time>
   </trkpt>
   <trkpt lat="31.3108090" lon="30.0634970">
    <ele>3.7</ele>
    <time>2024-09-05T20:08:10Z</time>
   </trkpt>
   <trkpt lat="31.3108020" lon="30.0634870">
    <ele>3.7</ele>
    <time>2024-09-05T20:08:11Z</time>
   </trkpt>
   <trkpt lat="31.3107840" lon="30.0634560">
    <ele>3.7</ele>
    <time>2024-09-05T20:08:12Z</time>
   </trkpt>
   <trkpt lat="31.3107790" lon="30.0634480">
    <ele>3.7</ele>
    <time>2024-09-05T20:08:13Z</time>
   </trkpt>
   <trkpt lat="31.3107580" lon="30.0634090">
    <ele>3.7</ele>
    <time>2024-09-05T20:08:14Z</time>
   </trkpt>
   <trkpt lat="31.3107530" lon="30.0633940">
    <ele>3.7</ele>
    <time>2024-09-05T20:08:15Z</time>
   </trkpt>
   <trkpt lat="31.3107260" lon="30.0633670">
    <ele>3.7</ele>
    <time>2024-09-05T20:08:16Z</time>
   </trkpt>
   <trkpt lat="31.3107200" lon="30.0633570">
    <ele>3.7</ele>
    <time>2024-09-05T20:08:17Z</time>
   </trkpt>
   <trkpt lat="31.3107100" lon="30.0633280">
    <ele>3.8</ele>
    <time>2024-09-05T20:08:18Z</time>
   </trkpt>
   <trkpt lat="31.3106930" lon="30.0633020">
    <ele>3.8</ele>
    <time>2024-09-05T20:08:19Z</time>
   </trkpt>
   <trkpt lat="31.3106760" lon="30.0632610">
    <ele>3.8</ele>
    <time>2024-09-05T20:08:20Z</time>
   </trkpt>
   <trkpt lat="31.3106700" lon="30.0632440">
    <ele>3.9</ele>
    <time>2024-09-05T20:08:21Z</time>
   </trkpt>
   <trkpt lat="31.3106550" lon="30.0632080">
    <ele>3.9</ele>
    <time>2024-09-05T20:08:22Z</time>
   </trkpt>
   <trkpt lat="31.3106500" lon="30.0631970">
    <ele>3.9</ele>
    <time>2024-09-05T20:08:23Z</time>
   </trkpt>
   <trkpt lat="31.3106340" lon="30.0631710">
    <ele>4.0</ele>
    <time>2024-09-05T20:08:24Z</time>
   </trkpt>
   <trkpt lat="31.3106170" lon="30.0631320">
    <ele>4.1</ele>
    <time>2024-09-05T20:08:25Z</time>
   </trkpt>
   <trkpt lat="31.3106120" lon="30.0631220">
    <ele>4.1</ele>
    <time>2024-09-05T20:08:26Z</time>
   </trkpt>
   <trkpt lat="31.3105960" lon="30.0630940">
    <ele>4.1</ele>
    <time>2024-09-05T20:08:27Z</time>
   </trkpt>
   <trkpt lat="31.3105780" lon="30.0630700">
    <ele>4.2</ele>
    <time>2024-09-05T20:08:28Z</time>
   </trkpt>
   <trkpt lat="31.3105630" lon="30.0630380">
    <ele>4.3</ele>
    <time>2024-09-05T20:08:29Z</time>
   </trkpt>
   <trkpt lat="31.3105580" lon="30.0630260">
    <ele>4.3</ele>
    <time>2024-09-05T20:08:30Z</time>
   </trkpt>
   <trkpt lat="31.3105410" lon="30.0629930">
    <ele>4.4</ele>
    <time>2024-09-05T20:08:31Z</time>
   </trkpt>
   <trkpt lat="31.3105370" lon="30.0629820">
    <ele>4.4</ele>
    <time>2024-09-05T20:08:32Z</time>
   </trkpt>
   <trkpt lat="31.3105200" lon="30.0629460">
    <ele>4.5</ele>
    <time>2024-09-05T20:08:33Z</time>
   </trkpt>
   <trkpt lat="31.3105150" lon="30.0629350">
    <ele>4.5</ele>
    <time>2024-09-05T20:08:34Z</time>
   </trkpt>
   <trkpt lat="31.3104930" lon="30.0629020">
    <ele>4.6</ele>
    <time>2024-09-05T20:08:35Z</time>
   </trkpt>
   <trkpt lat="31.3104860" lon="30.0628890">
    <ele>4.6</ele>
    <time>2024-09-05T20:08:36Z</time>
   </trkpt>
   <trkpt lat="31.3104680" lon="30.0628590">
    <ele>4.7</ele>
    <time>2024-09-05T20:08:37Z</time>
   </trkpt>
   <trkpt lat="31.3104650" lon="30.0628500">
    <ele>4.7</ele>
    <time>2024-09-05T20:08:38Z</time>
   </trkpt>
   <trkpt lat="31.3104520" lon="30.0628200">
    <ele>4.7</ele>
    <time>2024-09-05T20:08:39Z</time>
   </trkpt>
   <trkpt lat="31.3104330" lon="30.0627970">
    <ele>4.8</ele>
    <time>2024-09-05T20:08:40Z</time>
   </trkpt>
   <trkpt lat="31.3104180" lon="30.0627620">
    <ele>4.8</ele>
    <time>2024-09-05T20:08:41Z</time>
   </trkpt>
   <trkpt lat="31.3104120" lon="30.0627470">
    <ele>4.8</ele>
    <time>2024-09-05T20:08:42Z</time>
   </trkpt>
   <trkpt lat="31.3103890" lon="30.0627140">
    <ele>4.8</ele>
    <time>2024-09-05T20:08:43Z</time>
   </trkpt>
   <trkpt lat="31.3103820" lon="30.0627040">
    <ele>4.8</ele>
    <time>2024-09-05T20:08:44Z</time>
   </trkpt>
   <trkpt lat="31.3103620" lon="30.0626670">
    <ele>4.9</ele>
    <time>2024-09-05T20:08:45Z</time>
   </trkpt>
   <trkpt lat="31.3103530" lon="30.0626550">
    <ele>4.9</ele>
    <time>2024-09-05T20:08:46Z</time>
   </trkpt>
   <trkpt lat="31.3103330" lon="30.0626240">
    <ele>4.9</ele>
    <time>2024-09-05T20:08:47Z</time>
   </trkpt>
   <trkpt lat="31.3103250" lon="30.0626100">
    <ele>4.9</ele>
    <time>2024-09-05T20:08:48Z</time>
   </trkpt>
   <trkpt lat="31.3102970" lon="30.0625780">
    <ele>4.9</ele>
    <time>2024-09-05T20:08:49Z</time>
   </trkpt>
   <trkpt lat="31.3102890" lon="30.0625680">
    <ele>4.9</ele>
    <time>2024-09-05T20:08:50Z</time>
   </trkpt>
   <trkpt lat="31.3102640" lon="30.0625430">
    <ele>4.9</ele>
    <time>2024-09-05T20:08:51Z</time>
   </trkpt>
   <trkpt lat="31.3102360" lon="30.0625250">
    <ele>4.9</ele>
    <time>2024-09-05T20:08:52Z</time>
   </trkpt>
   <trkpt lat="31.3102270" lon="30.0625190">
    <ele>4.9</ele>
    <time>2024-09-05T20:08:53Z</time>
   </trkpt>
   <trkpt lat="31.3101980" lon="30.0625070">
    <ele>4.9</ele>
    <time>2024-09-05T20:08:54Z</time>
   </trkpt>
   <trkpt lat="31.3101710" lon="30.0624890">
    <ele>4.9</ele>
    <time>2024-09-05T20:08:55Z</time>
   </trkpt>
   <trkpt lat="31.3101640" lon="30.0624830">
    <ele>4.9</ele>
    <time>2024-09-05T20:08:56Z</time>
   </trkpt>
   <trkpt lat="31.3101360" lon="30.0624670">
    <ele>4.9</ele>
    <time>2024-09-05T20:08:57Z</time>
   </trkpt>
   <trkpt lat="31.3101060" lon="30.0624520">
    <ele>4.9</ele>
    <time>2024-09-05T20:08:58Z</time>
   </trkpt>
   <trkpt lat="31.3100950" lon="30.0624460">
    <ele>4.9</ele>
    <time>2024-09-05T20:08:59Z</time>
   </trkpt>
   <trkpt lat="31.3100690" lon="30.0624300">
    <ele>4.9</ele>
    <time>2024-09-05T20:09:00Z</time>
   </trkpt>
   <trkpt lat="31.3100390" lon="30.0624080">
    <ele>4.8</ele>
    <time>2024-09-05T20:09:01Z</time>
   </trkpt>
   <trkpt lat="31.3100280" lon="30.0624000">
    <ele>4.8</ele>
    <time>2024-09-05T20:09:02Z</time>
   </trkpt>
   <trkpt lat="31.3099930" lon="30.0623880">
    <ele>4.8</ele>
    <time>2024-09-05T20:09:03Z</time>
   </trkpt>
   <trkpt lat="31.3099820" lon="30.0623850">
    <ele>4.8</ele>
    <time>2024-09-05T20:09:04Z</time>
   </trkpt>
   <trkpt lat="31.3099560" lon="30.0623720">
    <ele>4.8</ele>
    <time>2024-09-05T20:09:05Z</time>
   </trkpt>
   <trkpt lat="31.3099290" lon="30.0623640">
    <ele>4.7</ele>
    <time>2024-09-05T20:09:06Z</time>
   </trkpt>
   <trkpt lat="31.3098930" lon="30.0623610">
    <ele>4.7</ele>
    <time>2024-09-05T20:09:07Z</time>
   </trkpt>
   <trkpt lat="31.3098800" lon="30.0623570">
    <ele>4.7</ele>
    <time>2024-09-05T20:09:08Z</time>
   </trkpt>
   <trkpt lat="31.3098440" lon="30.0623590">
    <ele>4.7</ele>
    <time>2024-09-05T20:09:09Z</time>
   </trkpt>
   <trkpt lat="31.3098330" lon="30.0623590">
    <ele>4.7</ele>
    <time>2024-09-05T20:09:10Z</time>
   </trkpt>
   <trkpt lat="31.3098050" lon="30.0623560">
    <ele>4.7</ele>
    <time>2024-09-05T20:09:11Z</time>
   </trkpt>
   <trkpt lat="31.3097690" lon="30.0623540">
    <ele>4.7</ele>
    <time>2024-09-05T20:09:12Z</time>
   </trkpt>
   <trkpt lat="31.3097560" lon="30.0623550">
    <ele>4.7</ele>
    <time>2024-09-05T20:09:13Z</time>
   </trkpt>
   <trkpt lat="31.3097190" lon="30.0623600">
    <ele>4.7</ele>
    <time>2024-09-05T20:09:14Z</time>
   </trkpt>
   <trkpt lat="31.3097080" lon="30.0623640">
    <ele>4.7</ele>
    <time>2024-09-05T20:09:15Z</time>
   </trkpt>
   <trkpt lat="31.3096720" lon="30.0623650">
    <ele>4.6</ele>
    <time>2024-09-05T20:09:16Z</time>
   </trkpt>
   <trkpt lat="31.3096600" lon="30.0623650">
    <ele>4.6</ele>
    <time>2024-09-05T20:09:17Z</time>
   </trkpt>
   <trkpt lat="31.3096310" lon="30.0623730">
    <ele>4.6</ele>
    <time>2024-09-05T20:09:18Z</time>
   </trkpt>
   <trkpt lat="31.3096200" lon="30.0623730">
    <ele>4.5</ele>
    <time>2024-09-05T20:09:19Z</time>
   </trkpt>
   <trkpt lat="31.3095920" lon="30.0623740">
    <ele>4.4</ele>
    <time>2024-09-05T20:09:20Z</time>
   </trkpt>
   <trkpt lat="31.3095550" lon="30.0623870">
    <ele>4.3</ele>
    <time>2024-09-05T20:09:21Z</time>
   </trkpt>
   <trkpt lat="31.3095410" lon="30.0623920">
    <ele>4.2</ele>
    <time>2024-09-05T20:09:22Z</time>
   </trkpt>
   <trkpt lat="31.3095150" lon="30.0624030">
    <ele>4.2</ele>
    <time>2024-09-05T20:09:23Z</time>
   </trkpt>
   <trkpt lat="31.3094840" lon="30.0624130">
    <ele>4.3</ele>
    <time>2024-09-05T20:09:24Z</time>
   </trkpt>
   <trkpt lat="31.3094720" lon="30.0624160">
    <ele>4.3</ele>
    <time>2024-09-05T20:09:25Z</time>
   </trkpt>
   <trkpt lat="31.3094450" lon="30.0624290">
    <ele>4.4</ele>
    <time>2024-09-05T20:09:26Z</time>
   </trkpt>
   <trkpt lat="31.3094180" lon="30.0624410">
    <ele>4.5</ele>
    <time>2024-09-05T20:09:27Z</time>
   </trkpt>
   <trkpt lat="31.3094050" lon="30.0624460">
    <ele>4.5</ele>
    <time>2024-09-05T20:09:28Z</time>
   </trkpt>
   <trkpt lat="31.3093720" lon="30.0624580">
    <ele>4.6</ele>
    <time>2024-09-05T20:09:29Z</time>
   </trkpt>
   <trkpt lat="31.3093650" lon="30.0624610">
    <ele>4.6</ele>
    <time>2024-09-05T20:09:30Z</time>
   </trkpt>
   <trkpt lat="31.3093280" lon="30.0624750">
    <ele>4.6</ele>
    <time>2024-09-05T20:09:31Z</time>
   </trkpt>
   <trkpt lat="31.3093160" lon="30.0624810">
    <ele>4.6</ele>
    <time>2024-09-05T20:09:32Z</time>
   </trkpt>
   <trkpt lat="31.3092880" lon="30.0625020">
    <ele>4.5</ele>
    <time>2024-09-05T20:09:33Z</time>
   </trkpt>
   <trkpt lat="31.3092780" lon="30.0625080">
    <ele>4.5</ele>
    <time>2024-09-05T20:09:34Z</time>
   </trkpt>
   <trkpt lat="31.3092480" lon="30.0625250">
    <ele>4.4</ele>
    <time>2024-09-05T20:09:35Z</time>
   </trkpt>
   <trkpt lat="31.3092400" lon="30.0625330">
    <ele>4.4</ele>
    <time>2024-09-05T20:09:36Z</time>
   </trkpt>
   <trkpt lat="31.3092070" lon="30.0625510">
    <ele>4.3</ele>
    <time>2024-09-05T20:09:37Z</time>
   </trkpt>
   <trkpt lat="31.3091960" lon="30.0625570">
    <ele>4.3</ele>
    <time>2024-09-05T20:09:38Z</time>
   </trkpt>
   <trkpt lat="31.3091740" lon="30.0625790">
    <ele>4.2</ele>
    <time>2024-09-05T20:09:39Z</time>
   </trkpt>
   <trkpt lat="31.3091640" lon="30.0625880">
    <ele>4.2</ele>
    <time>2024-09-05T20:09:40Z</time>
   </trkpt>
   <trkpt lat="31.3091360" lon="30.0626040">
    <ele>4.1</ele>
    <time>2024-09-05T20:09:41Z</time>
   </trkpt>
   <trkpt lat="31.3091260" lon="30.0626100">
    <ele>4.1</ele>
    <time>2024-09-05T20:09:42Z</time>
   </trkpt>
   <trkpt lat="31.3090970" lon="30.0626160">
    <ele>4.1</ele>
    <time>2024-09-05T20:09:43Z</time>
   </trkpt>
   <trkpt lat="31.3090730" lon="30.0626440">
    <ele>4.0</ele>
    <time>2024-09-05T20:09:44Z</time>
   </trkpt>
   <trkpt lat="31.3090610" lon="30.0626490">
    <ele>4.0</ele>
    <time>2024-09-05T20:09:45Z</time>
   </trkpt>
   <trkpt lat="31.3090300" lon="30.0626720">
    <ele>3.9</ele>
    <time>2024-09-05T20:09:46Z</time>
   </trkpt>
   <trkpt lat="31.3090200" lon="30.0626780">
    <ele>3.9</ele>
    <time>2024-09-05T20:09:47Z</time>
   </trkpt>
   <trkpt lat="31.3089860" lon="30.0626980">
    <ele>3.8</ele>
    <time>2024-09-05T20:09:48Z</time>
   </trkpt>
   <trkpt lat="31.3089750" lon="30.0627060">
    <ele>3.8</ele>
    <time>2024-09-05T20:09:49Z</time>
   </trkpt>
   <trkpt lat="31.3089470" lon="30.0627240">
    <ele>3.8</ele>
    <time>2024-09-05T20:09:50Z</time>
   </trkpt>
   <trkpt lat="31.3089360" lon="30.0627310">
    <ele>3.8</ele>
    <time>2024-09-05T20:09:51Z</time>
   </trkpt>
   <trkpt lat="31.3089120" lon="30.0627450">
    <ele>3.7</ele>
    <time>2024-09-05T20:09:52Z</time>
   </trkpt>
   <trkpt lat="31.3088860" lon="30.0627610">
    <ele>3.7</ele>
    <time>2024-09-05T20:09:53Z</time>
   </trkpt>
   <trkpt lat="31.3088760" lon="30.0627630">
    <ele>3.7</ele>
    <time>2024-09-05T20:09:54Z</time>
   </trkpt>
   <trkpt lat="31.3088430" lon="30.0627880">
    <ele>3.6</ele>
    <time>2024-09-05T20:09:55Z</time>
   </trkpt>
   <trkpt lat="31.3088320" lon="30.0627950">
    <ele>3.6</ele>
    <time>2024-09-05T20:09:56Z</time>
   </trkpt>
   <trkpt lat="31.3088010" lon="30.0628140">
    <ele>3.6</ele>
    <time>2024-09-05T20:09:57Z</time>
   </trkpt>
   <trkpt lat="31.3087900" lon="30.0628200">
    <ele>3.6</ele>
    <time>2024-09-05T20:09:58Z</time>
   </trkpt>
   <trkpt lat="31.3087630" lon="30.0628490">
    <ele>3.6</ele>
    <time>2024-09-05T20:09:59Z</time>
   </trkpt>
   <trkpt lat="31.3087530" lon="30.0628570">
    <ele>3.6</ele>
    <time>2024-09-05T20:10:00Z</time>
   </trkpt>
   <trkpt lat="31.3087300" lon="30.0628780">
    <ele>3.6</ele>
    <time>2024-09-05T20:10:01Z</time>
   </trkpt>
   <trkpt lat="31.3087180" lon="30.0628860">
    <ele>3.6</ele>
    <time>2024-09-05T20:10:02Z</time>
   </trkpt>
   <trkpt lat="31.3087070" lon="30.0628950">
    <ele>3.6</ele>
    <time>2024-09-05T20:10:03Z</time>
   </trkpt>
   <trkpt lat="31.3086810" lon="30.0629150">
    <ele>3.6</ele>
    <time>2024-09-05T20:10:04Z</time>
   </trkpt>
   <trkpt lat="31.3086510" lon="30.0629330">
    <ele>3.6</ele>
    <time>2024-09-05T20:10:05Z</time>
   </trkpt>
   <trkpt lat="31.3086400" lon="30.0629350">
    <ele>3.6</ele>
    <time>2024-09-05T20:10:06Z</time>
   </trkpt>
   <trkpt lat="31.3086160" lon="30.0629620">
    <ele>3.6</ele>
    <time>2024-09-05T20:10:07Z</time>
   </trkpt>
   <trkpt lat="31.3086110" lon="30.0629700">
    <ele>3.6</ele>
    <time>2024-09-05T20:10:08Z</time>
   </trkpt>
   <trkpt lat="31.3085820" lon="30.0629940">
    <ele>3.7</ele>
    <time>2024-09-05T20:10:09Z</time>
   </trkpt>
   <trkpt lat="31.3085730" lon="30.0630010">
    <ele>3.7</ele>
    <time>2024-09-05T20:10:10Z</time>
   </trkpt>
   <trkpt lat="31.3085490" lon="30.0630250">
    <ele>3.6</ele>
    <time>2024-09-05T20:10:11Z</time>
   </trkpt>
   <trkpt lat="31.3085390" lon="30.0630330">
    <ele>3.5</ele>
    <time>2024-09-05T20:10:12Z</time>
   </trkpt>
   <trkpt lat="31.3085130" lon="30.0630580">
    <ele>3.3</ele>
    <time>2024-09-05T20:10:13Z</time>
   </trkpt>
   <trkpt lat="31.3085060" lon="30.0630660">
    <ele>3.2</ele>
    <time>2024-09-05T20:10:14Z</time>
   </trkpt>
   <trkpt lat="31.3084780" lon="30.0630870">
    <ele>3.0</ele>
    <time>2024-09-05T20:10:15Z</time>
   </trkpt>
   <trkpt lat="31.3084680" lon="30.0630950">
    <ele>2.9</ele>
    <time>2024-09-05T20:10:16Z</time>
   </trkpt>
   <trkpt lat="31.3084460" lon="30.0631250">
    <ele>2.7</ele>
    <time>2024-09-05T20:10:17Z</time>
   </trkpt>
   <trkpt lat="31.3084360" lon="30.0631340">
    <ele>2.6</ele>
    <time>2024-09-05T20:10:18Z</time>
   </trkpt>
   <trkpt lat="31.3084100" lon="30.0631630">
    <ele>2.4</ele>
    <time>2024-09-05T20:10:19Z</time>
   </trkpt>
   <trkpt lat="31.3084030" lon="30.0631740">
    <ele>2.3</ele>
    <time>2024-09-05T20:10:20Z</time>
   </trkpt>
   <trkpt lat="31.3083740" lon="30.0631960">
    <ele>2.1</ele>
    <time>2024-09-05T20:10:21Z</time>
   </trkpt>
   <trkpt lat="31.3083650" lon="30.0632040">
    <ele>2.0</ele>
    <time>2024-09-05T20:10:22Z</time>
   </trkpt>
   <trkpt lat="31.3083340" lon="30.0632220">
    <ele>2.0</ele>
    <time>2024-09-05T20:10:23Z</time>
   </trkpt>
   <trkpt lat="31.3083220" lon="30.0632270">
    <ele>2.0</ele>
    <time>2024-09-05T20:10:24Z</time>
   </trkpt>
   <trkpt lat="31.3082930" lon="30.0632510">
    <ele>2.0</ele>
    <time>2024-09-05T20:10:25Z</time>
   </trkpt>
   <trkpt lat="31.3082820" lon="30.0632550">
    <ele>2.0</ele>
    <time>2024-09-05T20:10:26Z</time>
   </trkpt>
   <trkpt lat="31.3082460" lon="30.0632720">
    <ele>2.0</ele>
    <time>2024-09-05T20:10:27Z</time>
   </trkpt>
   <trkpt lat="31.3082350" lon="30.0632790">
    <ele>2.0</ele>
    <time>2024-09-05T20:10:28Z</time>
   </trkpt>
   <trkpt lat="31.3082020" lon="30.0632950">
    <ele>2.1</ele>
    <time>2024-09-05T20:10:29Z</time>
   </trkpt>
   <trkpt lat="31.3081900" lon="30.0633000">
    <ele>2.1</ele>
    <time>2024-09-05T20:10:30Z</time>
   </trkpt>
   <trkpt lat="31.3081590" lon="30.0633210">
    <ele>2.1</ele>
    <time>2024-09-05T20:10:31Z</time>
   </trkpt>
   <trkpt lat="31.3081490" lon="30.0633280">
    <ele>2.2</ele>
    <time>2024-09-05T20:10:32Z</time>
   </trkpt>
   <trkpt lat="31.3081190" lon="30.0633520">
    <ele>2.2</ele>
    <time>2024-09-05T20:10:33Z</time>
   </trkpt>
   <trkpt lat="31.3081090" lon="30.0633600">
    <ele>2.2</ele>
    <time>2024-09-05T20:10:34Z</time>
   </trkpt>
   <trkpt lat="31.3080750" lon="30.0633780">
    <ele>2.3</ele>
    <time>2024-09-05T20:10:35Z</time>
   </trkpt>
   <trkpt lat="31.3080650" lon="30.0633840">
    <ele>2.3</ele>
    <time>2024-09-05T20:10:36Z</time>
   </trkpt>
   <trkpt lat="31.3080320" lon="30.0634020">
    <ele>2.4</ele>
    <time>2024-09-05T20:10:37Z</time>
   </trkpt>
   <trkpt lat="31.3080200" lon="30.0634070">
    <ele>2.4</ele>
    <time>2024-09-05T20:10:38Z</time>
   </trkpt>
   <trkpt lat="31.3079890" lon="30.0634290">
    <ele>2.5</ele>
    <time>2024-09-05T20:10:39Z</time>
   </trkpt>
   <trkpt lat="31.3079790" lon="30.0634350">
    <ele>2.5</ele>
    <time>2024-09-05T20:10:40Z</time>
   </trkpt>
   <trkpt lat="31.3079480" lon="30.0634560">
    <ele>2.6</ele>
    <time>2024-09-05T20:10:41Z</time>
   </trkpt>
   <trkpt lat="31.3079390" lon="30.0634630">
    <ele>2.6</ele>
    <time>2024-09-05T20:10:42Z</time>
   </trkpt>
   <trkpt lat="31.3079110" lon="30.0634850">
    <ele>2.7</ele>
    <time>2024-09-05T20:10:43Z</time>
   </trkpt>
   <trkpt lat="31.3079020" lon="30.0634920">
    <ele>2.7</ele>
    <time>2024-09-05T20:10:44Z</time>
   </trkpt>
   <trkpt lat="31.3078710" lon="30.0635140">
    <ele>2.8</ele>
    <time>2024-09-05T20:10:45Z</time>
   </trkpt>
   <trkpt lat="31.3078620" lon="30.0635230">
    <ele>2.9</ele>
    <time>2024-09-05T20:10:46Z</time>
   </trkpt>
   <trkpt lat="31.3078330" lon="30.0635500">
    <ele>3.0</ele>
    <time>2024-09-05T20:10:47Z</time>
   </trkpt>
   <trkpt lat="31.3078250" lon="30.0635600">
    <ele>3.0</ele>
    <time>2024-09-05T20:10:48Z</time>
   </trkpt>
   <trkpt lat="31.3077980" lon="30.0635830">
    <ele>3.1</ele>
    <time>2024-09-05T20:10:49Z</time>
   </trkpt>
   <trkpt lat="31.3077870" lon="30.0635920">
    <ele>3.1</ele>
    <time>2024-09-05T20:10:50Z</time>
   </trkpt>
   <trkpt lat="31.3077620" lon="30.0636210">
    <ele>3.2</ele>
    <time>2024-09-05T20:10:51Z</time>
   </trkpt>
   <trkpt lat="31.3077530" lon="30.0636290">
    <ele>3.2</ele>
    <time>2024-09-05T20:10:52Z</time>
   </trkpt>
   <trkpt lat="31.3077270" lon="30.0636530">
    <ele>3.3</ele>
    <time>2024-09-05T20:10:53Z</time>
   </trkpt>
   <trkpt lat="31.3077180" lon="30.0636640">
    <ele>3.3</ele>
    <time>2024-09-05T20:10:54Z</time>
   </trkpt>
   <trkpt lat="31.3076910" lon="30.0636940">
    <ele>3.4</ele>
    <time>2024-09-05T20:10:55Z</time>
   </trkpt>
   <trkpt lat="31.3076790" lon="30.0637040">
    <ele>3.4</ele>
    <time>2024-09-05T20:10:56Z</time>
   </trkpt>
   <trkpt lat="31.3076500" lon="30.0637280">
    <ele>3.4</ele>
    <time>2024-09-05T20:10:57Z</time>
   </trkpt>
   <trkpt lat="31.3076400" lon="30.0637370">
    <ele>3.4</ele>
    <time>2024-09-05T20:10:58Z</time>
   </trkpt>
   <trkpt lat="31.3076180" lon="30.0637590">
    <ele>3.4</ele>
    <time>2024-09-05T20:10:59Z</time>
   </trkpt>
   <trkpt lat="31.3075930" lon="30.0637920">
    <ele>3.4</ele>
    <time>2024-09-05T20:11:00Z</time>
   </trkpt>
   <trkpt lat="31.3075850" lon="30.0638010">
    <ele>3.4</ele>
    <time>2024-09-05T20:11:01Z</time>
   </trkpt>
   <trkpt lat="31.3075610" lon="30.0638330">
    <ele>3.4</ele>
    <time>2024-09-05T20:11:02Z</time>
   </trkpt>
   <trkpt lat="31.3075520" lon="30.0638430">
    <ele>3.4</ele>
    <time>2024-09-05T20:11:03Z</time>
   </trkpt>
   <trkpt lat="31.3075240" lon="30.0638740">
    <ele>3.4</ele>
    <time>2024-09-05T20:11:04Z</time>
   </trkpt>
   <trkpt lat="31.3075150" lon="30.0638850">
    <ele>3.4</ele>
    <time>2024-09-05T20:11:05Z</time>
   </trkpt>
   <trkpt lat="31.3074890" lon="30.0639120">
    <ele>3.5</ele>
    <time>2024-09-05T20:11:06Z</time>
   </trkpt>
   <trkpt lat="31.3074820" lon="30.0639240">
    <ele>3.5</ele>
    <time>2024-09-05T20:11:07Z</time>
   </trkpt>
   <trkpt lat="31.3074590" lon="30.0639550">
    <ele>3.5</ele>
    <time>2024-09-05T20:11:08Z</time>
   </trkpt>
   <trkpt lat="31.3074510" lon="30.0639650">
    <ele>3.5</ele>
    <time>2024-09-05T20:11:09Z</time>
   </trkpt>
   <trkpt lat="31.3074260" lon="30.0639800">
    <ele>3.5</ele>
    <time>2024-09-05T20:11:10Z</time>
   </trkpt>
   <trkpt lat="31.3074050" lon="30.0640020">
    <ele>3.5</ele>
    <time>2024-09-05T20:11:11Z</time>
   </trkpt>
   <trkpt lat="31.3073820" lon="30.0640350">
    <ele>3.6</ele>
    <time>2024-09-05T20:11:12Z</time>
   </trkpt>
   <trkpt lat="31.3073730" lon="30.0640460">
    <ele>3.6</ele>
    <time>2024-09-05T20:11:13Z</time>
   </trkpt>
   <trkpt lat="31.3073540" lon="30.0640830">
    <ele>3.6</ele>
    <time>2024-09-05T20:11:14Z</time>
   </trkpt>
   <trkpt lat="31.3073450" lon="30.0640920">
    <ele>3.6</ele>
    <time>2024-09-05T20:11:15Z</time>
   </trkpt>
   <trkpt lat="31.3073300" lon="30.0641230">
    <ele>3.7</ele>
    <time>2024-09-05T20:11:16Z</time>
   </trkpt>
   <trkpt lat="31.3073080" lon="30.0641570">
    <ele>3.7</ele>
    <time>2024-09-05T20:11:17Z</time>
   </trkpt>
   <trkpt lat="31.3073020" lon="30.0641700">
    <ele>3.8</ele>
    <time>2024-09-05T20:11:18Z</time>
   </trkpt>
   <trkpt lat="31.3072930" lon="30.0642010">
    <ele>3.8</ele>
    <time>2024-09-05T20:11:19Z</time>
   </trkpt>
   <trkpt lat="31.3072860" lon="30.0642450">
    <ele>3.9</ele>
    <time>2024-09-05T20:11:20Z</time>
   </trkpt>
   <trkpt lat="31.3072840" lon="30.0642600">
    <ele>3.9</ele>
    <time>2024-09-05T20:11:21Z</time>
   </trkpt>
   <trkpt lat="31.3072750" lon="30.0642910">
    <ele>4.0</ele>
    <time>2024-09-05T20:11:22Z</time>
   </trkpt>
   <trkpt lat="31.3072750" lon="30.0643380">
    <ele>4.0</ele>
    <time>2024-09-05T20:11:23Z</time>
   </trkpt>
   <trkpt lat="31.3072770" lon="30.0643540">
    <ele>4.1</ele>
    <time>2024-09-05T20:11:24Z</time>
   </trkpt>
   <trkpt lat="31.3072820" lon="30.0643990">
    <ele>4.1</ele>
    <time>2024-09-05T20:11:25Z</time>
   </trkpt>
   <trkpt lat="31.3072870" lon="30.0644150">
    <ele>4.1</ele>
    <time>2024-09-05T20:11:26Z</time>
   </trkpt>
   <trkpt lat="31.3072940" lon="30.0644460">
    <ele>4.1</ele>
    <time>2024-09-05T20:11:27Z</time>
   </trkpt>
   <trkpt lat="31.3073030" lon="30.0644880">
    <ele>4.1</ele>
    <time>2024-09-05T20:11:28Z</time>
   </trkpt>
   <trkpt lat="31.3073050" lon="30.0645010">
    <ele>4.1</ele>
    <time>2024-09-05T20:11:29Z</time>
   </trkpt>
   <trkpt lat="31.3073170" lon="30.0645390">
    <ele>4.1</ele>
    <time>2024-09-05T20:11:30Z</time>
   </trkpt>
   <trkpt lat="31.3073210" lon="30.0645510">
    <ele>4.1</ele>
    <time>2024-09-05T20:11:31Z</time>
   </trkpt>
   <trkpt lat="31.3073260" lon="30.0645910">
    <ele>4.1</ele>
    <time>2024-09-05T20:11:32Z</time>
   </trkpt>
   <trkpt lat="31.3073270" lon="30.0646050">
    <ele>4.1</ele>
    <time>2024-09-05T20:11:33Z</time>
   </trkpt>
   <trkpt lat="31.3073490" lon="30.0646430">
    <ele>4.2</ele>
    <time>2024-09-05T20:11:34Z</time>
   </trkpt>
   <trkpt lat="31.3073590" lon="30.0646550">
    <ele>4.2</ele>
    <time>2024-09-05T20:11:35Z</time>
   </trkpt>
   <trkpt lat="31.3073760" lon="30.0646900">
    <ele>4.3</ele>
    <time>2024-09-05T20:11:36Z</time>
   </trkpt>
   <trkpt lat="31.3073800" lon="30.0647010">
    <ele>4.3</ele>
    <time>2024-09-05T20:11:37Z</time>
   </trkpt>
   <trkpt lat="31.3073950" lon="30.0647430">
    <ele>4.4</ele>
    <time>2024-09-05T20:11:38Z</time>
   </trkpt>
   <trkpt lat="31.3073990" lon="30.0647600">
    <ele>4.4</ele>
    <time>2024-09-05T20:11:39Z</time>
   </trkpt>
   <trkpt lat="31.3074150" lon="30.0648020">
    <ele>4.5</ele>
    <time>2024-09-05T20:11:40Z</time>
   </trkpt>
   <trkpt lat="31.3074220" lon="30.0648160">
    <ele>4.5</ele>
    <time>2024-09-05T20:11:41Z</time>
   </trkpt>
   <trkpt lat="31.3074380" lon="30.0648430">
    <ele>4.6</ele>
    <time>2024-09-05T20:11:42Z</time>
   </trkpt>
   <trkpt lat="31.3074530" lon="30.0648830">
    <ele>4.7</ele>
    <time>2024-09-05T20:11:43Z</time>
   </trkpt>
   <trkpt lat="31.3074580" lon="30.0648960">
    <ele>4.7</ele>
    <time>2024-09-05T20:11:44Z</time>
   </trkpt>
   <trkpt lat="31.3074760" lon="30.0649220">
    <ele>4.8</ele>
    <time>2024-09-05T20:11:45Z</time>
   </trkpt>
   <trkpt lat="31.3074930" lon="30.0649600">
    <ele>4.8</ele>
    <time>2024-09-05T20:11:46Z</time>
   </trkpt>
   <trkpt lat="31.3074980" lon="30.0649740">
    <ele>4.8</ele>
    <time>2024-09-05T20:11:47Z</time>
   </trkpt>
   <trkpt lat="31.3075080" lon="30.0650040">
    <ele>4.9</ele>
    <time>2024-09-05T20:11:48Z</time>
   </trkpt>
   <trkpt lat="31.3075270" lon="30.0650410">
    <ele>4.9</ele>
    <time>2024-09-05T20:11:49Z</time>
   </trkpt>
   <trkpt lat="31.3075320" lon="30.0650530">
    <ele>4.9</ele>
    <time>2024-09-05T20:11:50Z</time>
   </trkpt>
   <trkpt lat="31.3075580" lon="30.0650840">
    <ele>4.9</ele>
    <time>2024-09-05T20:11:51Z</time>
   </trkpt>
   <trkpt lat="31.3075640" lon="30.0650920">
    <ele>4.9</ele>
    <time>2024-09-05T20:11:52Z</time>
   </trkpt>
   <trkpt lat="31.3075830" lon="30.0651260">
    <ele>4.9</ele>
    <time>2024-09-05T20:11:53Z</time>
   </trkpt>
   <trkpt lat="31.3075900" lon="30.0651370">
    <ele>4.9</ele>
    <time>2024-09-05T20:11:54Z</time>
   </trkpt>
   <trkpt lat="31.3076200" lon="30.0651620">
    <ele>4.9</ele>
    <time>2024-09-05T20:11:55Z</time>
   </trkpt>
   <trkpt lat="31.3076300" lon="30.0651690">
    <ele>4.9</ele>
    <time>2024-09-05T20:11:56Z</time>
   </trkpt>
   <trkpt lat="31.3076580" lon="30.0651930">
    <ele>5.0</ele>
    <time>2024-09-05T20:11:57Z</time>
   </trkpt>
   <trkpt lat="31.3076680" lon="30.0652000">
    <ele>5.0</ele>
    <time>2024-09-05T20:11:58Z</time>
   </trkpt>
   <trkpt lat="31.3077010" lon="30.0652130">
    <ele>5.0</ele>
    <time>2024-09-05T20:11:59Z</time>
   </trkpt>
   <trkpt lat="31.3077110" lon="30.0652150">
    <ele>5.0</ele>
    <time>2024-09-05T20:12:00Z</time>
   </trkpt>
   <trkpt lat="31.3077450" lon="30.0652140">
    <ele>5.0</ele>
    <time>2024-09-05T20:12:01Z</time>
   </trkpt>
   <trkpt lat="31.3077560" lon="30.0652140">
    <ele>5.0</ele>
    <time>2024-09-05T20:12:02Z</time>
   </trkpt>
   <trkpt lat="31.3077880" lon="30.0652110">
    <ele>5.0</ele>
    <time>2024-09-05T20:12:03Z</time>
   </trkpt>
   <trkpt lat="31.3077980" lon="30.0652110">
    <ele>5.0</ele>
    <time>2024-09-05T20:12:04Z</time>
   </trkpt>
   <trkpt lat="31.3078250" lon="30.0651850">
    <ele>4.9</ele>
    <time>2024-09-05T20:12:05Z</time>
   </trkpt>
   <trkpt lat="31.3078320" lon="30.0651740">
    <ele>4.9</ele>
    <time>2024-09-05T20:12:06Z</time>
   </trkpt>
   <trkpt lat="31.3078610" lon="30.0651520">
    <ele>4.9</ele>
    <time>2024-09-05T20:12:07Z</time>
   </trkpt>
   <trkpt lat="31.3078730" lon="30.0651450">
    <ele>4.9</ele>
    <time>2024-09-05T20:12:08Z</time>
   </trkpt>
   <trkpt lat="31.3079090" lon="30.0651460">
    <ele>4.9</ele>
    <time>2024-09-05T20:12:09Z</time>
   </trkpt>
   <trkpt lat="31.3079200" lon="30.0651530">
    <ele>4.9</ele>
    <time>2024-09-05T20:12:10Z</time>
   </trkpt>
   <trkpt lat="31.3079530" lon="30.0651700">
    <ele>4.8</ele>
    <time>2024-09-05T20:12:11Z</time>
   </trkpt>
   <trkpt lat="31.3079630" lon="30.0651790">
    <ele>4.8</ele>
    <time>2024-09-05T20:12:12Z</time>
   </trkpt>
   <trkpt lat="31.3079820" lon="30.0652080">
    <ele>4.8</ele>
    <time>2024-09-05T20:12:13Z</time>
   </trkpt>
   <trkpt lat="31.3079990" lon="30.0652370">
    <ele>4.8</ele>
    <time>2024-09-05T20:12:14Z</time>
   </trkpt>
   <trkpt lat="31.3080270" lon="30.0652690">
    <ele>4.8</ele>
    <time>2024-09-05T20:12:15Z</time>
   </trkpt>
   <trkpt lat="31.3080370" lon="30.0652810">
    <ele>4.7</ele>
    <time>2024-09-05T20:12:16Z</time>
   </trkpt>
   <trkpt lat="31.3080600" lon="30.0653190">
    <ele>4.7</ele>
    <time>2024-09-05T20:12:17Z</time>
   </trkpt>
   <trkpt lat="31.3080690" lon="30.0653320">
    <ele>4.7</ele>
    <time>2024-09-05T20:12:18Z</time>
   </trkpt>
   <trkpt lat="31.3080910" lon="30.0653680">
    <ele>4.7</ele>
    <time>2024-09-05T20:12:19Z</time>
   </trkpt>
   <trkpt lat="31.3080990" lon="30.0653800">
    <ele>4.7</ele>
    <time>2024-09-05T20:12:20Z</time>
   </trkpt>
   <trkpt lat="31.3081180" lon="30.0654150">
    <ele>4.6</ele>
    <time>2024-09-05T20:12:21Z</time>
   </trkpt>
   <trkpt lat="31.3081230" lon="30.0654280">
    <ele>4.6</ele>
    <time>2024-09-05T20:12:22Z</time>
   </trkpt>
   <trkpt lat="31.3081370" lon="30.0654560">
    <ele>4.6</ele>
    <time>2024-09-05T20:12:23Z</time>
   </trkpt>
   <trkpt lat="31.3081600" lon="30.0654890">
    <ele>4.6</ele>
    <time>2024-09-05T20:12:24Z</time>
   </trkpt>
   <trkpt lat="31.3081670" lon="30.0655010">
    <ele>4.6</ele>
    <time>2024-09-05T20:12:25Z</time>
   </trkpt>
   <trkpt lat="31.3081860" lon="30.0655320">
    <ele>4.5</ele>
    <time>2024-09-05T20:12:26Z</time>
   </trkpt>
   <trkpt lat="31.3081930" lon="30.0655410">
    <ele>4.5</ele>
    <time>2024-09-05T20:12:27Z</time>
   </trkpt>
   <trkpt lat="31.3082150" lon="30.0655760">
    <ele>4.5</ele>
    <time>2024-09-05T20:12:28Z</time>
   </trkpt>
   <trkpt lat="31.3082220" lon="30.0655890">
    <ele>4.5</ele>
    <time>2024-09-05T20:12:29Z</time>
   </trkpt>
   <trkpt lat="31.3082440" lon="30.0656260">
    <ele>4.4</ele>
    <time>2024-09-05T20:12:30Z</time>
   </trkpt>
   <trkpt lat="31.3082540" lon="30.0656380">
    <ele>4.4</ele>
    <time>2024-09-05T20:12:31Z</time>
   </trkpt>
   <trkpt lat="31.3082700" lon="30.0656640">
    <ele>4.4</ele>
    <time>2024-09-05T20:12:32Z</time>
   </trkpt>
   <trkpt lat="31.3082930" lon="30.0657000">
    <ele>4.4</ele>
    <time>2024-09-05T20:12:33Z</time>
   </trkpt>
   <trkpt lat="31.3083000" lon="30.0657140">
    <ele>4.4</ele>
    <time>2024-09-05T20:12:34Z</time>
   </trkpt>
   <trkpt lat="31.3083240" lon="30.0657460">
    <ele>4.3</ele>
    <time>2024-09-05T20:12:35Z</time>
   </trkpt>
   <trkpt lat="31.3083340" lon="30.0657540">
    <ele>4.3</ele>
    <time>2024-09-05T20:12:36Z</time>
   </trkpt>
   <trkpt lat="31.3083540" lon="30.0657940">
    <ele>4.3</ele>
    <time>2024-09-05T20:12:37Z</time>
   </trkpt>
   <trkpt lat="31.3083600" lon="30.0658070">
    <ele>4.3</ele>
    <time>2024-09-05T20:12:38Z</time>
   </trkpt>
   <trkpt lat="31.3083880" lon="30.0658400">
    <ele>4.3</ele>
    <time>2024-09-05T20:12:39Z</time>
   </trkpt>
   <trkpt lat="31.3083960" lon="30.0658530">
    <ele>4.2</ele>
    <time>2024-09-05T20:12:40Z</time>
   </trkpt>
   <trkpt lat="31.3084040" lon="30.0658850">
    <ele>4.2</ele>
    <time>2024-09-05T20:12:41Z</time>
   </trkpt>
   <trkpt lat="31.3084290" lon="30.0659180">
    <ele>4.2</ele>
    <time>2024-09-05T20:12:42Z</time>
   </trkpt>
   <trkpt lat="31.3084380" lon="30.0659280">
    <ele>4.2</ele>
    <time>2024-09-05T20:12:43Z</time>
   </trkpt>
   <trkpt lat="31.3084560" lon="30.0659510">
    <ele>4.2</ele>
    <time>2024-09-05T20:12:44Z</time>
   </trkpt>
   <trkpt lat="31.3084820" lon="30.0659830">
    <ele>4.1</ele>
    <time>2024-09-05T20:12:45Z</time>
   </trkpt>
   <trkpt lat="31.3084910" lon="30.0659950">
    <ele>4.1</ele>
    <time>2024-09-05T20:12:46Z</time>
   </trkpt>
   <trkpt lat="31.3085170" lon="30.0660220">
    <ele>4.1</ele>
    <time>2024-09-05T20:12:47Z</time>
   </trkpt>
   <trkpt lat="31.3085270" lon="30.0660290">
    <ele>4.1</ele>
    <time>2024-09-05T20:12:48Z</time>
   </trkpt>
   <trkpt lat="31.3085650" lon="30.0660330">
    <ele>4.1</ele>
    <time>2024-09-05T20:12:49Z</time>
   </trkpt>
   <trkpt lat="31.3085780" lon="30.0660300">
    <ele>4.1</ele>
    <time>2024-09-05T20:12:50Z</time>
   </trkpt>
   <trkpt lat="31.3086090" lon="30.0660210">
    <ele>4.1</ele>
    <time>2024-09-05T20:12:51Z</time>
   </trkpt>
   <trkpt lat="31.3086200" lon="30.0660170">
    <ele>4.1</ele>
    <time>2024-09-05T20:12:52Z</time>
   </trkpt>
   <trkpt lat="31.3086500" lon="30.0659980">
    <ele>4.1</ele>
    <time>2024-09-05T20:12:53Z</time>
   </trkpt>
   <trkpt lat="31.3086590" lon="30.0659930">
    <ele>4.1</ele>
    <time>2024-09-05T20:12:54Z</time>
   </trkpt>
   <trkpt lat="31.3086980" lon="30.0659710">
    <ele>4.1</ele>
    <time>2024-09-05T20:12:55Z</time>
   </trkpt>
   <trkpt lat="31.3087130" lon="30.0659620">
    <ele>4.1</ele>
    <time>2024-09-05T20:12:56Z</time>
   </trkpt>
   <trkpt lat="31.3087440" lon="30.0659510">
    <ele>4.1</ele>
    <time>2024-09-05T20:12:57Z</time>
   </trkpt>
   <trkpt lat="31.3087540" lon="30.0659480">
    <ele>4.1</ele>
    <time>2024-09-05T20:12:58Z</time>
   </trkpt>
   <trkpt lat="31.3087830" lon="30.0659310">
    <ele>4.1</ele>
    <time>2024-09-05T20:12:59Z</time>
   </trkpt>
   <trkpt lat="31.3087920" lon="30.0659260">
    <ele>4.1</ele>
    <time>2024-09-05T20:13:00Z</time>
   </trkpt>
   <trkpt lat="31.3088220" lon="30.0659040">
    <ele>4.1</ele>
    <time>2024-09-05T20:13:01Z</time>
   </trkpt>
   <trkpt lat="31.3088330" lon="30.0658960">
    <ele>4.1</ele>
    <time>2024-09-05T20:13:02Z</time>
   </trkpt>
   <trkpt lat="31.3088690" lon="30.0658900">
    <ele>4.1</ele>
    <time>2024-09-05T20:13:03Z</time>
   </trkpt>
   <trkpt lat="31.3088810" lon="30.0658890">
    <ele>4.1</ele>
    <time>2024-09-05T20:13:04Z</time>
   </trkpt>
   <trkpt lat="31.3089160" lon="30.0658950">
    <ele>4.1</ele>
    <time>2024-09-05T20:13:05Z</time>
   </trkpt>
   <trkpt lat="31.3089280" lon="30.0659000">
    <ele>4.1</ele>
    <time>2024-09-05T20:13:06Z</time>
   </trkpt>
   <trkpt lat="31.3089630" lon="30.0659180">
    <ele>4.1</ele>
    <time>2024-09-05T20:13:07Z</time>
   </trkpt>
   <trkpt lat="31.3089760" lon="30.0659220">
    <ele>4.1</ele>
    <time>2024-09-05T20:13:08Z</time>
   </trkpt>
   <trkpt lat="31.3090020" lon="30.0659370">
    <ele>4.1</ele>
    <time>2024-09-05T20:13:09Z</time>
   </trkpt>
   <trkpt lat="31.3090240" lon="30.0659600">
    <ele>4.2</ele>
    <time>2024-09-05T20:13:10Z</time>
   </trkpt>
   <trkpt lat="31.3090480" lon="30.0659770">
    <ele>4.3</ele>
    <time>2024-09-05T20:13:11Z</time>
   </trkpt>
   <trkpt lat="31.3090800" lon="30.0660020">
    <ele>4.3</ele>
    <time>2024-09-05T20:13:12Z</time>
   </trkpt>
   <trkpt lat="31.3090900" lon="30.0660130">
    <ele>4.4</ele>
    <time>2024-09-05T20:13:13Z</time>
   </trkpt>
   <trkpt lat="31.3091210" lon="30.0660360">
    <ele>4.4</ele>
    <time>2024-09-05T20:13:14Z</time>
   </trkpt>
   <trkpt lat="31.3091300" lon="30.0660430">
    <ele>4.4</ele>
    <time>2024-09-05T20:13:15Z</time>
   </trkpt>
   <trkpt lat="31.3091550" lon="30.0660730">
    <ele>4.5</ele>
    <time>2024-09-05T20:13:16Z</time>
   </trkpt>
   <trkpt lat="31.3091650" lon="30.0660810">
    <ele>4.5</ele>
    <time>2024-09-05T20:13:17Z</time>
   </trkpt>
   <trkpt lat="31.3091900" lon="30.0661110">
    <ele>4.6</ele>
    <time>2024-09-05T20:13:18Z</time>
   </trkpt>
   <trkpt lat="31.3091990" lon="30.0661210">
    <ele>4.6</ele>
    <time>2024-09-05T20:13:19Z</time>
   </trkpt>
   <trkpt lat="31.3092330" lon="30.0661460">
    <ele>4.7</ele>
    <time>2024-09-05T20:13:20Z</time>
   </trkpt>
   <trkpt lat="31.3092430" lon="30.0661570">
    <ele>4.7</ele>
    <time>2024-09-05T20:13:21Z</time>
   </trkpt>
   <trkpt lat="31.3092720" lon="30.0661820">
    <ele>4.8</ele>
    <time>2024-09-05T20:13:22Z</time>
   </trkpt>
   <trkpt lat="31.3092810" lon="30.0661910">
    <ele>4.8</ele>
    <time>2024-09-05T20:13:23Z</time>
   </trkpt>
   <trkpt lat="31.3093090" lon="30.0662170">
    <ele>4.8</ele>
    <time>2024-09-05T20:13:24Z</time>
   </trkpt>
   <trkpt lat="31.3093200" lon="30.0662240">
    <ele>4.9</ele>
    <time>2024-09-05T20:13:25Z</time>
   </trkpt>
   <trkpt lat="31.3093470" lon="30.0662510">
    <ele>4.9</ele>
    <time>2024-09-05T20:13:26Z</time>
   </trkpt>
   <trkpt lat="31.3093550" lon="30.0662620">
    <ele>5.0</ele>
    <time>2024-09-05T20:13:27Z</time>
   </trkpt>
   <trkpt lat="31.3093830" lon="30.0662880">
    <ele>5.0</ele>
    <time>2024-09-05T20:13:28Z</time>
   </trkpt>
   <trkpt lat="31.3093940" lon="30.0662950">
    <ele>5.1</ele>
    <time>2024-09-05T20:13:29Z</time>
   </trkpt>
   <trkpt lat="31.3094290" lon="30.0663140">
    <ele>5.2</ele>
    <time>2024-09-05T20:13:30Z</time>
   </trkpt>
   <trkpt lat="31.3094420" lon="30.0663200">
    <ele>5.2</ele>
    <time>2024-09-05T20:13:31Z</time>
   </trkpt>
   <trkpt lat="31.3094710" lon="30.0663410">
    <ele>5.3</ele>
    <time>2024-09-05T20:13:32Z</time>
   </trkpt>
   <trkpt lat="31.3094830" lon="30.0663460">
    <ele>5.3</ele>
    <time>2024-09-05T20:13:33Z</time>
   </trkpt>
   <trkpt lat="31.3095110" lon="30.0663570">
    <ele>5.4</ele>
    <time>2024-09-05T20:13:34Z</time>
   </trkpt>
   <trkpt lat="31.3095200" lon="30.0663630">
    <ele>5.4</ele>
    <time>2024-09-05T20:13:35Z</time>
   </trkpt>
   <trkpt lat="31.3095480" lon="30.0663840">
    <ele>5.5</ele>
    <time>2024-09-05T20:13:36Z</time>
   </trkpt>
   <trkpt lat="31.3095570" lon="30.0663900">
    <ele>5.5</ele>
    <time>2024-09-05T20:13:37Z</time>
   </trkpt>
   <trkpt lat="31.3095870" lon="30.0664040">
    <ele>5.6</ele>
    <time>2024-09-05T20:13:38Z</time>
   </trkpt>
   <trkpt lat="31.3095960" lon="30.0664100">
    <ele>5.6</ele>
    <time>2024-09-05T20:13:39Z</time>
   </trkpt>
   <trkpt lat="31.3096290" lon="30.0664180">
    <ele>5.7</ele>
    <time>2024-09-05T20:13:40Z</time>
   </trkpt>
   <trkpt lat="31.3096390" lon="30.0664210">
    <ele>5.7</ele>
    <time>2024-09-05T20:13:41Z</time>
   </trkpt>
   <trkpt lat="31.3096680" lon="30.0664370">
    <ele>5.8</ele>
    <time>2024-09-05T20:13:42Z</time>
   </trkpt>
   <trkpt lat="31.3096780" lon="30.0664400">
    <ele>5.9</ele>
    <time>2024-09-05T20:13:43Z</time>
   </trkpt>
   <trkpt lat="31.3097060" lon="30.0664620">
    <ele>6.0</ele>
    <time>2024-09-05T20:13:44Z</time>
   </trkpt>
   <trkpt lat="31.3097170" lon="30.0664680">
    <ele>6.0</ele>
    <time>2024-09-05T20:13:45Z</time>
   </trkpt>
   <trkpt lat="31.3097520" lon="30.0664780">
    <ele>6.1</ele>
    <time>2024-09-05T20:13:46Z</time>
   </trkpt>
   <trkpt lat="31.3097630" lon="30.0664830">
    <ele>6.2</ele>
    <time>2024-09-05T20:13:47Z</time>
   </trkpt>
   <trkpt lat="31.3097960" lon="30.0664870">
    <ele>6.3</ele>
    <time>2024-09-05T20:13:48Z</time>
   </trkpt>
   <trkpt lat="31.3098080" lon="30.0664850">
    <ele>6.3</ele>
    <time>2024-09-05T20:13:49Z</time>
   </trkpt>
   <trkpt lat="31.3098350" lon="30.0664920">
    <ele>6.4</ele>
    <time>2024-09-05T20:13:50Z</time>
   </trkpt>
   <trkpt lat="31.3098450" lon="30.0664940">
    <ele>6.4</ele>
    <time>2024-09-05T20:13:51Z</time>
   </trkpt>
   <trkpt lat="31.3098740" lon="30.0664980">
    <ele>6.5</ele>
    <time>2024-09-05T20:13:52Z</time>
   </trkpt>
   <trkpt lat="31.3098840" lon="30.0664980">
    <ele>6.5</ele>
    <time>2024-09-05T20:13:53Z</time>
   </trkpt>
   <trkpt lat="31.3099130" lon="30.0665010">
    <ele>6.5</ele>
    <time>2024-09-05T20:13:54Z</time>
   </trkpt>
   <trkpt lat="31.3099240" lon="30.0665000">
    <ele>6.6</ele>
    <time>2024-09-05T20:13:55Z</time>
   </trkpt>
   <trkpt lat="31.3099560" lon="30.0664990">
    <ele>6.6</ele>
    <time>2024-09-05T20:13:56Z</time>
   </trkpt>
   <trkpt lat="31.3099670" lon="30.0665010">
    <ele>6.6</ele>
    <time>2024-09-05T20:13:57Z</time>
   </trkpt>
   <trkpt lat="31.3100000" lon="30.0665030">
    <ele>6.6</ele>
    <time>2024-09-05T20:13:58Z</time>
   </trkpt>
   <trkpt lat="31.3100110" lon="30.0665020">
    <ele>6.6</ele>
    <time>2024-09-05T20:13:59Z</time>
   </trkpt>
   <trkpt lat="31.3100490" lon="30.0665080">
    <ele>6.6</ele>
    <time>2024-09-05T20:14:00Z</time>
   </trkpt>
   <trkpt lat="31.3100630" lon="30.0665080">
    <ele>6.6</ele>
    <time>2024-09-05T20:14:01Z</time>
   </trkpt>
   <trkpt lat="31.3100930" lon="30.0665090">
    <ele>6.6</ele>
    <time>2024-09-05T20:14:02Z</time>
   </trkpt>
   <trkpt lat="31.3101040" lon="30.0665100">
    <ele>6.6</ele>
    <time>2024-09-05T20:14:03Z</time>
   </trkpt>
   <trkpt lat="31.3101370" lon="30.0665120">
    <ele>6.7</ele>
    <time>2024-09-05T20:14:04Z</time>
   </trkpt>
   <trkpt lat="31.3101470" lon="30.0665120">
    <ele>6.7</ele>
    <time>2024-09-05T20:14:05Z</time>
   </trkpt>
   <trkpt lat="31.3101830" lon="30.0665230">
    <ele>6.6</ele>
    <time>2024-09-05T20:14:06Z</time>
   </trkpt>
   <trkpt lat="31.3101960" lon="30.0665290">
    <ele>6.6</ele>
    <time>2024-09-05T20:14:07Z</time>
   </trkpt>
   <trkpt lat="31.3102290" lon="30.0665450">
    <ele>6.5</ele>
    <time>2024-09-05T20:14:08Z</time>
   </trkpt>
   <trkpt lat="31.3102400" lon="30.0665530">
    <ele>6.4</ele>
    <time>2024-09-05T20:14:09Z</time>
   </trkpt>
   <trkpt lat="31.3102730" lon="30.0665740">
    <ele>6.3</ele>
    <time>2024-09-05T20:14:10Z</time>
   </trkpt>
   <trkpt lat="31.3102840" lon="30.0665810">
    <ele>6.3</ele>
    <time>2024-09-05T20:14:11Z</time>
   </trkpt>
   <trkpt lat="31.3103140" lon="30.0666050">
    <ele>6.2</ele>
    <time>2024-09-05T20:14:12Z</time>
   </trkpt>
   <trkpt lat="31.3103220" lon="30.0666160">
    <ele>6.2</ele>
    <time>2024-09-05T20:14:13Z</time>
   </trkpt>
   <trkpt lat="31.3103460" lon="30.0666420">
    <ele>6.1</ele>
    <time>2024-09-05T20:14:14Z</time>
   </trkpt>
   <trkpt lat="31.3103540" lon="30.0666510">
    <ele>6.1</ele>
    <time>2024-09-05T20:14:15Z</time>
   </trkpt>
   <trkpt lat="31.3103780" lon="30.0666810">
    <ele>6.1</ele>
    <time>2024-09-05T20:14:16Z</time>
   </trkpt>
   <trkpt lat="31.3103860" lon="30.0666910">
    <ele>6.1</ele>
    <time>2024-09-05T20:14:17Z</time>
   </trkpt>
   <trkpt lat="31.3104060" lon="30.0667270">
    <ele>6.1</ele>
    <time>2024-09-05T20:14:18Z</time>
   </trkpt>
   <trkpt lat="31.3104120" lon="30.0667380">
    <ele>6.1</ele>
    <time>2024-09-05T20:14:19Z</time>
   </trkpt>
   <trkpt lat="31.3104270" lon="30.0667670">
    <ele>6.0</ele>
    <time>2024-09-05T20:14:20Z</time>
   </trkpt>
   <trkpt lat="31.3104330" lon="30.0667760">
    <ele>6.0</ele>
    <time>2024-09-05T20:14:21Z</time>
   </trkpt>
   <trkpt lat="31.3104450" lon="30.0668150">
    <ele>6.0</ele>
    <time>2024-09-05T20:14:22Z</time>
   </trkpt>
   <trkpt lat="31.3104470" lon="30.0668280">
    <ele>6.0</ele>
    <time>2024-09-05T20:14:23Z</time>
   </trkpt>
   <trkpt lat="31.3104670" lon="30.0668670">
    <ele>6.0</ele>
    <time>2024-09-05T20:14:24Z</time>
   </trkpt>
   <trkpt lat="31.3104730" lon="30.0668790">
    <ele>6.0</ele>
    <time>2024-09-05T20:14:25Z</time>
   </trkpt>
   <trkpt lat="31.3104900" lon="30.0669170">
    <ele>6.0</ele>
    <time>2024-09-05T20:14:26Z</time>
   </trkpt>
   <trkpt lat="31.3104960" lon="30.0669300">
    <ele>5.9</ele>
    <time>2024-09-05T20:14:27Z</time>
   </trkpt>
   <trkpt lat="31.3105200" lon="30.0669630">
    <ele>5.9</ele>
    <time>2024-09-05T20:14:28Z</time>
   </trkpt>
   <trkpt lat="31.3105270" lon="30.0669730">
    <ele>5.8</ele>
    <time>2024-09-05T20:14:29Z</time>
   </trkpt>
   <trkpt lat="31.3105500" lon="30.0670070">
    <ele>5.7</ele>
    <time>2024-09-05T20:14:30Z</time>
   </trkpt>
   <trkpt lat="31.3105570" lon="30.0670200">
    <ele>5.7</ele>
    <time>2024-09-05T20:14:31Z</time>
   </trkpt>
   <trkpt lat="31.3105850" lon="30.0670460">
    <ele>5.6</ele>
    <time>2024-09-05T20:14:32Z</time>
   </trkpt>
   <trkpt lat="31.3105940" lon="30.0670540">
    <ele>5.6</ele>
    <time>2024-09-05T20:14:33Z</time>
   </trkpt>
   <trkpt lat="31.3106260" lon="30.0670700">
    <ele>5.5</ele>
    <time>2024-09-05T20:14:34Z</time>
   </trkpt>
   <trkpt lat="31.3106380" lon="30.0670740">
    <ele>5.4</ele>
    <time>2024-09-05T20:14:35Z</time>
   </trkpt>
   <trkpt lat="31.3106770" lon="30.0670770">
    <ele>5.4</ele>
    <time>2024-09-05T20:14:36Z</time>
   </trkpt>
   <trkpt lat="31.3106900" lon="30.0670760">
    <ele>5.4</ele>
    <time>2024-09-05T20:14:37Z</time>
   </trkpt>
   <trkpt lat="31.3107240" lon="30.0670700">
    <ele>5.3</ele>
    <time>2024-09-05T20:14:38Z</time>
   </trkpt>
   <trkpt lat="31.3107360" lon="30.0670640">
    <ele>5.3</ele>
    <time>2024-09-05T20:14:39Z</time>
   </trkpt>
   <trkpt lat="31.3107590" lon="30.0670420">
    <ele>5.2</ele>
    <time>2024-09-05T20:14:40Z</time>
   </trkpt>
   <trkpt lat="31.3107850" lon="30.0670260">
    <ele>5.2</ele>
    <time>2024-09-05T20:14:41Z</time>
   </trkpt>
   <trkpt lat="31.3107940" lon="30.0670190">
    <ele>5.2</ele>
    <time>2024-09-05T20:14:42Z</time>
   </trkpt>
   <trkpt lat="31.3108200" lon="30.0670040">
    <ele>5.1</ele>
    <time>2024-09-05T20:14:43Z</time>
   </trkpt>
   <trkpt lat="31.3108280" lon="30.0669960">
    <ele>5.1</ele>
    <time>2024-09-05T20:14:44Z</time>
   </trkpt>
   <trkpt lat="31.3108600" lon="30.0669780">
    <ele>5.0</ele>
    <time>2024-09-05T20:14:45Z</time>
   </trkpt>
   <trkpt lat="31.3108700" lon="30.0669720">
    <ele>5.0</ele>
    <time>2024-09-05T20:14:46Z</time>
   </trkpt>
   <trkpt lat="31.3108970" lon="30.0669490">
    <ele>4.9</ele>
    <time>2024-09-05T20:14:47Z</time>
   </trkpt>
   <trkpt lat="31.3109060" lon="30.0669400">
    <ele>4.9</ele>
    <time>2024-09-05T20:14:48Z</time>
   </trkpt>
   <trkpt lat="31.3109350" lon="30.0669150">
    <ele>4.8</ele>
    <time>2024-09-05T20:14:49Z</time>
   </trkpt>
   <trkpt lat="31.3109450" lon="30.0669070">
    <ele>4.8</ele>
    <time>2024-09-05T20:14:50Z</time>
   </trkpt>
   <trkpt lat="31.3109780" lon="30.0668880">
    <ele>4.3</ele>
    <time>2024-09-05T20:14:51Z</time>
   </trkpt>
   <trkpt lat="31.3109860" lon="30.0668800">
    <ele>4.2</ele>
    <time>2024-09-05T20:14:52Z</time>
   </trkpt>
   <trkpt lat="31.3110230" lon="30.0668790">
    <ele>3.4</ele>
    <time>2024-09-05T20:14:53Z</time>
   </trkpt>
   <trkpt lat="31.3110370" lon="30.0668850">
    <ele>3.5</ele>
    <time>2024-09-05T20:14:54Z</time>
   </trkpt>
   <trkpt lat="31.3110540" lon="30.0669110">
    <ele>3.6</ele>
    <time>2024-09-05T20:14:55Z</time>
   </trkpt>
   <trkpt lat="31.3110600" lon="30.0669440">
    <ele>3.8</ele>
    <time>2024-09-05T20:14:56Z</time>
   </trkpt>
   <trkpt lat="31.3110830" lon="30.0669760">
    <ele>4.0</ele>
    <time>2024-09-05T20:14:57Z</time>
   </trkpt>
   <trkpt lat="31.3110920" lon="30.0669850">
    <ele>4.0</ele>
    <time>2024-09-05T20:14:58Z</time>
   </trkpt>
   <trkpt lat="31.3111150" lon="30.0670160">
    <ele>4.2</ele>
    <time>2024-09-05T20:14:59Z</time>
   </trkpt>
   <trkpt lat="31.3111210" lon="30.0670280">
    <ele>4.3</ele>
    <time>2024-09-05T20:15:00Z</time>
   </trkpt>
   <trkpt lat="31.3111410" lon="30.0670620">
    <ele>4.5</ele>
    <time>2024-09-05T20:15:01Z</time>
   </trkpt>
   <trkpt lat="31.3111470" lon="30.0670750">
    <ele>4.6</ele>
    <time>2024-09-05T20:15:02Z</time>
   </trkpt>
   <trkpt lat="31.3111680" lon="30.0671030">
    <ele>4.7</ele>
    <time>2024-09-05T20:15:03Z</time>
   </trkpt>
   <trkpt lat="31.3111780" lon="30.0671100">
    <ele>4.8</ele>
    <time>2024-09-05T20:15:04Z</time>
   </trkpt>
   <trkpt lat="31.3112030" lon="30.0671380">
    <ele>5.0</ele>
    <time>2024-09-05T20:15:05Z</time>
   </trkpt>
   <trkpt lat="31.3112100" lon="30.0671480">
    <ele>5.0</ele>
    <time>2024-09-05T20:15:06Z</time>
   </trkpt>
   <trkpt lat="31.3112400" lon="30.0671710">
    <ele>5.2</ele>
    <time>2024-09-05T20:15:07Z</time>
   </trkpt>
   <trkpt lat="31.3112480" lon="30.0671790">
    <ele>5.2</ele>
    <time>2024-09-05T20:15:08Z</time>
   </trkpt>
   <trkpt lat="31.3112730" lon="30.0672060">
    <ele>5.4</ele>
    <time>2024-09-05T20:15:09Z</time>
   </trkpt>
   <trkpt lat="31.3112840" lon="30.0672120">
    <ele>5.4</ele>
    <time>2024-09-05T20:15:10Z</time>
   </trkpt>
   <trkpt lat="31.3113050" lon="30.0672400">
    <ele>5.5</ele>
    <time>2024-09-05T20:15:11Z</time>
   </trkpt>
   <trkpt lat="31.3113110" lon="30.0672520">
    <ele>5.5</ele>
    <time>2024-09-05T20:15:12Z</time>
   </trkpt>
   <trkpt lat="31.3113300" lon="30.0672890">
    <ele>5.6</ele>
    <time>2024-09-05T20:15:13Z</time>
   </trkpt>
   <trkpt lat="31.3113350" lon="30.0673020">
    <ele>5.6</ele>
    <time>2024-09-05T20:15:14Z</time>
   </trkpt>
   <trkpt lat="31.3113570" lon="30.0673340">
    <ele>5.7</ele>
    <time>2024-09-05T20:15:15Z</time>
   </trkpt>
   <trkpt lat="31.3113640" lon="30.0673450">
    <ele>5.7</ele>
    <time>2024-09-05T20:15:16Z</time>
   </trkpt>
   <trkpt lat="31.3113860" lon="30.0673800">
    <ele>5.8</ele>
    <time>2024-09-05T20:15:17Z</time>
   </trkpt>
   <trkpt lat="31.3113950" lon="30.0673910">
    <ele>5.8</ele>
    <time>2024-09-05T20:15:18Z</time>
   </trkpt>
   <trkpt lat="31.3114090" lon="30.0674260">
    <ele>5.8</ele>
    <time>2024-09-05T20:15:19Z</time>
   </trkpt>
   <trkpt lat="31.3114140" lon="30.0674390">
    <ele>5.8</ele>
    <time>2024-09-05T20:15:20Z</time>
   </trkpt>
   <trkpt lat="31.3114360" lon="30.0674730">
    <ele>5.9</ele>
    <time>2024-09-05T20:15:21Z</time>
   </trkpt>
   <trkpt lat="31.3114430" lon="30.0674860">
    <ele>5.9</ele>
    <time>2024-09-05T20:15:22Z</time>
   </trkpt>
   <trkpt lat="31.3114640" lon="30.0675190">
    <ele>5.9</ele>
    <time>2024-09-05T20:15:23Z</time>
   </trkpt>
   <trkpt lat="31.3114730" lon="30.0675260">
    <ele>5.9</ele>
    <time>2024-09-05T20:15:24Z</time>
   </trkpt>
   <trkpt lat="31.3114950" lon="30.0675510">
    <ele>6.0</ele>
    <time>2024-09-05T20:15:25Z</time>
   </trkpt>
   <trkpt lat="31.3115020" lon="30.0675590">
    <ele>6.0</ele>
    <time>2024-09-05T20:15:26Z</time>
   </trkpt>
   <trkpt lat="31.3115230" lon="30.0675880">
    <ele>6.0</ele>
    <time>2024-09-05T20:15:27Z</time>
   </trkpt>
   <trkpt lat="31.3115270" lon="30.0676020">
    <ele>6.0</ele>
    <time>2024-09-05T20:15:28Z</time>
   </trkpt>
   <trkpt lat="31.3115490" lon="30.0676380">
    <ele>6.0</ele>
    <time>2024-09-05T20:15:29Z</time>
   </trkpt>
   <trkpt lat="31.3115550" lon="30.0676500">
    <ele>6.0</ele>
    <time>2024-09-05T20:15:30Z</time>
   </trkpt>
   <trkpt lat="31.3115760" lon="30.0676870">
    <ele>6.0</ele>
    <time>2024-09-05T20:15:31Z</time>
   </trkpt>
   <trkpt lat="31.3115830" lon="30.0676980">
    <ele>6.0</ele>
    <time>2024-09-05T20:15:32Z</time>
   </trkpt>
   <trkpt lat="31.3115960" lon="30.0677380">
    <ele>6.0</ele>
    <time>2024-09-05T20:15:33Z</time>
   </trkpt>
   <trkpt lat="31.3115990" lon="30.0677550">
    <ele>6.0</ele>
    <time>2024-09-05T20:15:34Z</time>
   </trkpt>
   <trkpt lat="31.3116060" lon="30.0677990">
    <ele>6.0</ele>
    <time>2024-09-05T20:15:35Z</time>
   </trkpt>
   <trkpt lat="31.3116080" lon="30.0678160">
    <ele>6.0</ele>
    <time>2024-09-05T20:15:36Z</time>
   </trkpt>
   <trkpt lat="31.3116240" lon="30.0678570">
    <ele>6.0</ele>
    <time>2024-09-05T20:15:37Z</time>
   </trkpt>
   <trkpt lat="31.3116300" lon="30.0678700">
    <ele>6.0</ele>
    <time>2024-09-05T20:15:38Z</time>
   </trkpt>
   <trkpt lat="31.3116410" lon="30.0679140">
    <ele>6.0</ele>
    <time>2024-09-05T20:15:39Z</time>
   </trkpt>
   <trkpt lat="31.3116450" lon="30.0679290">
    <ele>6.0</ele>
    <time>2024-09-05T20:15:40Z</time>
   </trkpt>
   <trkpt lat="31.3116650" lon="30.0679660">
    <ele>6.0</ele>
    <time>2024-09-05T20:15:41Z</time>
   </trkpt>
   <trkpt lat="31.3116740" lon="30.0679780">
    <ele>6.0</ele>
    <time>2024-09-05T20:15:42Z</time>
   </trkpt>
   <trkpt lat="31.3116980" lon="30.0680130">
    <ele>6.0</ele>
    <time>2024-09-05T20:15:43Z</time>
   </trkpt>
   <trkpt lat="31.3117080" lon="30.0680230">
    <ele>6.0</ele>
    <time>2024-09-05T20:15:44Z</time>
   </trkpt>
   <trkpt lat="31.3117300" lon="30.0680630">
    <ele>6.0</ele>
    <time>2024-09-05T20:15:45Z</time>
   </trkpt>
   <trkpt lat="31.3117390" lon="30.0680760">
    <ele>6.0</ele>
    <time>2024-09-05T20:15:46Z</time>
   </trkpt>
   <trkpt lat="31.3117590" lon="30.0680990">
    <ele>6.0</ele>
    <time>2024-09-05T20:15:47Z</time>
   </trkpt>
   <trkpt lat="31.3117790" lon="30.0681350">
    <ele>5.9</ele>
    <time>2024-09-05T20:15:48Z</time>
   </trkpt>
   <trkpt lat="31.3117870" lon="30.0681460">
    <ele>5.9</ele>
    <time>2024-09-05T20:15:49Z</time>
   </trkpt>
   <trkpt lat="31.3118100" lon="30.0681800">
    <ele>5.8</ele>
    <time>2024-09-05T20:15:50Z</time>
   </trkpt>
   <trkpt lat="31.3118150" lon="30.0681940">
    <ele>5.8</ele>
    <time>2024-09-05T20:15:51Z</time>
   </trkpt>
   <trkpt lat="31.3118420" lon="30.0682270">
    <ele>5.6</ele>
    <time>2024-09-05T20:15:52Z</time>
   </trkpt>
   <trkpt lat="31.3118500" lon="30.0682370">
    <ele>5.6</ele>
    <time>2024-09-05T20:15:53Z</time>
   </trkpt>
   <trkpt lat="31.3118660" lon="30.0682740">
    <ele>5.5</ele>
    <time>2024-09-05T20:15:54Z</time>
   </trkpt>
   <trkpt lat="31.3118720" lon="30.0682860">
    <ele>5.4</ele>
    <time>2024-09-05T20:15:55Z</time>
   </trkpt>
   <trkpt lat="31.3118930" lon="30.0683060">
    <ele>5.3</ele>
    <time>2024-09-05T20:15:56Z</time>
   </trkpt>
   <trkpt lat="31.3119120" lon="30.0683400">
    <ele>5.2</ele>
    <time>2024-09-05T20:15:57Z</time>
   </trkpt>
   <trkpt lat="31.3119190" lon="30.0683520">
    <ele>5.1</ele>
    <time>2024-09-05T20:15:58Z</time>
   </trkpt>
   <trkpt lat="31.3119340" lon="30.0683830">
    <ele>5.0</ele>
    <time>2024-09-05T20:15:59Z</time>
   </trkpt>
   <trkpt lat="31.3119380" lon="30.0683950">
    <ele>5.0</ele>
    <time>2024-09-05T20:16:00Z</time>
   </trkpt>
   <trkpt lat="31.3119590" lon="30.0684300">
    <ele>4.9</ele>
    <time>2024-09-05T20:16:01Z</time>
   </trkpt>
   <trkpt lat="31.3119700" lon="30.0684400">
    <ele>4.9</ele>
    <time>2024-09-05T20:16:02Z</time>
   </trkpt>
   <trkpt lat="31.3119900" lon="30.0684720">
    <ele>4.8</ele>
    <time>2024-09-05T20:16:03Z</time>
   </trkpt>
   <trkpt lat="31.3119960" lon="30.0684830">
    <ele>4.8</ele>
    <time>2024-09-05T20:16:04Z</time>
   </trkpt>
   <trkpt lat="31.3120230" lon="30.0685110">
    <ele>4.6</ele>
    <time>2024-09-05T20:16:05Z</time>
   </trkpt>
   <trkpt lat="31.3120310" lon="30.0685210">
    <ele>4.5</ele>
    <time>2024-09-05T20:16:06Z</time>
   </trkpt>
   <trkpt lat="31.3120450" lon="30.0685560">
    <ele>4.1</ele>
    <time>2024-09-05T20:16:07Z</time>
   </trkpt>
   <trkpt lat="31.3120540" lon="30.0685640">
    <ele>4.0</ele>
    <time>2024-09-05T20:16:08Z</time>
   </trkpt>
   <trkpt lat="31.3120830" lon="30.0685890">
    <ele>3.6</ele>
    <time>2024-09-05T20:16:09Z</time>
   </trkpt>
   <trkpt lat="31.3120890" lon="30.0685980">
    <ele>3.5</ele>
    <time>2024-09-05T20:16:10Z</time>
   </trkpt>
   <trkpt lat="31.3121240" lon="30.0685940">
    <ele>3.3</ele>
    <time>2024-09-05T20:16:11Z</time>
   </trkpt>
   <trkpt lat="31.3121360" lon="30.0685870">
    <ele>3.3</ele>
    <time>2024-09-05T20:16:12Z</time>
   </trkpt>
   <trkpt lat="31.3121670" lon="30.0685680">
    <ele>3.3</ele>
    <time>2024-09-05T20:16:13Z</time>
   </trkpt>
   <trkpt lat="31.3121750" lon="30.0685620">
    <ele>3.3</ele>
    <time>2024-09-05T20:16:14Z</time>
   </trkpt>
   <trkpt lat="31.3122100" lon="30.0685510">
    <ele>3.3</ele>
    <time>2024-09-05T20:16:15Z</time>
   </trkpt>
   <trkpt lat="31.3122200" lon="30.0685470">
    <ele>3.3</ele>
    <time>2024-09-05T20:16:16Z</time>
   </trkpt>
   <trkpt lat="31.3122490" lon="30.0685290">
    <ele>3.4</ele>
    <time>2024-09-05T20:16:17Z</time>
   </trkpt>
   <trkpt lat="31.3122570" lon="30.0685200">
    <ele>3.4</ele>
    <time>2024-09-05T20:16:18Z</time>
   </trkpt>
   <trkpt lat="31.3122850" lon="30.0685000">
    <ele>3.4</ele>
    <time>2024-09-05T20:16:19Z</time>
   </trkpt>
   <trkpt lat="31.3122950" lon="30.0684950">
    <ele>3.4</ele>
    <time>2024-09-05T20:16:20Z</time>
   </trkpt>
   <trkpt lat="31.3123270" lon="30.0684770">
    <ele>3.4</ele>
    <time>2024-09-05T20:16:21Z</time>
   </trkpt>
   <trkpt lat="31.3123380" lon="30.0684730">
    <ele>3.4</ele>
    <time>2024-09-05T20:16:22Z</time>
   </trkpt>
   <trkpt lat="31.3123680" lon="30.0684520">
    <ele>3.5</ele>
    <time>2024-09-05T20:16:23Z</time>
   </trkpt>
   <trkpt lat="31.3123790" lon="30.0684450">
    <ele>3.5</ele>
    <time>2024-09-05T20:16:24Z</time>
   </trkpt>
   <trkpt lat="31.3124120" lon="30.0684320">
    <ele>3.5</ele>
    <time>2024-09-05T20:16:25Z</time>
   </trkpt>
   <trkpt lat="31.3124230" lon="30.0684290">
    <ele>3.5</ele>
    <time>2024-09-05T20:16:26Z</time>
   </trkpt>
   <trkpt lat="31.3124530" lon="30.0684050">
    <ele>3.5</ele>
    <time>2024-09-05T20:16:27Z</time>
   </trkpt>
   <trkpt lat="31.3124640" lon="30.0683980">
    <ele>3.5</ele>
    <time>2024-09-05T20:16:28Z</time>
   </trkpt>
   <trkpt lat="31.3124930" lon="30.0683850">
    <ele>3.5</ele>
    <time>2024-09-05T20:16:29Z</time>
   </trkpt>
   <trkpt lat="31.3125030" lon="30.0683800">
    <ele>3.5</ele>
    <time>2024-09-05T20:16:30Z</time>
   </trkpt>
   <trkpt lat="31.3125320" lon="30.0683580">
    <ele>3.6</ele>
    <time>2024-09-05T20:16:31Z</time>
   </trkpt>
   <trkpt lat="31.3125400" lon="30.0683510">
    <ele>3.6</ele>
    <time>2024-09-05T20:16:32Z</time>
   </trkpt>
   <trkpt lat="31.3125710" lon="30.0683260">
    <ele>3.6</ele>
    <time>2024-09-05T20:16:33Z</time>
   </trkpt>
   <trkpt lat="31.3125800" lon="30.0683180">
    <ele>3.6</ele>
    <time>2024-09-05T20:16:34Z</time>
   </trkpt>
   <trkpt lat="31.3126090" lon="30.0682970">
    <ele>3.6</ele>
    <time>2024-09-05T20:16:35Z</time>
   </trkpt>
   <trkpt lat="31.3126200" lon="30.0682910">
    <ele>3.6</ele>
    <time>2024-09-05T20:16:36Z</time>
   </trkpt>
   <trkpt lat="31.3126500" lon="30.0682710">
    <ele>3.7</ele>
    <time>2024-09-05T20:16:37Z</time>
   </trkpt>
   <trkpt lat="31.3126570" lon="30.0682640">
    <ele>3.7</ele>
    <time>2024-09-05T20:16:38Z</time>
   </trkpt>
   <trkpt lat="31.3126890" lon="30.0682470">
    <ele>3.7</ele>
    <time>2024-09-05T20:16:39Z</time>
   </trkpt>
   <trkpt lat="31.3126970" lon="30.0682390">
    <ele>3.7</ele>
    <time>2024-09-05T20:16:40Z</time>
   </trkpt>
   <trkpt lat="31.3127200" lon="30.0682150">
    <ele>3.7</ele>
    <time>2024-09-05T20:16:41Z</time>
   </trkpt>
   <trkpt lat="31.3127270" lon="30.0682060">
    <ele>3.7</ele>
    <time>2024-09-05T20:16:42Z</time>
   </trkpt>
   <trkpt lat="31.3127490" lon="30.0681780">
    <ele>3.7</ele>
    <time>2024-09-05T20:16:43Z</time>
   </trkpt>
   <trkpt lat="31.3127580" lon="30.0681700">
    <ele>3.8</ele>
    <time>2024-09-05T20:16:44Z</time>
   </trkpt>
   <trkpt lat="31.3127850" lon="30.0681490">
    <ele>3.8</ele>
    <time>2024-09-05T20:16:45Z</time>
   </trkpt>
   <trkpt lat="31.3127920" lon="30.0681420">
    <ele>3.8</ele>
    <time>2024-09-05T20:16:46Z</time>
   </trkpt>
   <trkpt lat="31.3128120" lon="30.0681130">
    <ele>3.8</ele>
    <time>2024-09-05T20:16:47Z</time>
   </trkpt>
   <trkpt lat="31.3128160" lon="30.0681030">
    <ele>3.8</ele>
    <time>2024-09-05T20:16:48Z</time>
   </trkpt>
   <trkpt lat="31.3128340" lon="30.0680710">
    <ele>3.8</ele>
    <time>2024-09-05T20:16:49Z</time>
   </trkpt>
   <trkpt lat="31.3128390" lon="30.0680610">
    <ele>3.8</ele>
    <time>2024-09-05T20:16:50Z</time>
   </trkpt>
   <trkpt lat="31.3128640" lon="30.0680360">
    <ele>3.9</ele>
    <time>2024-09-05T20:16:51Z</time>
   </trkpt>
   <trkpt lat="31.3128740" lon="30.0680290">
    <ele>3.9</ele>
    <time>2024-09-05T20:16:52Z</time>
   </trkpt>
   <trkpt lat="31.3128950" lon="30.0680020">
    <ele>3.9</ele>
    <time>2024-09-05T20:16:53Z</time>
   </trkpt>
   <trkpt lat="31.3129020" lon="30.0679930">
    <ele>3.9</ele>
    <time>2024-09-05T20:16:54Z</time>
   </trkpt>
   <trkpt lat="31.3129200" lon="30.0679580">
    <ele>3.9</ele>
    <time>2024-09-05T20:16:55Z</time>
   </trkpt>
   <trkpt lat="31.3129260" lon="30.0679480">
    <ele>3.9</ele>
    <time>2024-09-05T20:16:56Z</time>
   </trkpt>
   <trkpt lat="31.3129360" lon="30.0679080">
    <ele>3.9</ele>
    <time>2024-09-05T20:16:57Z</time>
   </trkpt>
   <trkpt lat="31.3129380" lon="30.0678940">
    <ele>3.9</ele>
    <time>2024-09-05T20:16:58Z</time>
   </trkpt>
   <trkpt lat="31.3129380" lon="30.0678520">
    <ele>4.0</ele>
    <time>2024-09-05T20:16:59Z</time>
   </trkpt>
   <trkpt lat="31.3129440" lon="30.0678380">
    <ele>4.0</ele>
    <time>2024-09-05T20:17:00Z</time>
   </trkpt>
   <trkpt lat="31.3129490" lon="30.0678030">
    <ele>4.0</ele>
    <time>2024-09-05T20:17:01Z</time>
   </trkpt>
   <trkpt lat="31.3129480" lon="30.0677920">
    <ele>4.0</ele>
    <time>2024-09-05T20:17:02Z</time>
   </trkpt>
   <trkpt lat="31.3129450" lon="30.0677610">
    <ele>4.0</ele>
    <time>2024-09-05T20:17:03Z</time>
   </trkpt>
   <trkpt lat="31.3129400" lon="30.0677500">
    <ele>3.9</ele>
    <time>2024-09-05T20:17:04Z</time>
   </trkpt>
   <trkpt lat="31.3129270" lon="30.0677170">
    <ele>3.9</ele>
    <time>2024-09-05T20:17:05Z</time>
   </trkpt>
   <trkpt lat="31.3129250" lon="30.0677060">
    <ele>3.8</ele>
    <time>2024-09-05T20:17:06Z</time>
   </trkpt>
   <trkpt lat="31.3129210" lon="30.0676700">
    <ele>3.8</ele>
    <time>2024-09-05T20:17:07Z</time>
   </trkpt>
   <trkpt lat="31.3129170" lon="30.0676590">
    <ele>3.8</ele>
    <time>2024-09-05T20:17:08Z</time>
   </trkpt>
   <trkpt lat="31.3129030" lon="30.0676210">
    <ele>3.7</ele>
    <time>2024-09-05T20:17:09Z</time>
   </trkpt>
   <trkpt lat="31.3129000" lon="30.0676080">
    <ele>3.7</ele>
    <time>2024-09-05T20:17:10Z</time>
   </trkpt>
   <trkpt lat="31.3128910" lon="30.0675740">
    <ele>3.6</ele>
    <time>2024-09-05T20:17:11Z</time>
   </trkpt>
   <trkpt lat="31.3128880" lon="30.0675620">
    <ele>3.6</ele>
    <time>2024-09-05T20:17:12Z</time>
   </trkpt>
   <trkpt lat="31.3128670" lon="30.0675320">
    <ele>3.5</ele>
    <time>2024-09-05T20:17:13Z</time>
   </trkpt>
   <trkpt lat="31.3128600" lon="30.0675220">
    <ele>3.5</ele>
    <time>2024-09-05T20:17:14Z</time>
   </trkpt>
   <trkpt lat="31.3128490" lon="30.0674850">
    <ele>3.4</ele>
    <time>2024-09-05T20:17:15Z</time>
   </trkpt>
   <trkpt lat="31.3128480" lon="30.0674720">
    <ele>3.3</ele>
    <time>2024-09-05T20:17:16Z</time>
   </trkpt>
   <trkpt lat="31.3128280" lon="30.0674380">
    <ele>3.2</ele>
    <time>2024-09-05T20:17:17Z</time>
   </trkpt>
   <trkpt lat="31.3128260" lon="30.0674240">
    <ele>3.2</ele>
    <time>2024-09-05T20:17:18Z</time>
   </trkpt>
   <trkpt lat="31.3128090" lon="30.0673860">
    <ele>3.1</ele>
    <time>2024-09-05T20:17:19Z</time>
   </trkpt>
   <trkpt lat="31.3127880" lon="30.0673470">
    <ele>3.0</ele>
    <time>2024-09-05T20:17:20Z</time>
   </trkpt>
   <trkpt lat="31.3127780" lon="30.0673330">
    <ele>2.9</ele>
    <time>2024-09-05T20:17:21Z</time>
   </trkpt>
   <trkpt lat="31.3127540" lon="30.0672980">
    <ele>2.8</ele>
    <time>2024-09-05T20:17:22Z</time>
   </trkpt>
   <trkpt lat="31.3127460" lon="30.0672870">
    <ele>2.8</ele>
    <time>2024-09-05T20:17:23Z</time>
   </trkpt>
   <trkpt lat="31.3127310" lon="30.0672590">
    <ele>2.7</ele>
    <time>2024-09-05T20:17:24Z</time>
   </trkpt>
   <trkpt lat="31.3127130" lon="30.0672330">
    <ele>2.7</ele>
    <time>2024-09-05T20:17:25Z</time>
   </trkpt>
   <trkpt lat="31.3127050" lon="30.0671970">
    <ele>2.6</ele>
    <time>2024-09-05T20:17:26Z</time>
   </trkpt>
   <trkpt lat="31.3127000" lon="30.0671830">
    <ele>2.6</ele>
    <time>2024-09-05T20:17:27Z</time>
   </trkpt>
   <trkpt lat="31.3126740" lon="30.0671580">
    <ele>2.5</ele>
    <time>2024-09-05T20:17:28Z</time>
   </trkpt>
   <trkpt lat="31.3126560" lon="30.0671300">
    <ele>2.5</ele>
    <time>2024-09-05T20:17:29Z</time>
   </trkpt>
   <trkpt lat="31.3126380" lon="30.0670980">
    <ele>2.4</ele>
    <time>2024-09-05T20:17:30Z</time>
   </trkpt>
   <trkpt lat="31.3126200" lon="30.0670670">
    <ele>2.4</ele>
    <time>2024-09-05T20:17:31Z</time>
   </trkpt>
   <trkpt lat="31.3125960" lon="30.0670400">
    <ele>2.4</ele>
    <time>2024-09-05T20:17:32Z</time>
   </trkpt>
   <trkpt lat="31.3125720" lon="30.0670080">
    <ele>2.3</ele>
    <time>2024-09-05T20:17:33Z</time>
   </trkpt>
   <trkpt lat="31.3125660" lon="30.0669970">
    <ele>2.3</ele>
    <time>2024-09-05T20:17:34Z</time>
   </trkpt>
   <trkpt lat="31.3125530" lon="30.0669550">
    <ele>2.2</ele>
    <time>2024-09-05T20:17:35Z</time>
   </trkpt>
   <trkpt lat="31.3125440" lon="30.0669450">
    <ele>2.1</ele>
    <time>2024-09-05T20:17:36Z</time>
   </trkpt>
   <trkpt lat="31.3125180" lon="30.0669040">
    <ele>2.0</ele>
    <time>2024-09-05T20:17:37Z</time>
   </trkpt>
   <trkpt lat="31.3125050" lon="30.0668880">
    <ele>1.9</ele>
    <time>2024-09-05T20:17:38Z</time>
   </trkpt>
   <trkpt lat="31.3124810" lon="30.0668650">
    <ele>1.8</ele>
    <time>2024-09-05T20:17:39Z</time>
   </trkpt>
   <trkpt lat="31.3124650" lon="30.0668260">
    <ele>1.7</ele>
    <time>2024-09-05T20:17:40Z</time>
   </trkpt>
   <trkpt lat="31.3124530" lon="30.0667820">
    <ele>1.6</ele>
    <time>2024-09-05T20:17:41Z</time>
   </trkpt>
   <trkpt lat="31.3124480" lon="30.0667650">
    <ele>1.6</ele>
    <time>2024-09-05T20:17:42Z</time>
   </trkpt>
   <trkpt lat="31.3124320" lon="30.0667360">
    <ele>1.5</ele>
    <time>2024-09-05T20:17:43Z</time>
   </trkpt>
   <trkpt lat="31.3124140" lon="30.0666940">
    <ele>1.4</ele>
    <time>2024-09-05T20:17:44Z</time>
   </trkpt>
   <trkpt lat="31.3124060" lon="30.0666770">
    <ele>1.3</ele>
    <time>2024-09-05T20:17:45Z</time>
   </trkpt>
   <trkpt lat="31.3123810" lon="30.0666350">
    <ele>1.1</ele>
    <time>2024-09-05T20:17:46Z</time>
   </trkpt>
   <trkpt lat="31.3123720" lon="30.0666190">
    <ele>1.1</ele>
    <time>2024-09-05T20:17:47Z</time>
   </trkpt>
   <trkpt lat="31.3123540" lon="30.0665830">
    <ele>1.0</ele>
    <time>2024-09-05T20:17:48Z</time>
   </trkpt>
   <trkpt lat="31.3123470" lon="30.0665690">
    <ele>0.9</ele>
    <time>2024-09-05T20:17:49Z</time>
   </trkpt>
   <trkpt lat="31.3123330" lon="30.0665370">
    <ele>0.8</ele>
    <time>2024-09-05T20:17:50Z</time>
   </trkpt>
   <trkpt lat="31.3123120" lon="30.0665110">
    <ele>0.7</ele>
    <time>2024-09-05T20:17:51Z</time>
   </trkpt>
   <trkpt lat="31.3123020" lon="30.0664770">
    <ele>0.6</ele>
    <time>2024-09-05T20:17:52Z</time>
   </trkpt>
   <trkpt lat="31.3122860" lon="30.0664490">
    <ele>0.5</ele>
    <time>2024-09-05T20:17:53Z</time>
   </trkpt>
   <trkpt lat="31.3122670" lon="30.0664170">
    <ele>0.4</ele>
    <time>2024-09-05T20:17:54Z</time>
   </trkpt>
   <trkpt lat="31.3122520" lon="30.0663890">
    <ele>0.3</ele>
    <time>2024-09-05T20:17:55Z</time>
   </trkpt>
   <trkpt lat="31.3122430" lon="30.0663590">
    <ele>0.2</ele>
    <time>2024-09-05T20:17:56Z</time>
   </trkpt>
   <trkpt lat="31.3122280" lon="30.0663280">
    <ele>0.2</ele>
    <time>2024-09-05T20:17:57Z</time>
   </trkpt>
   <trkpt lat="31.3122160" lon="30.0662980">
    <ele>0.1</ele>
    <time>2024-09-05T20:17:58Z</time>
   </trkpt>
   <trkpt lat="31.3122050" lon="30.0662640">
    <ele>0.1</ele>
    <time>2024-09-05T20:17:59Z</time>
   </trkpt>
   <trkpt lat="31.3121840" lon="30.0662250">
    <ele>0.1</ele>
    <time>2024-09-05T20:18:00Z</time>
   </trkpt>
   <trkpt lat="31.3121760" lon="30.0662090">
    <ele>0.2</ele>
    <time>2024-09-05T20:18:01Z</time>
   </trkpt>
   <trkpt lat="31.3121540" lon="30.0661680">
    <ele>0.2</ele>
    <time>2024-09-05T20:18:02Z</time>
   </trkpt>
   <trkpt lat="31.3121470" lon="30.0661530">
    <ele>0.2</ele>
    <time>2024-09-05T20:18:03Z</time>
   </trkpt>
   <trkpt lat="31.3121360" lon="30.0661230">
    <ele>0.3</ele>
    <time>2024-09-05T20:18:04Z</time>
   </trkpt>
   <trkpt lat="31.3121190" lon="30.0660800">
    <ele>0.5</ele>
    <time>2024-09-05T20:18:05Z</time>
   </trkpt>
   <trkpt lat="31.3121120" lon="30.0660630">
    <ele>0.6</ele>
    <time>2024-09-05T20:18:06Z</time>
   </trkpt>
   <trkpt lat="31.3120970" lon="30.0660360">
    <ele>0.7</ele>
    <time>2024-09-05T20:18:07Z</time>
   </trkpt>
   <trkpt lat="31.3120810" lon="30.0660080">
    <ele>0.8</ele>
    <time>2024-09-05T20:18:08Z</time>
   </trkpt>
   <trkpt lat="31.3120660" lon="30.0659810">
    <ele>0.8</ele>
    <time>2024-09-05T20:18:09Z</time>
   </trkpt>
   <trkpt lat="31.3120410" lon="30.0659420">
    <ele>0.9</ele>
    <time>2024-09-05T20:18:10Z</time>
   </trkpt>
   <trkpt lat="31.3120320" lon="30.0659300">
    <ele>0.9</ele>
    <time>2024-09-05T20:18:11Z</time>
   </trkpt>
   <trkpt lat="31.3120130" lon="30.0658890">
    <ele>0.9</ele>
    <time>2024-09-05T20:18:12Z</time>
   </trkpt>
   <trkpt lat="31.3120050" lon="30.0658740">
    <ele>1.0</ele>
    <time>2024-09-05T20:18:13Z</time>
   </trkpt>
   <trkpt lat="31.3119820" lon="30.0658370">
    <ele>1.0</ele>
    <time>2024-09-05T20:18:14Z</time>
   </trkpt>
   <trkpt lat="31.3119750" lon="30.0658230">
    <ele>1.1</ele>
    <time>2024-09-05T20:18:15Z</time>
   </trkpt>
   <trkpt lat="31.3119600" lon="30.0657950">
    <ele>1.1</ele>
    <time>2024-09-05T20:18:16Z</time>
   </trkpt>
   <trkpt lat="31.3119450" lon="30.0657680">
    <ele>1.1</ele>
    <time>2024-09-05T20:18:17Z</time>
   </trkpt>
   <trkpt lat="31.3119320" lon="30.0657350">
    <ele>1.2</ele>
    <time>2024-09-05T20:18:18Z</time>
   </trkpt>
   <trkpt lat="31.3119090" lon="30.0656990">
    <ele>1.3</ele>
    <time>2024-09-05T20:18:19Z</time>
   </trkpt>
   <trkpt lat="31.3119000" lon="30.0656870">
    <ele>1.3</ele>
    <time>2024-09-05T20:18:20Z</time>
   </trkpt>
   <trkpt lat="31.3118900" lon="30.0656550">
    <ele>1.4</ele>
    <time>2024-09-05T20:18:21Z</time>
   </trkpt>
   <trkpt lat="31.3118750" lon="30.0656250">
    <ele>1.5</ele>
    <time>2024-09-05T20:18:22Z</time>
   </trkpt>
   <trkpt lat="31.3118590" lon="30.0656000">
    <ele>1.5</ele>
    <time>2024-09-05T20:18:23Z</time>
   </trkpt>
   <trkpt lat="31.3118400" lon="30.0655560">
    <ele>1.6</ele>
    <time>2024-09-05T20:18:24Z</time>
   </trkpt>
   <trkpt lat="31.3118340" lon="30.0655400">
    <ele>1.7</ele>
    <time>2024-09-05T20:18:25Z</time>
   </trkpt>
   <trkpt lat="31.3118100" lon="30.0655030">
    <ele>1.7</ele>
    <time>2024-09-05T20:18:26Z</time>
   </trkpt>
   <trkpt lat="31.3118040" lon="30.0654890">
    <ele>1.8</ele>
    <time>2024-09-05T20:18:27Z</time>
   </trkpt>
   <trkpt lat="31.3117840" lon="30.0654660">
    <ele>1.8</ele>
    <time>2024-09-05T20:18:28Z</time>
   </trkpt>
   <trkpt lat="31.3117670" lon="30.0654400">
    <ele>1.9</ele>
    <time>2024-09-05T20:18:29Z</time>
   </trkpt>
   <trkpt lat="31.3117450" lon="30.0654090">
    <ele>2.0</ele>
    <time>2024-09-05T20:18:30Z</time>
   </trkpt>
   <trkpt lat="31.3117250" lon="30.0653810">
    <ele>2.1</ele>
    <time>2024-09-05T20:18:31Z</time>
   </trkpt>
   <trkpt lat="31.3117070" lon="30.0653480">
    <ele>2.2</ele>
    <time>2024-09-05T20:18:32Z</time>
   </trkpt>
   <trkpt lat="31.3116940" lon="30.0653180">
    <ele>2.4</ele>
    <time>2024-09-05T20:18:33Z</time>
   </trkpt>
   <trkpt lat="31.3116780" lon="30.0652770">
    <ele>2.5</ele>
    <time>2024-09-05T20:18:34Z</time>
   </trkpt>
   <trkpt lat="31.3116710" lon="30.0652650">
    <ele>2.6</ele>
    <time>2024-09-05T20:18:35Z</time>
   </trkpt>
   <trkpt lat="31.3116550" lon="30.0652380">
    <ele>2.7</ele>
    <time>2024-09-05T20:18:36Z</time>
   </trkpt>
   <trkpt lat="31.3116410" lon="30.0651960">
    <ele>2.9</ele>
    <time>2024-09-05T20:18:37Z</time>
   </trkpt>
   <trkpt lat="31.3116340" lon="30.0651810">
    <ele>2.9</ele>
    <time>2024-09-05T20:18:38Z</time>
   </trkpt>
   <trkpt lat="31.3116050" lon="30.0651440">
    <ele>3.1</ele>
    <time>2024-09-05T20:18:39Z</time>
   </trkpt>
   <trkpt lat="31.3115930" lon="30.0651290">
    <ele>3.2</ele>
    <time>2024-09-05T20:18:40Z</time>
   </trkpt>
   <trkpt lat="31.3115810" lon="30.0650980">
    <ele>3.3</ele>
    <time>2024-09-05T20:18:41Z</time>
   </trkpt>
   <trkpt lat="31.3115640" lon="30.0650500">
    <ele>3.5</ele>
    <time>2024-09-05T20:18:42Z</time>
   </trkpt>
   <trkpt lat="31.3115570" lon="30.0650310">
    <ele>3.6</ele>
    <time>2024-09-05T20:18:43Z</time>
   </trkpt>
   <trkpt lat="31.3115400" lon="30.0649950">
    <ele>3.7</ele>
    <time>2024-09-05T20:18:44Z</time>
   </trkpt>
   <trkpt lat="31.3115310" lon="30.0649550">
    <ele>3.8</ele>
    <time>2024-09-05T20:18:45Z</time>
   </trkpt>
   <trkpt lat="31.3115200" lon="30.0649260">
    <ele>3.9</ele>
    <time>2024-09-05T20:18:46Z</time>
   </trkpt>
   <trkpt lat="31.3115080" lon="30.0648880">
    <ele>4.0</ele>
    <time>2024-09-05T20:18:47Z</time>
   </trkpt>
   <trkpt lat="31.3114970" lon="30.0648580">
    <ele>4.0</ele>
    <time>2024-09-05T20:18:48Z</time>
   </trkpt>
   <trkpt lat="31.3114800" lon="30.0648320">
    <ele>3.9</ele>
    <time>2024-09-05T20:18:49Z</time>
   </trkpt>
   <trkpt lat="31.3114660" lon="30.0647970">
    <ele>3.9</ele>
    <time>2024-09-05T20:18:50Z</time>
   </trkpt>
   <trkpt lat="31.3114450" lon="30.0647690">
    <ele>3.9</ele>
    <time>2024-09-05T20:18:51Z</time>
   </trkpt>
   <trkpt lat="31.3114280" lon="30.0647330">
    <ele>3.9</ele>
    <time>2024-09-05T20:18:52Z</time>
   </trkpt>
   <trkpt lat="31.3114120" lon="30.0647080">
    <ele>3.9</ele>
    <time>2024-09-05T20:18:53Z</time>
   </trkpt>
   <trkpt lat="31.3114020" lon="30.0646780">
    <ele>3.8</ele>
    <time>2024-09-05T20:18:54Z</time>
   </trkpt>
   <trkpt lat="31.3113870" lon="30.0646430">
    <ele>3.8</ele>
    <time>2024-09-05T20:18:55Z</time>
   </trkpt>
   <trkpt lat="31.3113700" lon="30.0646160">
    <ele>3.8</ele>
    <time>2024-09-05T20:18:56Z</time>
   </trkpt>
   <trkpt lat="31.3113590" lon="30.0645830">
    <ele>3.7</ele>
    <time>2024-09-05T20:18:57Z</time>
   </trkpt>
   <trkpt lat="31.3113410" lon="30.0645440">
    <ele>3.6</ele>
    <time>2024-09-05T20:18:58Z</time>
   </trkpt>
   <trkpt lat="31.3113340" lon="30.0645290">
    <ele>3.6</ele>
    <time>2024-09-05T20:18:59Z</time>
   </trkpt>
   <trkpt lat="31.3113210" lon="30.0644960">
    <ele>3.5</ele>
    <time>2024-09-05T20:19:00Z</time>
   </trkpt>
   <trkpt lat="31.3113000" lon="30.0644510">
    <ele>3.4</ele>
    <time>2024-09-05T20:19:01Z</time>
   </trkpt>
   <trkpt lat="31.3112940" lon="30.0644320">
    <ele>3.4</ele>
    <time>2024-09-05T20:19:02Z</time>
   </trkpt>
   <trkpt lat="31.3112750" lon="30.0644000">
    <ele>3.3</ele>
    <time>2024-09-05T20:19:03Z</time>
   </trkpt>
   <trkpt lat="31.3112700" lon="30.0643850">
    <ele>3.3</ele>
    <time>2024-09-05T20:19:04Z</time>
   </trkpt>
   <trkpt lat="31.3112530" lon="30.0643440">
    <ele>3.2</ele>
    <time>2024-09-05T20:19:05Z</time>
   </trkpt>
   <trkpt lat="31.3112430" lon="30.0643320">
    <ele>3.2</ele>
    <time>2024-09-05T20:19:06Z</time>
   </trkpt>
   <trkpt lat="31.3112290" lon="30.0643040">
    <ele>3.1</ele>
    <time>2024-09-05T20:19:07Z</time>
   </trkpt>
   <trkpt lat="31.3112010" lon="30.0642690">
    <ele>3.1</ele>
    <time>2024-09-05T20:19:08Z</time>
   </trkpt>
   <trkpt lat="31.3111920" lon="30.0642560">
    <ele>3.0</ele>
    <time>2024-09-05T20:19:09Z</time>
   </trkpt>
   <trkpt lat="31.3111740" lon="30.0642330">
    <ele>3.0</ele>
    <time>2024-09-05T20:19:10Z</time>
   </trkpt>
   <trkpt lat="31.3111600" lon="30.0642040">
    <ele>3.0</ele>
    <time>2024-09-05T20:19:11Z</time>
   </trkpt>
   <trkpt lat="31.3111410" lon="30.0641740">
    <ele>3.0</ele>
    <time>2024-09-05T20:19:12Z</time>
   </trkpt>
   <trkpt lat="31.3111220" lon="30.0641280">
    <ele>2.9</ele>
    <time>2024-09-05T20:19:13Z</time>
   </trkpt>
   <trkpt lat="31.3111150" lon="30.0641090">
    <ele>2.9</ele>
    <time>2024-09-05T20:19:14Z</time>
   </trkpt>
   <trkpt lat="31.3110950" lon="30.0640680">
    <ele>2.9</ele>
    <time>2024-09-05T20:19:15Z</time>
   </trkpt>
   <trkpt lat="31.3110890" lon="30.0640520">
    <ele>2.9</ele>
    <time>2024-09-05T20:19:16Z</time>
   </trkpt>
   <trkpt lat="31.3110750" lon="30.0640210">
    <ele>2.9</ele>
    <time>2024-09-05T20:19:17Z</time>
   </trkpt>
   <trkpt lat="31.3110540" lon="30.0639790">
    <ele>2.9</ele>
    <time>2024-09-05T20:19:18Z</time>
   </trkpt>
   <trkpt lat="31.3110480" lon="30.0639640">
    <ele>2.9</ele>
    <time>2024-09-05T20:19:19Z</time>
   </trkpt>
   <trkpt lat="31.3110320" lon="30.0639320">
    <ele>3.0</ele>
    <time>2024-09-05T20:19:20Z</time>
   </trkpt>
   <trkpt lat="31.3110110" lon="30.0638930">
    <ele>3.0</ele>
    <time>2024-09-05T20:19:21Z</time>
   </trkpt>
   <trkpt lat="31.3110050" lon="30.0638780">
    <ele>3.0</ele>
    <time>2024-09-05T20:19:22Z</time>
   </trkpt>
   <trkpt lat="31.3109930" lon="30.0638490">
    <ele>3.0</ele>
    <time>2024-09-05T20:19:23Z</time>
   </trkpt>
   <trkpt lat="31.3109660" lon="30.0637930">
    <ele>3.1</ele>
    <time>2024-09-05T20:19:24Z</time>
   </trkpt>
   <trkpt lat="31.3109430" lon="30.0637540">
    <ele>3.1</ele>
    <time>2024-09-05T20:19:25Z</time>
   </trkpt>
   <trkpt lat="31.3109350" lon="30.0637410">
    <ele>3.2</ele>
    <time>2024-09-05T20:19:26Z</time>
   </trkpt>
   <trkpt lat="31.3109210" lon="30.0637120">
    <ele>3.3</ele>
    <time>2024-09-05T20:19:27Z</time>
   </trkpt>
   <trkpt lat="31.3109040" lon="30.0636860">
    <ele>3.4</ele>
    <time>2024-09-05T20:19:28Z</time>
   </trkpt>
   <trkpt lat="31.3108860" lon="30.0636460">
    <ele>3.5</ele>
    <time>2024-09-05T20:19:29Z</time>
   </trkpt>
   <trkpt lat="31.3108790" lon="30.0636330">
    <ele>3.6</ele>
    <time>2024-09-05T20:19:30Z</time>
   </trkpt>
   <trkpt lat="31.3108590" lon="30.0635930">
    <ele>3.7</ele>
    <time>2024-09-05T20:19:31Z</time>
   </trkpt>
   <trkpt lat="31.3108520" lon="30.0635790">
    <ele>3.7</ele>
    <time>2024-09-05T20:19:32Z</time>
   </trkpt>
   <trkpt lat="31.3108350" lon="30.0635490">
    <ele>3.7</ele>
    <time>2024-09-05T20:19:33Z</time>
   </trkpt>
   <trkpt lat="31.3108200" lon="30.0635120">
    <ele>3.7</ele>
    <time>2024-09-05T20:19:34Z</time>
   </trkpt>
   <trkpt lat="31.3108030" lon="30.0634870">
    <ele>3.7</ele>
    <time>2024-09-05T20:19:35Z</time>
   </trkpt>
   <trkpt lat="31.3107830" lon="30.0634610">
    <ele>3.7</ele>
    <time>2024-09-05T20:19:36Z</time>
   </trkpt>
   <trkpt lat="31.3107690" lon="30.0634270">
    <ele>3.7</ele>
    <time>2024-09-05T20:19:37Z</time>
   </trkpt>
   <trkpt lat="31.3107550" lon="30.0633880">
    <ele>3.7</ele>
    <time>2024-09-05T20:19:38Z</time>
   </trkpt>
   <trkpt lat="31.3107390" lon="30.0633520">
    <ele>3.7</ele>
    <time>2024-09-05T20:19:39Z</time>
   </trkpt>
   <trkpt lat="31.3107180" lon="30.0633060">
    <ele>3.8</ele>
    <time>2024-09-05T20:19:40Z</time>
   </trkpt>
   <trkpt lat="31.3107090" lon="30.0632880">
    <ele>3.8</ele>
    <time>2024-09-05T20:19:41Z</time>
   </trkpt>
   <trkpt lat="31.3106890" lon="30.0632580">
    <ele>3.8</ele>
    <time>2024-09-05T20:19:42Z</time>
   </trkpt>
   <trkpt lat="31.3106690" lon="30.0632290">
    <ele>3.9</ele>
    <time>2024-09-05T20:19:43Z</time>
   </trkpt>
   <trkpt lat="31.3106530" lon="30.0631990">
    <ele>3.9</ele>
    <time>2024-09-05T20:19:44Z</time>
   </trkpt>
   <trkpt lat="31.3106280" lon="30.0631610">
    <ele>4.0</ele>
    <time>2024-09-05T20:19:46Z</time>
   </trkpt>
   <trkpt lat="31.3106200" lon="30.0631440">
    <ele>4.0</ele>
    <time>2024-09-05T20:19:47Z</time>
   </trkpt>
   <trkpt lat="31.3106030" lon="30.0631160">
    <ele>4.1</ele>
    <time>2024-09-05T20:19:48Z</time>
   </trkpt>
   <trkpt lat="31.3105860" lon="30.0630870">
    <ele>4.2</ele>
    <time>2024-09-05T20:19:49Z</time>
   </trkpt>
   <trkpt lat="31.3105640" lon="30.0630490">
    <ele>4.3</ele>
    <time>2024-09-05T20:19:50Z</time>
   </trkpt>
   <trkpt lat="31.3105550" lon="30.0630350">
    <ele>4.3</ele>
    <time>2024-09-05T20:19:51Z</time>
   </trkpt>
   <trkpt lat="31.3105330" lon="30.0630040">
    <ele>4.4</ele>
    <time>2024-09-05T20:19:52Z</time>
   </trkpt>
   <trkpt lat="31.3105210" lon="30.0629740">
    <ele>4.5</ele>
    <time>2024-09-05T20:19:53Z</time>
   </trkpt>
   <trkpt lat="31.3105080" lon="30.0629440">
    <ele>4.5</ele>
    <time>2024-09-05T20:19:54Z</time>
   </trkpt>
   <trkpt lat="31.3104900" lon="30.0629160">
    <ele>4.6</ele>
    <time>2024-09-05T20:19:55Z</time>
   </trkpt>
   <trkpt lat="31.3104700" lon="30.0628900">
    <ele>4.7</ele>
    <time>2024-09-05T20:19:56Z</time>
   </trkpt>
   <trkpt lat="31.3104550" lon="30.0628600">
    <ele>4.7</ele>
    <time>2024-09-05T20:19:57Z</time>
   </trkpt>
   <trkpt lat="31.3104390" lon="30.0628290">
    <ele>4.8</ele>
    <time>2024-09-05T20:19:58Z</time>
   </trkpt>
   <trkpt lat="31.3104220" lon="30.0627930">
    <ele>4.8</ele>
    <time>2024-09-05T20:19:59Z</time>
   </trkpt>
   <trkpt lat="31.3104000" lon="30.0627540">
    <ele>4.8</ele>
    <time>2024-09-05T20:20:00Z</time>
   </trkpt>
   <trkpt lat="31.3103910" lon="30.0627370">
    <ele>4.8</ele>
    <time>2024-09-05T20:20:01Z</time>
   </trkpt>
   <trkpt lat="31.3103760" lon="30.0627110">
    <ele>4.9</ele>
    <time>2024-09-05T20:20:02Z</time>
   </trkpt>
   <trkpt lat="31.3103500" lon="30.0626710">
    <ele>4.9</ele>
    <time>2024-09-05T20:20:03Z</time>
   </trkpt>
   <trkpt lat="31.3103400" lon="30.0626550">
    <ele>4.9</ele>
    <time>2024-09-05T20:20:04Z</time>
   </trkpt>
   <trkpt lat="31.3103210" lon="30.0626300">
    <ele>4.9</ele>
    <time>2024-09-05T20:20:05Z</time>
   </trkpt>
   <trkpt lat="31.3103050" lon="30.0626020">
    <ele>4.9</ele>
    <time>2024-09-05T20:20:06Z</time>
   </trkpt>
   <trkpt lat="31.3102860" lon="30.0625750">
    <ele>4.9</ele>
    <time>2024-09-05T20:20:07Z</time>
   </trkpt>
   <trkpt lat="31.3102520" lon="30.0625510">
    <ele>4.9</ele>
    <time>2024-09-05T20:20:08Z</time>
   </trkpt>
   <trkpt lat="31.3102400" lon="30.0625420">
    <ele>4.9</ele>
    <time>2024-09-05T20:20:09Z</time>
   </trkpt>
   <trkpt lat="31.3102030" lon="30.0625210">
    <ele>4.9</ele>
    <time>2024-09-05T20:20:10Z</time>
   </trkpt>
   <trkpt lat="31.3101900" lon="30.0625140">
    <ele>4.9</ele>
    <time>2024-09-05T20:20:11Z</time>
   </trkpt>
   <trkpt lat="31.3101640" lon="30.0625020">
    <ele>4.9</ele>
    <time>2024-09-05T20:20:12Z</time>
   </trkpt>
   <trkpt lat="31.3101310" lon="30.0624820">
    <ele>4.9</ele>
    <time>2024-09-05T20:20:13Z</time>
   </trkpt>
   <trkpt lat="31.3101180" lon="30.0624730">
    <ele>4.9</ele>
    <time>2024-09-05T20:20:14Z</time>
   </trkpt>
   <trkpt lat="31.3100910" lon="30.0624670">
    <ele>4.9</ele>
    <time>2024-09-05T20:20:15Z</time>
   </trkpt>
   <trkpt lat="31.3100660" lon="30.0624510">
    <ele>4.9</ele>
    <time>2024-09-05T20:20:16Z</time>
   </trkpt>
   <trkpt lat="31.3100310" lon="30.0624370">
    <ele>4.8</ele>
    <time>2024-09-05T20:20:17Z</time>
   </trkpt>
   <trkpt lat="31.3100190" lon="30.0624300">
    <ele>4.8</ele>
    <time>2024-09-05T20:20:18Z</time>
   </trkpt>
   <trkpt lat="31.3099920" lon="30.0624210">
    <ele>4.8</ele>
    <time>2024-09-05T20:20:19Z</time>
   </trkpt>
   <trkpt lat="31.3099670" lon="30.0624060">
    <ele>4.8</ele>
    <time>2024-09-05T20:20:20Z</time>
   </trkpt>
   <trkpt lat="31.3099380" lon="30.0623970">
    <ele>4.8</ele>
    <time>2024-09-05T20:20:21Z</time>
   </trkpt>
   <trkpt lat="31.3098950" lon="30.0623930">
    <ele>4.7</ele>
    <time>2024-09-05T20:20:22Z</time>
   </trkpt>
   <trkpt lat="31.3098790" lon="30.0623910">
    <ele>4.7</ele>
    <time>2024-09-05T20:20:23Z</time>
   </trkpt>
   <trkpt lat="31.3098490" lon="30.0623900">
    <ele>4.7</ele>
    <time>2024-09-05T20:20:24Z</time>
   </trkpt>
   <trkpt lat="31.3098220" lon="30.0623890">
    <ele>4.7</ele>
    <time>2024-09-05T20:20:25Z</time>
   </trkpt>
   <trkpt lat="31.3097910" lon="30.0623920">
    <ele>4.7</ele>
    <time>2024-09-05T20:20:26Z</time>
   </trkpt>
   <trkpt lat="31.3097550" lon="30.0623970">
    <ele>4.7</ele>
    <time>2024-09-05T20:20:27Z</time>
   </trkpt>
   <trkpt lat="31.3097400" lon="30.0623980">
    <ele>4.7</ele>
    <time>2024-09-05T20:20:28Z</time>
   </trkpt>
   <trkpt lat="31.3097080" lon="30.0624010">
    <ele>4.7</ele>
    <time>2024-09-05T20:20:29Z</time>
   </trkpt>
   <trkpt lat="31.3096670" lon="30.0624100">
    <ele>4.6</ele>
    <time>2024-09-05T20:20:30Z</time>
   </trkpt>
   <trkpt lat="31.3096500" lon="30.0624140">
    <ele>4.6</ele>
    <time>2024-09-05T20:20:31Z</time>
   </trkpt>
   <trkpt lat="31.3096110" lon="30.0624160">
    <ele>4.5</ele>
    <time>2024-09-05T20:20:32Z</time>
   </trkpt>
   <trkpt lat="31.3095980" lon="30.0624130">
    <ele>4.4</ele>
    <time>2024-09-05T20:20:33Z</time>
   </trkpt>
   <trkpt lat="31.3095600" lon="30.0624230">
    <ele>4.3</ele>
    <time>2024-09-05T20:20:34Z</time>
   </trkpt>
   <trkpt lat="31.3095470" lon="30.0624270">
    <ele>4.2</ele>
    <time>2024-09-05T20:20:35Z</time>
   </trkpt>
   <trkpt lat="31.3095180" lon="30.0624370">
    <ele>4.2</ele>
    <time>2024-09-05T20:20:36Z</time>
   </trkpt>
   <trkpt lat="31.3094820" lon="30.0624540">
    <ele>4.3</ele>
    <time>2024-09-05T20:20:37Z</time>
   </trkpt>
   <trkpt lat="31.3094690" lon="30.0624570">
    <ele>4.3</ele>
    <time>2024-09-05T20:20:38Z</time>
   </trkpt>
   <trkpt lat="31.3094320" lon="30.0624650">
    <ele>4.4</ele>
    <time>2024-09-05T20:20:39Z</time>
   </trkpt>
   <trkpt lat="31.3094200" lon="30.0624690">
    <ele>4.5</ele>
    <time>2024-09-05T20:20:40Z</time>
   </trkpt>
   <trkpt lat="31.3093880" lon="30.0624750">
    <ele>4.6</ele>
    <time>2024-09-05T20:20:41Z</time>
   </trkpt>
   <trkpt lat="31.3093560" lon="30.0624930">
    <ele>4.7</ele>
    <time>2024-09-05T20:20:42Z</time>
   </trkpt>
   <trkpt lat="31.3093450" lon="30.0624960">
    <ele>4.6</ele>
    <time>2024-09-05T20:20:43Z</time>
   </trkpt>
   <trkpt lat="31.3093070" lon="30.0625150">
    <ele>4.5</ele>
    <time>2024-09-05T20:20:44Z</time>
   </trkpt>
   <trkpt lat="31.3092920" lon="30.0625220">
    <ele>4.5</ele>
    <time>2024-09-05T20:20:45Z</time>
   </trkpt>
   <trkpt lat="31.3092620" lon="30.0625320">
    <ele>4.4</ele>
    <time>2024-09-05T20:20:46Z</time>
   </trkpt>
   <trkpt lat="31.3092380" lon="30.0625530">
    <ele>4.3</ele>
    <time>2024-09-05T20:20:47Z</time>
   </trkpt>
   <trkpt lat="31.3092100" lon="30.0625720">
    <ele>4.3</ele>
    <time>2024-09-05T20:20:48Z</time>
   </trkpt>
   <trkpt lat="31.3091980" lon="30.0625780">
    <ele>4.3</ele>
    <time>2024-09-05T20:20:49Z</time>
   </trkpt>
   <trkpt lat="31.3091640" lon="30.0625930">
    <ele>4.2</ele>
    <time>2024-09-05T20:20:50Z</time>
   </trkpt>
   <trkpt lat="31.3091540" lon="30.0625970">
    <ele>4.2</ele>
    <time>2024-09-05T20:20:51Z</time>
   </trkpt>
   <trkpt lat="31.3091280" lon="30.0626140">
    <ele>4.1</ele>
    <time>2024-09-05T20:20:52Z</time>
   </trkpt>
   <trkpt lat="31.3091030" lon="30.0626290">
    <ele>4.1</ele>
    <time>2024-09-05T20:20:53Z</time>
   </trkpt>
   <trkpt lat="31.3090710" lon="30.0626500">
    <ele>4.0</ele>
    <time>2024-09-05T20:20:54Z</time>
   </trkpt>
   <trkpt lat="31.3090570" lon="30.0626580">
    <ele>4.0</ele>
    <time>2024-09-05T20:20:55Z</time>
   </trkpt>
   <trkpt lat="31.3090280" lon="30.0626830">
    <ele>3.9</ele>
    <time>2024-09-05T20:20:56Z</time>
   </trkpt>
   <trkpt lat="31.3090190" lon="30.0626930">
    <ele>3.9</ele>
    <time>2024-09-05T20:20:57Z</time>
   </trkpt>
   <trkpt lat="31.3089930" lon="30.0627080">
    <ele>3.8</ele>
    <time>2024-09-05T20:20:58Z</time>
   </trkpt>
   <trkpt lat="31.3089650" lon="30.0627150">
    <ele>3.8</ele>
    <time>2024-09-05T20:20:59Z</time>
   </trkpt>
   <trkpt lat="31.3089370" lon="30.0627330">
    <ele>3.8</ele>
    <time>2024-09-05T20:21:00Z</time>
   </trkpt>
   <trkpt lat="31.3089240" lon="30.0627390">
    <ele>3.7</ele>
    <time>2024-09-05T20:21:01Z</time>
   </trkpt>
   <trkpt lat="31.3089000" lon="30.0627600">
    <ele>3.7</ele>
    <time>2024-09-05T20:21:02Z</time>
   </trkpt>
   <trkpt lat="31.3088930" lon="30.0627680">
    <ele>3.7</ele>
    <time>2024-09-05T20:21:03Z</time>
   </trkpt>
   <trkpt lat="31.3088570" lon="30.0627840">
    <ele>3.7</ele>
    <time>2024-09-05T20:21:04Z</time>
   </trkpt>
   <trkpt lat="31.3088460" lon="30.0627920">
    <ele>3.6</ele>
    <time>2024-09-05T20:21:05Z</time>
   </trkpt>
   <trkpt lat="31.3088110" lon="30.0628100">
    <ele>3.6</ele>
    <time>2024-09-05T20:21:06Z</time>
   </trkpt>
   <trkpt lat="31.3087970" lon="30.0628180">
    <ele>3.6</ele>
    <time>2024-09-05T20:21:07Z</time>
   </trkpt>
   <trkpt lat="31.3087680" lon="30.0628470">
    <ele>3.6</ele>
    <time>2024-09-05T20:21:08Z</time>
   </trkpt>
   <trkpt lat="31.3087590" lon="30.0628550">
    <ele>3.6</ele>
    <time>2024-09-05T20:21:09Z</time>
   </trkpt>
   <trkpt lat="31.3087300" lon="30.0628690">
    <ele>3.6</ele>
    <time>2024-09-05T20:21:10Z</time>
   </trkpt>
   <trkpt lat="31.3087030" lon="30.0628860">
    <ele>3.6</ele>
    <time>2024-09-05T20:21:11Z</time>
   </trkpt>
   <trkpt lat="31.3086920" lon="30.0628950">
    <ele>3.6</ele>
    <time>2024-09-05T20:21:12Z</time>
   </trkpt>
   <trkpt lat="31.3086680" lon="30.0629150">
    <ele>3.6</ele>
    <time>2024-09-05T20:21:13Z</time>
   </trkpt>
   <trkpt lat="31.3086420" lon="30.0629390">
    <ele>3.6</ele>
    <time>2024-09-05T20:21:14Z</time>
   </trkpt>
   <trkpt lat="31.3086320" lon="30.0629470">
    <ele>3.6</ele>
    <time>2024-09-05T20:21:15Z</time>
   </trkpt>
   <trkpt lat="31.3086030" lon="30.0629700">
    <ele>3.6</ele>
    <time>2024-09-05T20:21:16Z</time>
   </trkpt>
   <trkpt lat="31.3085920" lon="30.0629780">
    <ele>3.7</ele>
    <time>2024-09-05T20:21:17Z</time>
   </trkpt>
   <trkpt lat="31.3085630" lon="30.0629980">
    <ele>3.7</ele>
    <time>2024-09-05T20:21:18Z</time>
   </trkpt>
   <trkpt lat="31.3085550" lon="30.0630080">
    <ele>3.7</ele>
    <time>2024-09-05T20:21:19Z</time>
   </trkpt>
   <trkpt lat="31.3085260" lon="30.0630310">
    <ele>3.3</ele>
    <time>2024-09-05T20:21:20Z</time>
   </trkpt>
   <trkpt lat="31.3085150" lon="30.0630400">
    <ele>3.2</ele>
    <time>2024-09-05T20:21:21Z</time>
   </trkpt>
   <trkpt lat="31.3084830" lon="30.0630620">
    <ele>2.9</ele>
    <time>2024-09-05T20:21:22Z</time>
   </trkpt>
   <trkpt lat="31.3084740" lon="30.0630690">
    <ele>2.8</ele>
    <time>2024-09-05T20:21:23Z</time>
   </trkpt>
   <trkpt lat="31.3084500" lon="30.0630880">
    <ele>2.6</ele>
    <time>2024-09-05T20:21:24Z</time>
   </trkpt>
   <trkpt lat="31.3084270" lon="30.0631080">
    <ele>2.3</ele>
    <time>2024-09-05T20:21:25Z</time>
   </trkpt>
   <trkpt lat="31.3084000" lon="30.0631330">
    <ele>2.1</ele>
    <time>2024-09-05T20:21:26Z</time>
   </trkpt>
   <trkpt lat="31.3083900" lon="30.0631410">
    <ele>2.0</ele>
    <time>2024-09-05T20:21:27Z</time>
   </trkpt>
   <trkpt lat="31.3083680" lon="30.0631620">
    <ele>2.0</ele>
    <time>2024-09-05T20:21:28Z</time>
   </trkpt>
   <trkpt lat="31.3083870" lon="30.0632030">
    <ele>1.9</ele>
    <time>2024-09-05T20:21:29Z</time>
   </trkpt>
   <trkpt lat="31.3084050" lon="30.0632160">
    <ele>1.9</ele>
    <time>2024-09-05T20:21:30Z</time>
   </trkpt>
   <trkpt lat="31.3084190" lon="30.0632430">
    <ele>1.8</ele>
    <time>2024-09-05T20:21:31Z</time>
   </trkpt>
   <trkpt lat="31.3084190" lon="30.0632500">
    <ele>1.8</ele>
    <time>2024-09-05T20:21:32Z</time>
   </trkpt>
   <trkpt lat="31.3084200" lon="30.0632690">
    <ele>1.8</ele>
    <time>2024-09-05T20:21:33Z</time>
   </trkpt>
   <trkpt lat="31.3084320" lon="30.0632810">
    <ele>1.7</ele>
    <time>2024-09-05T20:21:34Z</time>
   </trkpt>
   <trkpt lat="31.3084510" lon="30.0633090">
    <ele>1.7</ele>
    <time>2024-09-05T20:21:35Z</time>
   </trkpt>
   <trkpt lat="31.3084560" lon="30.0633180">
    <ele>1.6</ele>
    <time>2024-09-05T20:21:36Z</time>
   </trkpt>
   <trkpt lat="31.3084650" lon="30.0633290">
    <ele>1.6</ele>
    <time>2024-09-05T20:21:37Z</time>
   </trkpt>
   <trkpt lat="31.3084710" lon="30.0633480">
    <ele>1.6</ele>
    <time>2024-09-05T20:21:38Z</time>
   </trkpt>
   <trkpt lat="31.3084800" lon="30.0633610">
    <ele>1.6</ele>
    <time>2024-09-05T20:21:39Z</time>
   </trkpt>
   <trkpt lat="31.3084900" lon="30.0633690">
    <ele>1.5</ele>
    <time>2024-09-05T20:21:40Z</time>
   </trkpt>
   <trkpt lat="31.3085030" lon="30.0633670">
    <ele>1.5</ele>
    <time>2024-09-05T20:21:41Z</time>
   </trkpt>
   <trkpt lat="31.3085290" lon="30.0633870">
    <ele>1.5</ele>
    <time>2024-09-05T20:21:42Z</time>
   </trkpt>
   <trkpt lat="31.3085340" lon="30.0633940">
    <ele>1.4</ele>
    <time>2024-09-05T20:21:43Z</time>
   </trkpt>
   <trkpt lat="31.3085450" lon="30.0634190">
    <ele>1.4</ele>
    <time>2024-09-05T20:21:44Z</time>
   </trkpt>
   <trkpt lat="31.3085500" lon="30.0634250">
    <ele>1.4</ele>
    <time>2024-09-05T20:21:45Z</time>
   </trkpt>
   <trkpt lat="31.3085550" lon="30.0634320">
    <ele>1.4</ele>
    <time>2024-09-05T20:21:46Z</time>
   </trkpt>
   <trkpt lat="31.3085630" lon="30.0634440">
    <ele>1.3</ele>
    <time>2024-09-05T20:21:47Z</time>
   </trkpt>
   <trkpt lat="31.3085660" lon="30.0634620">
    <ele>1.3</ele>
    <time>2024-09-05T20:21:48Z</time>
   </trkpt>
   <trkpt lat="31.3085800" lon="30.0634810">
    <ele>1.3</ele>
    <time>2024-09-05T20:21:49Z</time>
   </trkpt>
   <trkpt lat="31.3085860" lon="30.0634880">
    <ele>1.2</ele>
    <time>2024-09-05T20:21:50Z</time>
   </trkpt>
   <trkpt lat="31.3085930" lon="30.0634960">
    <ele>1.2</ele>
    <time>2024-09-05T20:21:51Z</time>
   </trkpt>
   <trkpt lat="31.3086010" lon="30.0635150">
    <ele>1.2</ele>
    <time>2024-09-05T20:21:52Z</time>
   </trkpt>
   <trkpt lat="31.3086120" lon="30.0635290">
    <ele>1.2</ele>
    <time>2024-09-05T20:21:53Z</time>
   </trkpt>
   <trkpt lat="31.3086180" lon="30.0635530">
    <ele>1.1</ele>
    <time>2024-09-05T20:21:54Z</time>
   </trkpt>
   <trkpt lat="31.3086220" lon="30.0635620">
    <ele>1.1</ele>
    <time>2024-09-05T20:21:55Z</time>
   </trkpt>
   <trkpt lat="31.3086250" lon="30.0635720">
    <ele>1.1</ele>
    <time>2024-09-05T20:21:56Z</time>
   </trkpt>
   <trkpt lat="31.3086300" lon="30.0635860">
    <ele>1.1</ele>
    <time>2024-09-05T20:21:57Z</time>
   </trkpt>
   <trkpt lat="31.3086360" lon="30.0635990">
    <ele>1.0</ele>
    <time>2024-09-05T20:21:59Z</time>
   </trkpt>
   <trkpt lat="31.3086410" lon="30.0636090">
    <ele>1.0</ele>
    <time>2024-09-05T20:22:00Z</time>
   </trkpt>
   <trkpt lat="31.3086500" lon="30.0636310">
    <ele>1.0</ele>
    <time>2024-09-05T20:22:01Z</time>
   </trkpt>
   <trkpt lat="31.3086550" lon="30.0636410">
    <ele>1.0</ele>
    <time>2024-09-05T20:22:02Z</time>
   </trkpt>
   <trkpt lat="31.3086610" lon="30.0636520">
    <ele>0.9</ele>
    <time>2024-09-05T20:22:03Z</time>
   </trkpt>
   <trkpt lat="31.3086710" lon="30.0636640">
    <ele>0.9</ele>
    <time>2024-09-05T20:22:04Z</time>
   </trkpt>
   <trkpt lat="31.3086800" lon="30.0636790">
    <ele>0.9</ele>
    <time>2024-09-05T20:22:05Z</time>
   </trkpt>
   <trkpt lat="31.3086950" lon="30.0637000">
    <ele>0.8</ele>
    <time>2024-09-05T20:22:06Z</time>
   </trkpt>
   <trkpt lat="31.3087030" lon="30.0637070">
    <ele>0.8</ele>
    <time>2024-09-05T20:22:07Z</time>
   </trkpt>
   <trkpt lat="31.3087110" lon="30.0637150">
    <ele>0.8</ele>
    <time>2024-09-05T20:22:08Z</time>
   </trkpt>
   <trkpt lat="31.3087200" lon="30.0637360">
    <ele>0.7</ele>
    <time>2024-09-05T20:22:09Z</time>
   </trkpt>
   <trkpt lat="31.3087250" lon="30.0637440">
    <ele>0.7</ele>
    <time>2024-09-05T20:22:10Z</time>
   </trkpt>
   <trkpt lat="31.3087290" lon="30.0637520">
    <ele>0.7</ele>
    <time>2024-09-05T20:22:11Z</time>
   </trkpt>
   <trkpt lat="31.3087450" lon="30.0637690">
    <ele>0.6</ele>
    <time>2024-09-05T20:22:12Z</time>
   </trkpt>
   <trkpt lat="31.3087540" lon="30.0637770">
    <ele>0.6</ele>
    <time>2024-09-05T20:22:13Z</time>
   </trkpt>
   <trkpt lat="31.3087630" lon="30.0637850">
    <ele>0.6</ele>
    <time>2024-09-05T20:22:14Z</time>
   </trkpt>
   <trkpt lat="31.3087710" lon="30.0638020">
    <ele>0.5</ele>
    <time>2024-09-05T20:22:15Z</time>
   </trkpt>
   <trkpt lat="31.3087750" lon="30.0638170">
    <ele>0.5</ele>
    <time>2024-09-05T20:22:16Z</time>
   </trkpt>
   <trkpt lat="31.3087840" lon="30.0638310">
    <ele>0.5</ele>
    <time>2024-09-05T20:22:17Z</time>
   </trkpt>
   <trkpt lat="31.3087940" lon="30.0638420">
    <ele>0.4</ele>
    <time>2024-09-05T20:22:18Z</time>
   </trkpt>
   <trkpt lat="31.3088090" lon="30.0638620">
    <ele>0.4</ele>
    <time>2024-09-05T20:22:19Z</time>
   </trkpt>
   <trkpt lat="31.3088140" lon="30.0638710">
    <ele>0.4</ele>
    <time>2024-09-05T20:22:20Z</time>
   </trkpt>
   <trkpt lat="31.3088200" lon="30.0638800">
    <ele>0.3</ele>
    <time>2024-09-05T20:22:21Z</time>
   </trkpt>
   <trkpt lat="31.3088350" lon="30.0638990">
    <ele>0.3</ele>
    <time>2024-09-05T20:22:22Z</time>
   </trkpt>
   <trkpt lat="31.3088390" lon="30.0639070">
    <ele>0.3</ele>
    <time>2024-09-05T20:22:23Z</time>
   </trkpt>
   <trkpt lat="31.3088430" lon="30.0639160">
    <ele>0.2</ele>
    <time>2024-09-05T20:22:24Z</time>
   </trkpt>
   <trkpt lat="31.3088530" lon="30.0639280">
    <ele>0.2</ele>
    <time>2024-09-05T20:22:25Z</time>
   </trkpt>
   <trkpt lat="31.3088490" lon="30.0639470">
    <ele>0.2</ele>
    <time>2024-09-05T20:22:26Z</time>
   </trkpt>
   <trkpt lat="31.3088460" lon="30.0639720">
    <ele>0.3</ele>
    <time>2024-09-05T20:22:27Z</time>
   </trkpt>
   <trkpt lat="31.3088520" lon="30.0639810">
    <ele>0.3</ele>
    <time>2024-09-05T20:22:28Z</time>
   </trkpt>
   <trkpt lat="31.3088580" lon="30.0639900">
    <ele>0.3</ele>
    <time>2024-09-05T20:22:29Z</time>
   </trkpt>
   <trkpt lat="31.3088710" lon="30.0640010">
    <ele>0.3</ele>
    <time>2024-09-05T20:22:30Z</time>
   </trkpt>
   <trkpt lat="31.3088890" lon="30.0640070">
    <ele>0.4</ele>
    <time>2024-09-05T20:22:31Z</time>
   </trkpt>
   <trkpt lat="31.3088910" lon="30.0640090">
    <ele>0.4</ele>
    <time>2024-09-05T20:22:32Z</time>
   </trkpt>
   <trkpt lat="31.3088890" lon="30.0640190">
    <ele>0.4</ele>
    <time>2024-09-05T20:22:33Z</time>
   </trkpt>
   <trkpt lat="31.3088960" lon="30.0640400">
    <ele>0.4</ele>
    <time>2024-09-05T20:22:34Z</time>
   </trkpt>
   <trkpt lat="31.3089040" lon="30.0640600">
    <ele>0.5</ele>
    <time>2024-09-05T20:22:35Z</time>
   </trkpt>
   <trkpt lat="31.3089120" lon="30.0640750">
    <ele>0.5</ele>
    <time>2024-09-05T20:22:36Z</time>
   </trkpt>
   <trkpt lat="31.3089190" lon="30.0640900">
    <ele>0.5</ele>
    <time>2024-09-05T20:22:37Z</time>
   </trkpt>
   <trkpt lat="31.3089320" lon="30.0641050">
    <ele>0.5</ele>
    <time>2024-09-05T20:22:38Z</time>
   </trkpt>
   <trkpt lat="31.3089400" lon="30.0641170">
    <ele>0.6</ele>
    <time>2024-09-05T20:22:39Z</time>
   </trkpt>
   <trkpt lat="31.3089460" lon="30.0641220">
    <ele>0.6</ele>
    <time>2024-09-05T20:22:40Z</time>
   </trkpt>
   <trkpt lat="31.3089550" lon="30.0641330">
    <ele>0.6</ele>
    <time>2024-09-05T20:22:41Z</time>
   </trkpt>
   <trkpt lat="31.3089650" lon="30.0641520">
    <ele>0.6</ele>
    <time>2024-09-05T20:22:42Z</time>
   </trkpt>
   <trkpt lat="31.3089690" lon="30.0641620">
    <ele>0.7</ele>
    <time>2024-09-05T20:22:43Z</time>
   </trkpt>
   <trkpt lat="31.3089720" lon="30.0641720">
    <ele>0.7</ele>
    <time>2024-09-05T20:22:44Z</time>
   </trkpt>
   <trkpt lat="31.3089840" lon="30.0641930">
    <ele>0.7</ele>
    <time>2024-09-05T20:22:45Z</time>
   </trkpt>
   <trkpt lat="31.3089860" lon="30.0642040">
    <ele>0.7</ele>
    <time>2024-09-05T20:22:46Z</time>
   </trkpt>
   <trkpt lat="31.3089890" lon="30.0642150">
    <ele>0.7</ele>
    <time>2024-09-05T20:22:47Z</time>
   </trkpt>
   <trkpt lat="31.3089960" lon="30.0642300">
    <ele>0.8</ele>
    <time>2024-09-05T20:22:48Z</time>
   </trkpt>
   <trkpt lat="31.3090070" lon="30.0642430">
    <ele>0.8</ele>
    <time>2024-09-05T20:22:49Z</time>
   </trkpt>
   <trkpt lat="31.3090200" lon="30.0642550">
    <ele>0.8</ele>
    <time>2024-09-05T20:22:50Z</time>
   </trkpt>
   <trkpt lat="31.3090300" lon="30.0642710">
    <ele>0.9</ele>
    <time>2024-09-05T20:22:51Z</time>
   </trkpt>
   <trkpt lat="31.3090360" lon="30.0642820">
    <ele>0.9</ele>
    <time>2024-09-05T20:22:52Z</time>
   </trkpt>
   <trkpt lat="31.3090480" lon="30.0642900">
    <ele>0.9</ele>
    <time>2024-09-05T20:22:53Z</time>
   </trkpt>
   <trkpt lat="31.3090550" lon="30.0642990">
    <ele>0.9</ele>
    <time>2024-09-05T20:22:54Z</time>
   </trkpt>
   <trkpt lat="31.3090620" lon="30.0643100">
    <ele>0.9</ele>
    <time>2024-09-05T20:22:55Z</time>
   </trkpt>
   <trkpt lat="31.3090670" lon="30.0643280">
    <ele>0.9</ele>
    <time>2024-09-05T20:22:56Z</time>
   </trkpt>
   <trkpt lat="31.3090730" lon="30.0643440">
    <ele>0.9</ele>
    <time>2024-09-05T20:22:57Z</time>
   </trkpt>
   <trkpt lat="31.3090720" lon="30.0643500">
    <ele>0.9</ele>
    <time>2024-09-05T20:22:58Z</time>
   </trkpt>
   <trkpt lat="31.3090750" lon="30.0643590">
    <ele>1.0</ele>
    <time>2024-09-05T20:22:59Z</time>
   </trkpt>
   <trkpt lat="31.3090790" lon="30.0643780">
    <ele>1.0</ele>
    <time>2024-09-05T20:23:00Z</time>
   </trkpt>
   <trkpt lat="31.3090810" lon="30.0643970">
    <ele>1.0</ele>
    <time>2024-09-05T20:23:01Z</time>
   </trkpt>
   <trkpt lat="31.3090830" lon="30.0644140">
    <ele>1.0</ele>
    <time>2024-09-05T20:23:02Z</time>
   </trkpt>
   <trkpt lat="31.3090800" lon="30.0644240">
    <ele>1.0</ele>
    <time>2024-09-05T20:23:03Z</time>
   </trkpt>
   <trkpt lat="31.3090790" lon="30.0644240">
    <ele>1.0</ele>
    <time>2024-09-05T20:23:04Z</time>
   </trkpt>
   <trkpt lat="31.3090850" lon="30.0644260">
    <ele>1.0</ele>
    <time>2024-09-05T20:23:05Z</time>
   </trkpt>
   <trkpt lat="31.3090810" lon="30.0644240">
    <ele>1.0</ele>
    <time>2024-09-05T20:23:06Z</time>
   </trkpt>
   <trkpt lat="31.3090750" lon="30.0644190">
    <ele>1.0</ele>
    <time>2024-09-05T20:23:07Z</time>
   </trkpt>
   <trkpt lat="31.3090740" lon="30.0643990">
    <ele>1.0</ele>
    <time>2024-09-05T20:23:08Z</time>
   </trkpt>
   <trkpt lat="31.3090640" lon="30.0643750">
    <ele>0.9</ele>
    <time>2024-09-05T20:23:09Z</time>
   </trkpt>
   <trkpt lat="31.3090630" lon="30.0643650">
    <ele>0.9</ele>
    <time>2024-09-05T20:23:10Z</time>
   </trkpt>
   <trkpt lat="31.3090570" lon="30.0643530">
    <ele>0.9</ele>
    <time>2024-09-05T20:23:11Z</time>
   </trkpt>
   <trkpt lat="31.3090460" lon="30.0643390">
    <ele>0.9</ele>
    <time>2024-09-05T20:23:12Z</time>
   </trkpt>
   <trkpt lat="31.3090250" lon="30.0643300">
    <ele>0.9</ele>
    <time>2024-09-05T20:23:13Z</time>
   </trkpt>
   <trkpt lat="31.3090170" lon="30.0643270">
    <ele>0.8</ele>
    <time>2024-09-05T20:23:14Z</time>
   </trkpt>
   <trkpt lat="31.3090090" lon="30.0643240">
    <ele>0.8</ele>
    <time>2024-09-05T20:23:15Z</time>
   </trkpt>
   <trkpt lat="31.3089920" lon="30.0643310">
    <ele>0.8</ele>
    <time>2024-09-05T20:23:16Z</time>
   </trkpt>
   <trkpt lat="31.3089850" lon="30.0643280">
    <ele>0.8</ele>
    <time>2024-09-05T20:23:17Z</time>
   </trkpt>
   <trkpt lat="31.3089780" lon="30.0643250">
    <ele>0.8</ele>
    <time>2024-09-05T20:23:18Z</time>
   </trkpt>
   <trkpt lat="31.3089710" lon="30.0643220">
    <ele>0.8</ele>
    <time>2024-09-05T20:23:19Z</time>
   </trkpt>
   <trkpt lat="31.3089550" lon="30.0643190">
    <ele>0.7</ele>
    <time>2024-09-05T20:23:20Z</time>
   </trkpt>
   <trkpt lat="31.3089420" lon="30.0643260">
    <ele>0.7</ele>
    <time>2024-09-05T20:23:21Z</time>
   </trkpt>
   <trkpt lat="31.3089280" lon="30.0643140">
    <ele>0.7</ele>
    <time>2024-09-05T20:23:22Z</time>
   </trkpt>
   <trkpt lat="31.3089200" lon="30.0643090">
    <ele>0.7</ele>
    <time>2024-09-05T20:23:23Z</time>
   </trkpt>
   <trkpt lat="31.3089160" lon="30.0643000">
    <ele>0.7</ele>
    <time>2024-09-05T20:23:24Z</time>
   </trkpt>
   <trkpt lat="31.3089130" lon="30.0642950">
    <ele>0.7</ele>
    <time>2024-09-05T20:23:25Z</time>
   </trkpt>
   <trkpt lat="31.3089070" lon="30.0642810">
    <ele>0.6</ele>
    <time>2024-09-05T20:23:26Z</time>
   </trkpt>
   <trkpt lat="31.3088960" lon="30.0642650">
    <ele>0.6</ele>
    <time>2024-09-05T20:23:27Z</time>
   </trkpt>
   <trkpt lat="31.3088820" lon="30.0642560">
    <ele>0.6</ele>
    <time>2024-09-05T20:23:28Z</time>
   </trkpt>
   <trkpt lat="31.3088740" lon="30.0642470">
    <ele>0.6</ele>
    <time>2024-09-05T20:23:29Z</time>
   </trkpt>
   <trkpt lat="31.3088580" lon="30.0642290">
    <ele>0.5</ele>
    <time>2024-09-05T20:23:30Z</time>
   </trkpt>
   <trkpt lat="31.3088510" lon="30.0642210">
    <ele>0.5</ele>
    <time>2024-09-05T20:23:31Z</time>
   </trkpt>
   <trkpt lat="31.3088440" lon="30.0642140">
    <ele>0.5</ele>
    <time>2024-09-05T20:23:32Z</time>
   </trkpt>
   <trkpt lat="31.3088320" lon="30.0642030">
    <ele>0.5</ele>
    <time>2024-09-05T20:23:33Z</time>
   </trkpt>
   <trkpt lat="31.3088240" lon="30.0641910">
    <ele>0.4</ele>
    <time>2024-09-05T20:23:34Z</time>
   </trkpt>
   <trkpt lat="31.3088050" lon="30.0641700">
    <ele>0.4</ele>
    <time>2024-09-05T20:23:35Z</time>
   </trkpt>
   <trkpt lat="31.3087980" lon="30.0641570">
    <ele>0.4</ele>
    <time>2024-09-05T20:23:36Z</time>
   </trkpt>
   <trkpt lat="31.3087890" lon="30.0641460">
    <ele>0.4</ele>
    <time>2024-09-05T20:23:37Z</time>
   </trkpt>
   <trkpt lat="31.3087890" lon="30.0641460">
    <ele>0.4</ele>
    <time>2024-09-05T20:23:38Z</time>
   </trkpt>
  </trkseg>
 </trk>
</gpx>
