<?xml version="1.0" encoding="UTF-8" ?>
<gpx
	xmlns="http://www.topografix.com/GPX/1/1"
	xmlns:xsi="http://www.w3.org/2001/XMLSchema-instance"
	version="1.1"
	creator="Saturday Walkers Club - www.walkingclub.org.uk"
	xsi:schemaLocation="http://www.topografix.com/GPX/1/1 http://www.topografix.com/GPX/1/1/gpx.xsd" >
<metadata>
	<name>London Loop SWC-Walk-L24 #swcwalks COPYRIGHT 2025 SATURDAY WALKERS CLUB ANDREW MURPHY ALL RIGHTS RESERVED WWW.WALKINGCLUB.ORG.UK </name>
	<desc><![CDATA[<p>Circular (almost) walk around the greenbelt surrounding London</p><p>This route was created by the Saturday Walkers Club. It is fully written up at <a href="https://www.walkingclub.org.uk/long-distance-path/london-loop/">https://www.walkingclub.org.uk/long-distance-path/london-loop/</a> #swcwalks</p><p> COPYRIGHT 2025 SATURDAY WALKERS CLUB ANDREW MURPHY ALL RIGHTS RESERVED WWW.WALKINGCLUB.ORG.UK </p>]]></desc>
	<author>
		<name>Saturday Walkers Club</name>
		<link href="http://www.walkingclub.org.uk/site/contact.shtml"><text>SWC Contact Information</text></link>
	</author>
	<copyright author="Saturday Walkers Club">
		<year>2025</year>
		<license>http://www.walkingclub.org.uk/site/license.shtml</license>
	</copyright>
	<link href="https://www.walkingclub.org.uk/long-distance-path/london-loop/"><text>Walk with directions, maps, photos, feedback #swcwalks COPYRIGHT 2025 SATURDAY WALKERS CLUB ANDREW MURPHY ALL RIGHTS RESERVED WWW.WALKINGCLUB.ORG.UK </text></link>
	<time>2025-05-10T03:35:27Z</time>
	<bounds minlat="51.293756" minlon="-0.499405" maxlat="51.675627" maxlon="0.257656" />
</metadata>
<rte>
	<name> SWC London Loop</name>
	<rtept lat="51.480946" lon="0.236477"><ele>1</ele></rtept>
	<rtept lat="51.481217" lon="0.235149"><ele>1</ele></rtept>
	<rtept lat="51.481808" lon="0.234530"><ele>1</ele></rtept>
	<rtept lat="51.481988" lon="0.234119"><ele>1</ele></rtept>
	<rtept lat="51.481728" lon="0.232562"><ele>1</ele></rtept>
	<rtept lat="51.482527" lon="0.231143"><ele>1</ele></rtept>
	<rtept lat="51.482637" lon="0.230501"><ele>1</ele></rtept>
	<rtept lat="51.482737" lon="0.231022"><ele>3</ele></rtept>
	<rtept lat="51.482808" lon="0.230284"><ele>1</ele></rtept>
	<rtept lat="51.483213" lon="0.229782"><ele>2</ele></rtept>
	<rtept lat="51.483855" lon="0.229470"><ele>2</ele></rtept>
	<rtept lat="51.484244" lon="0.228818"><ele>1</ele></rtept>
	<rtept lat="51.485875" lon="0.228350"><ele>2</ele></rtept>
	<rtept lat="51.487705" lon="0.230423"><ele>1</ele></rtept>
	<rtept lat="51.488153" lon="0.231072"><ele>1</ele></rtept>
	<rtept lat="51.488368" lon="0.231753"><ele>1</ele></rtept>
	<rtept lat="51.489006" lon="0.231585"><ele>1</ele></rtept>
	<rtept lat="51.488898" lon="0.230844"><ele>1</ele></rtept>
	<rtept lat="51.487618" lon="0.229025"><ele>1</ele></rtept>
	<rtept lat="51.487348" lon="0.228962"><ele>1</ele></rtept>
	<rtept lat="51.486666" lon="0.228398"><ele>3</ele></rtept>
	<rtept lat="51.486616" lon="0.227535"><ele>2</ele></rtept>
	<rtept lat="51.486888" lon="0.226759"><ele>1</ele></rtept>
	<rtept lat="51.487503" lon="0.221822"><ele>1</ele></rtept>
	<rtept lat="51.488268" lon="0.219567"><ele>1</ele></rtept>
	<rtept lat="51.489956" lon="0.217025"><ele>1</ele></rtept>
	<rtept lat="51.490267" lon="0.216156"><ele>1</ele></rtept>
	<rtept lat="51.491137" lon="0.210045"><ele>1</ele></rtept>
	<rtept lat="51.491626" lon="0.209409"><ele>1</ele></rtept>
	<rtept lat="51.490778" lon="0.209272"><ele>1</ele></rtept>
	<rtept lat="51.489898" lon="0.207953"><ele>1</ele></rtept>
	<rtept lat="51.489033" lon="0.198702"><ele>0</ele></rtept>
	<rtept lat="51.488696" lon="0.197877"><ele>1</ele></rtept>
	<rtept lat="51.488397" lon="0.195986"><ele>1</ele></rtept>
	<rtept lat="51.488188" lon="0.191495"><ele>0</ele></rtept>
	<rtept lat="51.487876" lon="0.189726"><ele>0</ele></rtept>
	<rtept lat="51.487963" lon="0.188082"><ele>0</ele></rtept>
	<rtept lat="51.488096" lon="0.187855"><ele>1</ele></rtept>
	<rtept lat="51.488357" lon="0.187948"><ele>1</ele></rtept>
	<rtept lat="51.488916" lon="0.187388"><ele>1</ele></rtept>
	<rtept lat="51.490728" lon="0.185032"><ele>1</ele></rtept>
	<rtept lat="51.492546" lon="0.183989"><ele>1</ele></rtept>
	<rtept lat="51.495738" lon="0.183327"><ele>1</ele></rtept>
	<rtept lat="51.496263" lon="0.182692"><ele>1</ele></rtept>
	<rtept lat="51.496677" lon="0.182867"><ele>1</ele></rtept>
	<rtept lat="51.497088" lon="0.183835"><ele>1</ele></rtept>
	<rtept lat="51.497858" lon="0.183442"><ele>1</ele></rtept>
	<rtept lat="51.498068" lon="0.183070"><ele>1</ele></rtept>
	<rtept lat="51.498507" lon="0.183102"><ele>1</ele></rtept>
	<rtept lat="51.499338" lon="0.182789"><ele>1</ele></rtept>
	<rtept lat="51.500383" lon="0.181192"><ele>1</ele></rtept>
	<rtept lat="51.501476" lon="0.180325"><ele>1</ele></rtept>
	<rtept lat="51.502147" lon="0.180446"><ele>1</ele></rtept>
	<rtept lat="51.504987" lon="0.178786"><ele>1</ele></rtept>
	<rtept lat="51.505173" lon="0.178772"><ele>1</ele></rtept>
	<rtept lat="51.505498" lon="0.179292"><ele>1</ele></rtept>
	<rtept lat="51.506087" lon="0.179243"><ele>1</ele></rtept>
	<rtept lat="51.507797" lon="0.177761"><ele>1</ele></rtept>
	<rtept lat="51.507837" lon="0.177912"><ele>1</ele></rtept>
	<rtept lat="51.508118" lon="0.177754"><ele>1</ele></rtept>
	<rtept lat="51.508948" lon="0.177953"><ele>1</ele></rtept>
	<rtept lat="51.510183" lon="0.178562"><ele>1</ele></rtept>
	<rtept lat="51.511408" lon="0.181712"><ele>1</ele></rtept>
	<rtept lat="51.511486" lon="0.184509"><ele>1</ele></rtept>
	<rtept lat="51.511578" lon="0.184553"><ele>1</ele></rtept>
	<rtept lat="51.511656" lon="0.184219"><ele>1</ele></rtept>
	<rtept lat="51.511838" lon="0.184262"><ele>1</ele></rtept>
	<rtept lat="51.512178" lon="0.184666"><ele>1</ele></rtept>
	<rtept lat="51.512096" lon="0.185099"><ele>1</ele></rtept>
	<rtept lat="51.512176" lon="0.185238"><ele>1</ele></rtept>
	<rtept lat="51.512343" lon="0.185102"><ele>1</ele></rtept>
	<rtept lat="51.512408" lon="0.185457"><ele>1</ele></rtept>
	<rtept lat="51.513018" lon="0.186087"><ele>1</ele></rtept>
	<rtept lat="51.513678" lon="0.187857"><ele>1</ele></rtept>
	<rtept lat="51.514414" lon="0.189056"><ele>1</ele></rtept>
	<rtept lat="51.515348" lon="0.189797"><ele>2</ele></rtept>
	<rtept lat="51.516436" lon="0.190365"><ele>2</ele></rtept>
	<rtept lat="51.516567" lon="0.190536"><ele>2</ele></rtept>
	<rtept lat="51.516377" lon="0.190985"><ele>2</ele></rtept>
	<rtept lat="51.516527" lon="0.191203"><ele>3</ele></rtept>
	<rtept lat="51.516827" lon="0.191388"><ele>3</ele></rtept>
	<rtept lat="51.517417" lon="0.191351"><ele>2</ele></rtept>
	<rtept lat="51.517656" lon="0.190627"><ele>2</ele></rtept>
	<rtept lat="51.518457" lon="0.190116"><ele>1</ele></rtept>
	<rtept lat="51.519288" lon="0.189275"><ele>2</ele></rtept>
	<rtept lat="51.519996" lon="0.189556"><ele>1</ele></rtept>
	<rtept lat="51.520274" lon="0.189846"><ele>1</ele></rtept>
	<rtept lat="51.521267" lon="0.190099"><ele>1</ele></rtept>
	<rtept lat="51.521718" lon="0.191482"><ele>1</ele></rtept>
	<rtept lat="51.521887" lon="0.191451"><ele>1</ele></rtept>
	<rtept lat="51.522164" lon="0.190626"><ele>1</ele></rtept>
	<rtept lat="51.522408" lon="0.190535"><ele>2</ele></rtept>
	<rtept lat="51.523447" lon="0.191605"><ele>2</ele></rtept>
	<rtept lat="51.525833" lon="0.192422"><ele>5</ele></rtept>
	<rtept lat="51.526156" lon="0.193077"><ele>6</ele></rtept>
	<rtept lat="51.526287" lon="0.193879"><ele>6</ele></rtept>
	<rtept lat="51.527298" lon="0.194370"><ele>7</ele></rtept>
	<rtept lat="51.527738" lon="0.194849"><ele>6</ele></rtept>
	<rtept lat="51.528288" lon="0.194962"><ele>6</ele></rtept>
	<rtept lat="51.529227" lon="0.196133"><ele>6</ele></rtept>
	<rtept lat="51.529647" lon="0.196351"><ele>6</ele></rtept>
	<rtept lat="51.531457" lon="0.200032"><ele>5</ele></rtept>
	<rtept lat="51.532468" lon="0.201194"><ele>5</ele></rtept>
	<rtept lat="51.532803" lon="0.201982"><ele>5</ele></rtept>
	<rtept lat="51.533535" lon="0.202770"><ele>5</ele></rtept>
	<rtept lat="51.532454" lon="0.205598"><ele>4</ele></rtept>
	<rtept lat="51.531885" lon="0.206590"><ele>4</ele></rtept>
	<rtept lat="51.532055" lon="0.207653"><ele>3</ele></rtept>
	<rtept lat="51.532883" lon="0.208442"><ele>4</ele></rtept>
	<rtept lat="51.532588" lon="0.210143"><ele>4</ele></rtept>
	<rtept lat="51.532676" lon="0.210585"><ele>3</ele></rtept>
	<rtept lat="51.533528" lon="0.211744"><ele>4</ele></rtept>
	<rtept lat="51.535178" lon="0.213055"><ele>5</ele></rtept>
	<rtept lat="51.536768" lon="0.214642"><ele>4</ele></rtept>
	<rtept lat="51.538806" lon="0.213868"><ele>8</ele></rtept>
	<rtept lat="51.539616" lon="0.213815"><ele>8</ele></rtept>
	<rtept lat="51.541398" lon="0.214809"><ele>9</ele></rtept>
	<rtept lat="51.541803" lon="0.215352"><ele>8</ele></rtept>
	<rtept lat="51.542188" lon="0.215467"><ele>9</ele></rtept>
	<rtept lat="51.542246" lon="0.217135"><ele>5</ele></rtept>
	<rtept lat="51.543757" lon="0.219086"><ele>6</ele></rtept>
	<rtept lat="51.544567" lon="0.220475"><ele>6</ele></rtept>
	<rtept lat="51.544936" lon="0.220679"><ele>6</ele></rtept>
	<rtept lat="51.546078" lon="0.222702"><ele>6</ele></rtept>
	<rtept lat="51.547768" lon="0.224173"><ele>7</ele></rtept>
	<rtept lat="51.547953" lon="0.225212"><ele>7</ele></rtept>
	<rtept lat="51.548946" lon="0.227127"><ele>8</ele></rtept>
	<rtept lat="51.549507" lon="0.229306"><ele>7</ele></rtept>
	<rtept lat="51.550718" lon="0.232375"><ele>8</ele></rtept>
	<rtept lat="51.551066" lon="0.232166"><ele>8</ele></rtept>
	<rtept lat="51.551293" lon="0.232212"><ele>8</ele></rtept>
	<rtept lat="51.551386" lon="0.232395"><ele>9</ele></rtept>
	<rtept lat="51.551207" lon="0.233398"><ele>8</ele></rtept>
	<rtept lat="51.551766" lon="0.235328"><ele>8</ele></rtept>
	<rtept lat="51.551628" lon="0.235442"><ele>9</ele></rtept>
	<rtept lat="51.551906" lon="0.235949"><ele>9</ele></rtept>
	<rtept lat="51.552868" lon="0.236757"><ele>8</ele></rtept>
	<rtept lat="51.553103" lon="0.237232"><ele>9</ele></rtept>
	<rtept lat="51.553377" lon="0.237107"><ele>9</ele></rtept>
	<rtept lat="51.554058" lon="0.237575"><ele>9</ele></rtept>
	<rtept lat="51.554918" lon="0.238502"><ele>10</ele></rtept>
	<rtept lat="51.555668" lon="0.238770"><ele>9</ele></rtept>
	<rtept lat="51.555587" lon="0.239602"><ele>11</ele></rtept>
	<rtept lat="51.556928" lon="0.240019"><ele>11</ele></rtept>
	<rtept lat="51.558103" lon="0.240612"><ele>14</ele></rtept>
	<rtept lat="51.559136" lon="0.235395"><ele>17</ele></rtept>
	<rtept lat="51.560477" lon="0.236036"><ele>18</ele></rtept>
	<rtept lat="51.560637" lon="0.235986"><ele>18</ele></rtept>
	<rtept lat="51.561423" lon="0.234522"><ele>22</ele></rtept>
	<rtept lat="51.562028" lon="0.232622"><ele>27</ele></rtept>
	<rtept lat="51.563497" lon="0.234523"><ele>27</ele></rtept>
	<rtept lat="51.564567" lon="0.236531"><ele>25</ele></rtept>
	<rtept lat="51.564167" lon="0.237452"><ele>22</ele></rtept>
	<rtept lat="51.563468" lon="0.240164"><ele>16</ele></rtept>
	<rtept lat="51.563998" lon="0.240783"><ele>16</ele></rtept>
	<rtept lat="51.563343" lon="0.243252"><ele>12</ele></rtept>
	<rtept lat="51.564158" lon="0.244342"><ele>11</ele></rtept>
	<rtept lat="51.565296" lon="0.245339"><ele>12</ele></rtept>
	<rtept lat="51.565558" lon="0.245393"><ele>13</ele></rtept>
	<rtept lat="51.566856" lon="0.246389"><ele>13</ele></rtept>
	<rtept lat="51.567008" lon="0.245912"><ele>14</ele></rtept>
	<rtept lat="51.569338" lon="0.248006"><ele>13</ele></rtept>
	<rtept lat="51.569246" lon="0.248769"><ele>13</ele></rtept>
	<rtept lat="51.569496" lon="0.248758"><ele>13</ele></rtept>
	<rtept lat="51.569873" lon="0.248372"><ele>13</ele></rtept>
	<rtept lat="51.570508" lon="0.248747"><ele>13</ele></rtept>
	<rtept lat="51.570728" lon="0.249657"><ele>13</ele></rtept>
	<rtept lat="51.570358" lon="0.251247"><ele>18</ele></rtept>
	<rtept lat="51.570144" lon="0.256786"><ele>42</ele></rtept>
	<rtept lat="51.570928" lon="0.256877"><ele>41</ele></rtept>
	<rtept lat="51.572186" lon="0.256685"><ele>41</ele></rtept>
	<rtept lat="51.574817" lon="0.257656"><ele>41</ele></rtept>
	<rtept lat="51.575747" lon="0.257475"><ele>41</ele></rtept>
	<rtept lat="51.577457" lon="0.256263"><ele>35</ele></rtept>
	<rtept lat="51.578687" lon="0.255748"><ele>31</ele></rtept>
	<rtept lat="51.578927" lon="0.255531"><ele>32</ele></rtept>
	<rtept lat="51.579116" lon="0.254957"><ele>32</ele></rtept>
	<rtept lat="51.579117" lon="0.253876"><ele>31</ele></rtept>
	<rtept lat="51.581238" lon="0.252955"><ele>34</ele></rtept>
	<rtept lat="51.580916" lon="0.251296"><ele>28</ele></rtept>
	<rtept lat="51.580954" lon="0.249616"><ele>22</ele></rtept>
	<rtept lat="51.581337" lon="0.248719"><ele>20</ele></rtept>
	<rtept lat="51.582068" lon="0.247852"><ele>19</ele></rtept>
	<rtept lat="51.582307" lon="0.247301"><ele>19</ele></rtept>
	<rtept lat="51.582044" lon="0.246606"><ele>18</ele></rtept>
	<rtept lat="51.582278" lon="0.245585"><ele>18</ele></rtept>
	<rtept lat="51.582827" lon="0.244715"><ele>19</ele></rtept>
	<rtept lat="51.583453" lon="0.244412"><ele>19</ele></rtept>
	<rtept lat="51.584256" lon="0.244337"><ele>20</ele></rtept>
	<rtept lat="51.585227" lon="0.243719"><ele>20</ele></rtept>
	<rtept lat="51.585908" lon="0.243000"><ele>20</ele></rtept>
	<rtept lat="51.586738" lon="0.241029"><ele>20</ele></rtept>
	<rtept lat="51.588218" lon="0.239912"><ele>20</ele></rtept>
	<rtept lat="51.588267" lon="0.239173"><ele>22</ele></rtept>
	<rtept lat="51.587767" lon="0.237771"><ele>26</ele></rtept>
	<rtept lat="51.589427" lon="0.236752"><ele>26</ele></rtept>
	<rtept lat="51.589468" lon="0.237114"><ele>25</ele></rtept>
	<rtept lat="51.590173" lon="0.236762"><ele>25</ele></rtept>
	<rtept lat="51.590555" lon="0.238020"><ele>23</ele></rtept>
	<rtept lat="51.592034" lon="0.237398"><ele>25</ele></rtept>
	<rtept lat="51.593445" lon="0.236220"><ele>28</ele></rtept>
	<rtept lat="51.592175" lon="0.232743"><ele>36</ele></rtept>
	<rtept lat="51.593103" lon="0.232642"><ele>35</ele></rtept>
	<rtept lat="51.594168" lon="0.235663"><ele>29</ele></rtept>
	<rtept lat="51.594366" lon="0.235825"><ele>29</ele></rtept>
	<rtept lat="51.594968" lon="0.237324"><ele>30</ele></rtept>
	<rtept lat="51.595918" lon="0.238335"><ele>30</ele></rtept>
	<rtept lat="51.596288" lon="0.237942"><ele>31</ele></rtept>
	<rtept lat="51.597976" lon="0.240858"><ele>28</ele></rtept>
	<rtept lat="51.598936" lon="0.238725"><ele>29</ele></rtept>
	<rtept lat="51.599548" lon="0.238119"><ele>30</ele></rtept>
	<rtept lat="51.600003" lon="0.237212"><ele>30</ele></rtept>
	<rtept lat="51.600268" lon="0.237547"><ele>31</ele></rtept>
	<rtept lat="51.600406" lon="0.237435"><ele>31</ele></rtept>
	<rtept lat="51.600647" lon="0.236046"><ele>30</ele></rtept>
	<rtept lat="51.601027" lon="0.235405"><ele>31</ele></rtept>
	<rtept lat="51.601636" lon="0.234779"><ele>32</ele></rtept>
	<rtept lat="51.602468" lon="0.234402"><ele>32</ele></rtept>
	<rtept lat="51.603748" lon="0.233293"><ele>35</ele></rtept>
	<rtept lat="51.605013" lon="0.230392"><ele>37</ele></rtept>
	<rtept lat="51.607006" lon="0.228967"><ele>40</ele></rtept>
	<rtept lat="51.607857" lon="0.227186"><ele>39</ele></rtept>
	<rtept lat="51.608478" lon="0.227335"><ele>42</ele></rtept>
	<rtept lat="51.608936" lon="0.226146"><ele>39</ele></rtept>
	<rtept lat="51.611293" lon="0.223242"><ele>47</ele></rtept>
	<rtept lat="51.611766" lon="0.222835"><ele>49</ele></rtept>
	<rtept lat="51.612597" lon="0.223878"><ele>49</ele></rtept>
	<rtept lat="51.612926" lon="0.223948"><ele>49</ele></rtept>
	<rtept lat="51.612978" lon="0.223582"><ele>49</ele></rtept>
	<rtept lat="51.613686" lon="0.223959"><ele>49</ele></rtept>
	<rtept lat="51.614468" lon="0.223317"><ele>49</ele></rtept>
	<rtept lat="51.615463" lon="0.223082"><ele>51</ele></rtept>
	<rtept lat="51.615587" lon="0.222437"><ele>52</ele></rtept>
	<rtept lat="51.616608" lon="0.221625"><ele>56</ele></rtept>
	<rtept lat="51.617548" lon="0.220442"><ele>58</ele></rtept>
	<rtept lat="51.616778" lon="0.219000"><ele>61</ele></rtept>
	<rtept lat="51.618557" lon="0.215492"><ele>78</ele></rtept>
	<rtept lat="51.620168" lon="0.216329"><ele>68</ele></rtept>
	<rtept lat="51.620583" lon="0.216352"><ele>68</ele></rtept>
	<rtept lat="51.622266" lon="0.215175"><ele>75</ele></rtept>
	<rtept lat="51.622997" lon="0.214876"><ele>78</ele></rtept>
	<rtept lat="51.624557" lon="0.215036"><ele>81</ele></rtept>
	<rtept lat="51.625163" lon="0.214932"><ele>81</ele></rtept>
	<rtept lat="51.625858" lon="0.214592"><ele>81</ele></rtept>
	<rtept lat="51.625057" lon="0.210653"><ele>87</ele></rtept>
	<rtept lat="51.624487" lon="0.209641"><ele>89</ele></rtept>
	<rtept lat="51.624507" lon="0.209392"><ele>89</ele></rtept>
	<rtept lat="51.623518" lon="0.209094"><ele>90</ele></rtept>
	<rtept lat="51.621808" lon="0.209183"><ele>86</ele></rtept>
	<rtept lat="51.620823" lon="0.203982"><ele>94</ele></rtept>
	<rtept lat="51.621248" lon="0.203062"><ele>93</ele></rtept>
	<rtept lat="51.621146" lon="0.200459"><ele>91</ele></rtept>
	<rtept lat="51.621378" lon="0.199813"><ele>91</ele></rtept>
	<rtept lat="51.621046" lon="0.199029"><ele>91</ele></rtept>
	<rtept lat="51.620378" lon="0.195992"><ele>92</ele></rtept>
	<rtept lat="51.621118" lon="0.195296"><ele>90</ele></rtept>
	<rtept lat="51.621426" lon="0.194459"><ele>91</ele></rtept>
	<rtept lat="51.620716" lon="0.193188"><ele>89</ele></rtept>
	<rtept lat="51.620203" lon="0.189582"><ele>89</ele></rtept>
	<rtept lat="51.619578" lon="0.189757"><ele>91</ele></rtept>
	<rtept lat="51.618418" lon="0.189637"><ele>99</ele></rtept>
	<rtept lat="51.618658" lon="0.188587"><ele>97</ele></rtept>
	<rtept lat="51.618414" lon="0.186076"><ele>96</ele></rtept>
	<rtept lat="51.618508" lon="0.184597"><ele>97</ele></rtept>
	<rtept lat="51.618076" lon="0.182825"><ele>99</ele></rtept>
	<rtept lat="51.617647" lon="0.182836"><ele>100</ele></rtept>
	<rtept lat="51.616827" lon="0.183315"><ele>104</ele></rtept>
	<rtept lat="51.616527" lon="0.182343"><ele>103</ele></rtept>
	<rtept lat="51.615427" lon="0.164628"><ele>52</ele></rtept>
	<rtept lat="51.614687" lon="0.164851"><ele>51</ele></rtept>
	<rtept lat="51.613206" lon="0.164927"><ele>42</ele></rtept>
	<rtept lat="51.613077" lon="0.157386"><ele>34</ele></rtept>
	<rtept lat="51.613958" lon="0.156555"><ele>35</ele></rtept>
	<rtept lat="51.614916" lon="0.156296"><ele>34</ele></rtept>
	<rtept lat="51.614704" lon="0.149886"><ele>38</ele></rtept>
	<rtept lat="51.617047" lon="0.148699"><ele>42</ele></rtept>
	<rtept lat="51.617788" lon="0.147982"><ele>45</ele></rtept>
	<rtept lat="51.619287" lon="0.144801"><ele>53</ele></rtept>
	<rtept lat="51.619244" lon="0.144196"><ele>55</ele></rtept>
	<rtept lat="51.619848" lon="0.142845"><ele>62</ele></rtept>
	<rtept lat="51.620037" lon="0.141895"><ele>68</ele></rtept>
	<rtept lat="51.621743" lon="0.139862"><ele>82</ele></rtept>
	<rtept lat="51.622476" lon="0.139267"><ele>88</ele></rtept>
	<rtept lat="51.622737" lon="0.138359"><ele>90</ele></rtept>
	<rtept lat="51.622828" lon="0.136970"><ele>90</ele></rtept>
	<rtept lat="51.622198" lon="0.137179"><ele>88</ele></rtept>
	<rtept lat="51.621228" lon="0.137242"><ele>81</ele></rtept>
	<rtept lat="51.620757" lon="0.137143"><ele>78</ele></rtept>
	<rtept lat="51.620537" lon="0.137251"><ele>77</ele></rtept>
	<rtept lat="51.619447" lon="0.136982"><ele>70</ele></rtept>
	<rtept lat="51.619138" lon="0.135814"><ele>68</ele></rtept>
	<rtept lat="51.619383" lon="0.134432"><ele>71</ele></rtept>
	<rtept lat="51.619705" lon="0.133920"><ele>74</ele></rtept>
	<rtept lat="51.619544" lon="0.132858"><ele>71</ele></rtept>
	<rtept lat="51.619015" lon="0.131920"><ele>69</ele></rtept>
	<rtept lat="51.618185" lon="0.128513"><ele>60</ele></rtept>
	<rtept lat="51.616533" lon="0.127332"><ele>53</ele></rtept>
	<rtept lat="51.615218" lon="0.126853"><ele>52</ele></rtept>
	<rtept lat="51.614366" lon="0.126055"><ele>51</ele></rtept>
	<rtept lat="51.616788" lon="0.119774"><ele>66</ele></rtept>
	<rtept lat="51.617098" lon="0.117685"><ele>70</ele></rtept>
	<rtept lat="51.617008" lon="0.116632"><ele>71</ele></rtept>
	<rtept lat="51.617566" lon="0.114658"><ele>76</ele></rtept>
	<rtept lat="51.617516" lon="0.112365"><ele>77</ele></rtept>
	<rtept lat="51.617938" lon="0.111179"><ele>79</ele></rtept>
	<rtept lat="51.618193" lon="0.111002"><ele>80</ele></rtept>
	<rtept lat="51.617768" lon="0.109637"><ele>79</ele></rtept>
	<rtept lat="51.618086" lon="0.108545"><ele>80</ele></rtept>
	<rtept lat="51.617897" lon="0.107496"><ele>81</ele></rtept>
	<rtept lat="51.618597" lon="0.107245"><ele>81</ele></rtept>
	<rtept lat="51.618806" lon="0.107319"><ele>80</ele></rtept>
	<rtept lat="51.619308" lon="0.106852"><ele>81</ele></rtept>
	<rtept lat="51.619858" lon="0.106883"><ele>79</ele></rtept>
	<rtept lat="51.621033" lon="0.105772"><ele>75</ele></rtept>
	<rtept lat="51.620506" lon="0.104967"><ele>78</ele></rtept>
	<rtept lat="51.620307" lon="0.103776"><ele>79</ele></rtept>
	<rtept lat="51.622148" lon="0.101475"><ele>73</ele></rtept>
	<rtept lat="51.622736" lon="0.098036"><ele>62</ele></rtept>
	<rtept lat="51.625623" lon="0.093932"><ele>60</ele></rtept>
	<rtept lat="51.624026" lon="0.091205"><ele>55</ele></rtept>
	<rtept lat="51.624967" lon="0.089578"><ele>63</ele></rtept>
	<rtept lat="51.625826" lon="0.088628"><ele>70</ele></rtept>
	<rtept lat="51.625438" lon="0.087702"><ele>68</ele></rtept>
	<rtept lat="51.624576" lon="0.086599"><ele>63</ele></rtept>
	<rtept lat="51.624568" lon="0.085737"><ele>62</ele></rtept>
	<rtept lat="51.624173" lon="0.084962"><ele>60</ele></rtept>
	<rtept lat="51.624167" lon="0.084727"><ele>59</ele></rtept>
	<rtept lat="51.624838" lon="0.084105"><ele>61</ele></rtept>
	<rtept lat="51.624828" lon="0.081332"><ele>61</ele></rtept>
	<rtept lat="51.622208" lon="0.078130"><ele>45</ele></rtept>
	<rtept lat="51.620857" lon="0.076762"><ele>36</ele></rtept>
	<rtept lat="51.621418" lon="0.074779"><ele>41</ele></rtept>
	<rtept lat="51.621813" lon="0.070952"><ele>42</ele></rtept>
	<rtept lat="51.622496" lon="0.069335"><ele>42</ele></rtept>
	<rtept lat="51.624927" lon="0.066756"><ele>33</ele></rtept>
	<rtept lat="51.625577" lon="0.065676"><ele>29</ele></rtept>
	<rtept lat="51.626163" lon="0.064102"><ele>25</ele></rtept>
	<rtept lat="51.628198" lon="0.066012"><ele>27</ele></rtept>
	<rtept lat="51.628857" lon="0.064493"><ele>24</ele></rtept>
	<rtept lat="51.629427" lon="0.064311"><ele>22</ele></rtept>
	<rtept lat="51.630327" lon="0.063552"><ele>20</ele></rtept>
	<rtept lat="51.630558" lon="0.062574"><ele>18</ele></rtept>
	<rtept lat="51.630468" lon="0.062203"><ele>17</ele></rtept>
	<rtept lat="51.629713" lon="0.061012"><ele>16</ele></rtept>
	<rtept lat="51.628718" lon="0.060072"><ele>15</ele></rtept>
	<rtept lat="51.628796" lon="0.059809"><ele>15</ele></rtept>
	<rtept lat="51.629018" lon="0.059803"><ele>15</ele></rtept>
	<rtept lat="51.629656" lon="0.058229"><ele>15</ele></rtept>
	<rtept lat="51.630618" lon="0.058992"><ele>15</ele></rtept>
	<rtept lat="51.630878" lon="0.059446"><ele>15</ele></rtept>
	<rtept lat="51.633196" lon="0.053859"><ele>25</ele></rtept>
	<rtept lat="51.633566" lon="0.053478"><ele>27</ele></rtept>
	<rtept lat="51.634003" lon="0.051692"><ele>30</ele></rtept>
	<rtept lat="51.632138" lon="0.050087"><ele>34</ele></rtept>
	<rtept lat="51.632158" lon="0.049287"><ele>35</ele></rtept>
	<rtept lat="51.632318" lon="0.049357"><ele>35</ele></rtept>
	<rtept lat="51.632184" lon="0.046606"><ele>43</ele></rtept>
	<rtept lat="51.633128" lon="0.046267"><ele>40</ele></rtept>
	<rtept lat="51.633406" lon="0.040645"><ele>60</ele></rtept>
	<rtept lat="51.633117" lon="0.039666"><ele>64</ele></rtept>
	<rtept lat="51.633257" lon="0.038975"><ele>65</ele></rtept>
	<rtept lat="51.632917" lon="0.038873"><ele>68</ele></rtept>
	<rtept lat="51.632607" lon="0.038568"><ele>70</ele></rtept>
	<rtept lat="51.631697" lon="0.036731"><ele>76</ele></rtept>
	<rtept lat="51.632456" lon="0.034567"><ele>73</ele></rtept>
	<rtept lat="51.634337" lon="0.032256"><ele>62</ele></rtept>
	<rtept lat="51.634898" lon="0.031035"><ele>54</ele></rtept>
	<rtept lat="51.635106" lon="0.026026"><ele>43</ele></rtept>
	<rtept lat="51.634314" lon="0.022426"><ele>50</ele></rtept>
	<rtept lat="51.634217" lon="0.017619"><ele>57</ele></rtept>
	<rtept lat="51.634658" lon="0.017362"><ele>53</ele></rtept>
	<rtept lat="51.635057" lon="0.016761"><ele>51</ele></rtept>
	<rtept lat="51.635484" lon="0.015236"><ele>48</ele></rtept>
	<rtept lat="51.634618" lon="0.012655"><ele>49</ele></rtept>
	<rtept lat="51.634667" lon="0.012285"><ele>49</ele></rtept>
	<rtept lat="51.635953" lon="0.012582"><ele>52</ele></rtept>
	<rtept lat="51.635926" lon="0.013547"><ele>51</ele></rtept>
	<rtept lat="51.637417" lon="0.013439"><ele>55</ele></rtept>
	<rtept lat="51.637518" lon="0.013820"><ele>54</ele></rtept>
	<rtept lat="51.638158" lon="0.013429"><ele>57</ele></rtept>
	<rtept lat="51.639048" lon="0.013152"><ele>60</ele></rtept>
	<rtept lat="51.639377" lon="0.012873"><ele>61</ele></rtept>
	<rtept lat="51.640367" lon="0.012691"><ele>63</ele></rtept>
	<rtept lat="51.641727" lon="0.012032"><ele>63</ele></rtept>
	<rtept lat="51.641588" lon="0.009464"><ele>68</ele></rtept>
	<rtept lat="51.641873" lon="0.005002"><ele>61</ele></rtept>
	<rtept lat="51.641405" lon="0.002160"><ele>59</ele></rtept>
	<rtept lat="51.640904" lon="0.001258"><ele>62</ele></rtept>
	<rtept lat="51.641625" lon="0.000140"><ele>45</ele></rtept>
	<rtept lat="51.642495" lon="-0.000713"><ele>35</ele></rtept>
	<rtept lat="51.643543" lon="-0.001152"><ele>30</ele></rtept>
	<rtept lat="51.643728" lon="-0.000983"><ele>32</ele></rtept>
	<rtept lat="51.644106" lon="-0.001025"><ele>36</ele></rtept>
	<rtept lat="51.645278" lon="-0.001854"><ele>59</ele></rtept>
	<rtept lat="51.646528" lon="-0.002235"><ele>59</ele></rtept>
	<rtept lat="51.646938" lon="-0.000922"><ele>69</ele></rtept>
	<rtept lat="51.646976" lon="0.000698"><ele>73</ele></rtept>
	<rtept lat="51.647466" lon="0.003065"><ele>70</ele></rtept>
	<rtept lat="51.648538" lon="0.003149"><ele>70</ele></rtept>
	<rtept lat="51.648863" lon="0.003352"><ele>70</ele></rtept>
	<rtept lat="51.648708" lon="0.007277"><ele>66</ele></rtept>
	<rtept lat="51.650196" lon="0.006495"><ele>67</ele></rtept>
	<rtept lat="51.650497" lon="0.006066"><ele>68</ele></rtept>
	<rtept lat="51.651387" lon="0.005875"><ele>69</ele></rtept>
	<rtept lat="51.651986" lon="0.005929"><ele>69</ele></rtept>
	<rtept lat="51.652568" lon="0.006732"><ele>69</ele></rtept>
	<rtept lat="51.653018" lon="0.006243"><ele>69</ele></rtept>
	<rtept lat="51.653503" lon="0.004362"><ele>71</ele></rtept>
	<rtept lat="51.654716" lon="0.003967"><ele>76</ele></rtept>
	<rtept lat="51.655457" lon="0.003086"><ele>69</ele></rtept>
	<rtept lat="51.656478" lon="0.002765"><ele>58</ele></rtept>
	<rtept lat="51.656796" lon="0.002266"><ele>49</ele></rtept>
	<rtept lat="51.658303" lon="0.002772"><ele>39</ele></rtept>
	<rtept lat="51.662626" lon="-0.002475"><ele>21</ele></rtept>
	<rtept lat="51.663477" lon="-0.001958"><ele>21</ele></rtept>
	<rtept lat="51.664316" lon="-0.006138"><ele>18</ele></rtept>
	<rtept lat="51.664378" lon="-0.010102"><ele>16</ele></rtept>
	<rtept lat="51.664256" lon="-0.010509"><ele>16</ele></rtept>
	<rtept lat="51.663538" lon="-0.010787"><ele>16</ele></rtept>
	<rtept lat="51.663183" lon="-0.012532"><ele>16</ele></rtept>
	<rtept lat="51.662957" lon="-0.012817"><ele>16</ele></rtept>
	<rtept lat="51.664198" lon="-0.014895"><ele>16</ele></rtept>
	<rtept lat="51.664268" lon="-0.015382"><ele>16</ele></rtept>
	<rtept lat="51.664728" lon="-0.015480"><ele>16</ele></rtept>
	<rtept lat="51.665817" lon="-0.016972"><ele>16</ele></rtept>
	<rtept lat="51.665788" lon="-0.018109"><ele>16</ele></rtept>
	<rtept lat="51.666693" lon="-0.018082"><ele>16</ele></rtept>
	<rtept lat="51.666916" lon="-0.017955"><ele>16</ele></rtept>
	<rtept lat="51.667087" lon="-0.018066"><ele>16</ele></rtept>
	<rtept lat="51.667097" lon="-0.022256"><ele>16</ele></rtept>
	<rtept lat="51.667913" lon="-0.026972"><ele>18</ele></rtept>
	<rtept lat="51.668088" lon="-0.028502"><ele>18</ele></rtept>
	<rtept lat="51.667987" lon="-0.028513"><ele>18</ele></rtept>
	<rtept lat="51.667897" lon="-0.029141"><ele>18</ele></rtept>
	<rtept lat="51.668037" lon="-0.029122"><ele>18</ele></rtept>
	<rtept lat="51.669308" lon="-0.038424"><ele>20</ele></rtept>
	<rtept lat="51.669488" lon="-0.038463"><ele>20</ele></rtept>
	<rtept lat="51.669993" lon="-0.041152"><ele>20</ele></rtept>
	<rtept lat="51.670698" lon="-0.040772"><ele>20</ele></rtept>
	<rtept lat="51.671996" lon="-0.046559"><ele>20</ele></rtept>
	<rtept lat="51.671248" lon="-0.046893"><ele>20</ele></rtept>
	<rtept lat="51.671206" lon="-0.048099"><ele>21</ele></rtept>
	<rtept lat="51.670828" lon="-0.049222"><ele>21</ele></rtept>
	<rtept lat="51.671018" lon="-0.051416"><ele>21</ele></rtept>
	<rtept lat="51.669786" lon="-0.051979"><ele>24</ele></rtept>
	<rtept lat="51.671216" lon="-0.047868"><ele>21</ele></rtept>
	<rtept lat="51.671423" lon="-0.051052"><ele>21</ele></rtept>
	<rtept lat="51.670998" lon="-0.054427"><ele>22</ele></rtept>
	<rtept lat="51.670798" lon="-0.054507"><ele>23</ele></rtept>
	<rtept lat="51.670488" lon="-0.056347"><ele>28</ele></rtept>
	<rtept lat="51.670554" lon="-0.057796"><ele>29</ele></rtept>
	<rtept lat="51.671428" lon="-0.060137"><ele>25</ele></rtept>
	<rtept lat="51.671376" lon="-0.060515"><ele>26</ele></rtept>
	<rtept lat="51.671747" lon="-0.060856"><ele>25</ele></rtept>
	<rtept lat="51.673347" lon="-0.063635"><ele>24</ele></rtept>
	<rtept lat="51.673747" lon="-0.065503"><ele>26</ele></rtept>
	<rtept lat="51.674297" lon="-0.066558"><ele>25</ele></rtept>
	<rtept lat="51.675627" lon="-0.071211"><ele>26</ele></rtept>
	<rtept lat="51.674776" lon="-0.074747"><ele>27</ele></rtept>
	<rtept lat="51.674437" lon="-0.075456"><ele>27</ele></rtept>
	<rtept lat="51.674218" lon="-0.077255"><ele>27</ele></rtept>
	<rtept lat="51.674466" lon="-0.077666"><ele>28</ele></rtept>
	<rtept lat="51.674314" lon="-0.078016"><ele>28</ele></rtept>
	<rtept lat="51.673057" lon="-0.078599"><ele>28</ele></rtept>
	<rtept lat="51.672818" lon="-0.079092"><ele>29</ele></rtept>
	<rtept lat="51.672547" lon="-0.079031"><ele>29</ele></rtept>
	<rtept lat="51.672304" lon="-0.079206"><ele>29</ele></rtept>
	<rtept lat="51.672078" lon="-0.081005"><ele>30</ele></rtept>
	<rtept lat="51.671837" lon="-0.081245"><ele>30</ele></rtept>
	<rtept lat="51.671483" lon="-0.083202"><ele>30</ele></rtept>
	<rtept lat="51.671036" lon="-0.083537"><ele>31</ele></rtept>
	<rtept lat="51.668917" lon="-0.087169"><ele>41</ele></rtept>
	<rtept lat="51.669608" lon="-0.088720"><ele>33</ele></rtept>
	<rtept lat="51.669578" lon="-0.090529"><ele>33</ele></rtept>
	<rtept lat="51.669288" lon="-0.091052"><ele>34</ele></rtept>
	<rtept lat="51.669647" lon="-0.094743"><ele>35</ele></rtept>
	<rtept lat="51.670407" lon="-0.094851"><ele>40</ele></rtept>
	<rtept lat="51.671557" lon="-0.094682"><ele>49</ele></rtept>
	<rtept lat="51.671968" lon="-0.094844"><ele>51</ele></rtept>
	<rtept lat="51.672183" lon="-0.094762"><ele>52</ele></rtept>
	<rtept lat="51.672565" lon="-0.097240"><ele>55</ele></rtept>
	<rtept lat="51.673374" lon="-0.097438"><ele>60</ele></rtept>
	<rtept lat="51.673615" lon="-0.097310"><ele>60</ele></rtept>
	<rtept lat="51.675105" lon="-0.101493"><ele>59</ele></rtept>
	<rtept lat="51.673763" lon="-0.102412"><ele>55</ele></rtept>
	<rtept lat="51.672208" lon="-0.105893"><ele>39</ele></rtept>
	<rtept lat="51.672096" lon="-0.107575"><ele>43</ele></rtept>
	<rtept lat="51.667308" lon="-0.110034"><ele>66</ele></rtept>
	<rtept lat="51.669678" lon="-0.114255"><ele>70</ele></rtept>
	<rtept lat="51.668708" lon="-0.112682"><ele>64</ele></rtept>
	<rtept lat="51.668636" lon="-0.112808"><ele>64</ele></rtept>
	<rtept lat="51.670026" lon="-0.115055"><ele>70</ele></rtept>
	<rtept lat="51.670228" lon="-0.116329"><ele>65</ele></rtept>
	<rtept lat="51.670653" lon="-0.116502"><ele>63</ele></rtept>
	<rtept lat="51.670618" lon="-0.116707"><ele>62</ele></rtept>
	<rtept lat="51.670816" lon="-0.116785"><ele>62</ele></rtept>
	<rtept lat="51.670007" lon="-0.121306"><ele>47</ele></rtept>
	<rtept lat="51.670797" lon="-0.124205"><ele>48</ele></rtept>
	<rtept lat="51.671736" lon="-0.126599"><ele>49</ele></rtept>
	<rtept lat="51.673778" lon="-0.134762"><ele>55</ele></rtept>
	<rtept lat="51.673548" lon="-0.134923"><ele>55</ele></rtept>
	<rtept lat="51.673223" lon="-0.139742"><ele>57</ele></rtept>
	<rtept lat="51.673486" lon="-0.139857"><ele>57</ele></rtept>
	<rtept lat="51.672667" lon="-0.145306"><ele>60</ele></rtept>
	<rtept lat="51.671708" lon="-0.145075"><ele>65</ele></rtept>
	<rtept lat="51.667476" lon="-0.143176"><ele>92</ele></rtept>
	<rtept lat="51.667693" lon="-0.141692"><ele>91</ele></rtept>
	<rtept lat="51.667316" lon="-0.141445"><ele>89</ele></rtept>
	<rtept lat="51.667497" lon="-0.140968"><ele>90</ele></rtept>
	<rtept lat="51.666806" lon="-0.138248"><ele>84</ele></rtept>
	<rtept lat="51.666058" lon="-0.137032"><ele>81</ele></rtept>
	<rtept lat="51.665016" lon="-0.136839"><ele>76</ele></rtept>
	<rtept lat="51.663858" lon="-0.136817"><ele>69</ele></rtept>
	<rtept lat="51.663153" lon="-0.136942"><ele>63</ele></rtept>
	<rtept lat="51.662557" lon="-0.137647"><ele>59</ele></rtept>
	<rtept lat="51.662138" lon="-0.138725"><ele>63</ele></rtept>
	<rtept lat="51.660928" lon="-0.140582"><ele>66</ele></rtept>
	<rtept lat="51.660188" lon="-0.140640"><ele>68</ele></rtept>
	<rtept lat="51.659667" lon="-0.146302"><ele>76</ele></rtept>
	<rtept lat="51.658458" lon="-0.148609"><ele>88</ele></rtept>
	<rtept lat="51.656943" lon="-0.149722"><ele>93</ele></rtept>
	<rtept lat="51.655566" lon="-0.150165"><ele>91</ele></rtept>
	<rtept lat="51.654517" lon="-0.147496"><ele>88</ele></rtept>
	<rtept lat="51.654207" lon="-0.147366"><ele>89</ele></rtept>
	<rtept lat="51.654253" lon="-0.146932"><ele>87</ele></rtept>
	<rtept lat="51.653708" lon="-0.146742"><ele>89</ele></rtept>
	<rtept lat="51.652847" lon="-0.145943"><ele>89</ele></rtept>
	<rtept lat="51.651557" lon="-0.151831"><ele>93</ele></rtept>
	<rtept lat="51.653107" lon="-0.153212"><ele>94</ele></rtept>
	<rtept lat="51.653478" lon="-0.153414"><ele>95</ele></rtept>
	<rtept lat="51.653708" lon="-0.153353"><ele>95</ele></rtept>
	<rtept lat="51.654363" lon="-0.153612"><ele>99</ele></rtept>
	<rtept lat="51.654648" lon="-0.153582"><ele>100</ele></rtept>
	<rtept lat="51.655146" lon="-0.155449"><ele>97</ele></rtept>
	<rtept lat="51.655168" lon="-0.157443"><ele>91</ele></rtept>
	<rtept lat="51.656256" lon="-0.161129"><ele>74</ele></rtept>
	<rtept lat="51.657508" lon="-0.169832"><ele>66</ele></rtept>
	<rtept lat="51.657638" lon="-0.172806"><ele>69</ele></rtept>
	<rtept lat="51.658946" lon="-0.175199"><ele>80</ele></rtept>
	<rtept lat="51.658446" lon="-0.177708"><ele>78</ele></rtept>
	<rtept lat="51.658653" lon="-0.178112"><ele>79</ele></rtept>
	<rtept lat="51.658688" lon="-0.182207"><ele>99</ele></rtept>
	<rtept lat="51.658328" lon="-0.183857"><ele>103</ele></rtept>
	<rtept lat="51.658548" lon="-0.185967"><ele>109</ele></rtept>
	<rtept lat="51.658884" lon="-0.187176"><ele>113</ele></rtept>
	<rtept lat="51.659258" lon="-0.187607"><ele>114</ele></rtept>
	<rtept lat="51.659086" lon="-0.188355"><ele>118</ele></rtept>
	<rtept lat="51.660207" lon="-0.190686"><ele>123</ele></rtept>
	<rtept lat="51.661057" lon="-0.193135"><ele>125</ele></rtept>
	<rtept lat="51.661217" lon="-0.194153"><ele>126</ele></rtept>
	<rtept lat="51.661677" lon="-0.194738"><ele>126</ele></rtept>
	<rtept lat="51.661807" lon="-0.196261"><ele>128</ele></rtept>
	<rtept lat="51.661356" lon="-0.197147"><ele>130</ele></rtept>
	<rtept lat="51.660827" lon="-0.197456"><ele>130</ele></rtept>
	<rtept lat="51.659828" lon="-0.199125"><ele>132</ele></rtept>
	<rtept lat="51.659186" lon="-0.199806"><ele>132</ele></rtept>
	<rtept lat="51.657854" lon="-0.196956"><ele>120</ele></rtept>
	<rtept lat="51.656597" lon="-0.193399"><ele>91</ele></rtept>
	<rtept lat="51.656098" lon="-0.192582"><ele>89</ele></rtept>
	<rtept lat="51.655487" lon="-0.191991"><ele>88</ele></rtept>
	<rtept lat="51.655394" lon="-0.191356"><ele>87</ele></rtept>
	<rtept lat="51.654428" lon="-0.189955"><ele>79</ele></rtept>
	<rtept lat="51.653817" lon="-0.190265"><ele>79</ele></rtept>
	<rtept lat="51.653253" lon="-0.189822"><ele>79</ele></rtept>
	<rtept lat="51.652466" lon="-0.192437"><ele>91</ele></rtept>
	<rtept lat="51.651747" lon="-0.192919"><ele>95</ele></rtept>
	<rtept lat="51.650478" lon="-0.191210"><ele>99</ele></rtept>
	<rtept lat="51.650188" lon="-0.191329"><ele>100</ele></rtept>
	<rtept lat="51.649548" lon="-0.190732"><ele>101</ele></rtept>
	<rtept lat="51.649207" lon="-0.190783"><ele>100</ele></rtept>
	<rtept lat="51.647537" lon="-0.189191"><ele>94</ele></rtept>
	<rtept lat="51.647427" lon="-0.189242"><ele>93</ele></rtept>
	<rtept lat="51.647738" lon="-0.190374"><ele>93</ele></rtept>
	<rtept lat="51.646733" lon="-0.190322"><ele>88</ele></rtept>
	<rtept lat="51.645675" lon="-0.189650"><ele>88</ele></rtept>
	<rtept lat="51.643844" lon="-0.189288"><ele>88</ele></rtept>
	<rtept lat="51.643805" lon="-0.192340"><ele>79</ele></rtept>
	<rtept lat="51.641935" lon="-0.193183"><ele>75</ele></rtept>
	<rtept lat="51.642283" lon="-0.195052"><ele>76</ele></rtept>
	<rtept lat="51.642448" lon="-0.195003"><ele>76</ele></rtept>
	<rtept lat="51.642466" lon="-0.195095"><ele>76</ele></rtept>
	<rtept lat="51.642258" lon="-0.196034"><ele>76</ele></rtept>
	<rtept lat="51.642648" lon="-0.197475"><ele>78</ele></rtept>
	<rtept lat="51.642548" lon="-0.199122"><ele>79</ele></rtept>
	<rtept lat="51.641846" lon="-0.201368"><ele>80</ele></rtept>
	<rtept lat="51.641716" lon="-0.202525"><ele>80</ele></rtept>
	<rtept lat="51.642208" lon="-0.205549"><ele>83</ele></rtept>
	<rtept lat="51.642213" lon="-0.207542"><ele>82</ele></rtept>
	<rtept lat="51.641758" lon="-0.209637"><ele>83</ele></rtept>
	<rtept lat="51.641166" lon="-0.210565"><ele>84</ele></rtept>
	<rtept lat="51.640917" lon="-0.210416"><ele>84</ele></rtept>
	<rtept lat="51.640677" lon="-0.211515"><ele>84</ele></rtept>
	<rtept lat="51.640776" lon="-0.212299"><ele>84</ele></rtept>
	<rtept lat="51.641028" lon="-0.212672"><ele>84</ele></rtept>
	<rtept lat="51.641258" lon="-0.215033"><ele>86</ele></rtept>
	<rtept lat="51.639713" lon="-0.218822"><ele>88</ele></rtept>
	<rtept lat="51.637696" lon="-0.222317"><ele>90</ele></rtept>
	<rtept lat="51.637837" lon="-0.223296"><ele>90</ele></rtept>
	<rtept lat="51.637158" lon="-0.225695"><ele>96</ele></rtept>
	<rtept lat="51.637286" lon="-0.226416"><ele>96</ele></rtept>
	<rtept lat="51.636803" lon="-0.228242"><ele>97</ele></rtept>
	<rtept lat="51.633816" lon="-0.230845"><ele>105</ele></rtept>
	<rtept lat="51.633547" lon="-0.234358"><ele>111</ele></rtept>
	<rtept lat="51.633216" lon="-0.236088"><ele>120</ele></rtept>
	<rtept lat="51.634778" lon="-0.236692"><ele>120</ele></rtept>
	<rtept lat="51.636436" lon="-0.237109"><ele>109</ele></rtept>
	<rtept lat="51.637188" lon="-0.237167"><ele>107</ele></rtept>
	<rtept lat="51.637503" lon="-0.237472"><ele>107</ele></rtept>
	<rtept lat="51.638437" lon="-0.239437"><ele>113</ele></rtept>
	<rtept lat="51.637648" lon="-0.242715"><ele>118</ele></rtept>
	<rtept lat="51.636888" lon="-0.242512"><ele>113</ele></rtept>
	<rtept lat="51.636578" lon="-0.242560"><ele>114</ele></rtept>
	<rtept lat="51.635187" lon="-0.243302"><ele>124</ele></rtept>
	<rtept lat="51.634678" lon="-0.243359"><ele>129</ele></rtept>
	<rtept lat="51.634163" lon="-0.245032"><ele>126</ele></rtept>
	<rtept lat="51.634906" lon="-0.249015"><ele>109</ele></rtept>
	<rtept lat="51.633727" lon="-0.249886"><ele>100</ele></rtept>
	<rtept lat="51.633117" lon="-0.250566"><ele>92</ele></rtept>
	<rtept lat="51.632943" lon="-0.252112"><ele>87</ele></rtept>
	<rtept lat="51.632608" lon="-0.252672"><ele>87</ele></rtept>
	<rtept lat="51.632537" lon="-0.253393"><ele>85</ele></rtept>
	<rtept lat="51.626997" lon="-0.254031"><ele>78</ele></rtept>
	<rtept lat="51.627017" lon="-0.254512"><ele>77</ele></rtept>
	<rtept lat="51.628358" lon="-0.254454"><ele>79</ele></rtept>
	<rtept lat="51.631918" lon="-0.254013"><ele>84</ele></rtept>
	<rtept lat="51.633283" lon="-0.253712"><ele>83</ele></rtept>
	<rtept lat="51.634848" lon="-0.253832"><ele>94</ele></rtept>
	<rtept lat="51.635176" lon="-0.256139"><ele>103</ele></rtept>
	<rtept lat="51.637308" lon="-0.257583"><ele>89</ele></rtept>
	<rtept lat="51.637366" lon="-0.258569"><ele>88</ele></rtept>
	<rtept lat="51.639138" lon="-0.258432"><ele>106</ele></rtept>
	<rtept lat="51.639698" lon="-0.258666"><ele>110</ele></rtept>
	<rtept lat="51.640776" lon="-0.262389"><ele>110</ele></rtept>
	<rtept lat="51.642856" lon="-0.265588"><ele>116</ele></rtept>
	<rtept lat="51.643953" lon="-0.265242"><ele>123</ele></rtept>
	<rtept lat="51.643998" lon="-0.265537"><ele>125</ele></rtept>
	<rtept lat="51.645348" lon="-0.265267"><ele>132</ele></rtept>
	<rtept lat="51.645428" lon="-0.267617"><ele>135</ele></rtept>
	<rtept lat="51.644484" lon="-0.273046"><ele>128</ele></rtept>
	<rtept lat="51.644558" lon="-0.277787"><ele>122</ele></rtept>
	<rtept lat="51.644876" lon="-0.279855"><ele>131</ele></rtept>
	<rtept lat="51.648137" lon="-0.280866"><ele>105</ele></rtept>
	<rtept lat="51.650697" lon="-0.282435"><ele>102</ele></rtept>
	<rtept lat="51.651097" lon="-0.282163"><ele>101</ele></rtept>
	<rtept lat="51.651807" lon="-0.281308"><ele>100</ele></rtept>
	<rtept lat="51.652847" lon="-0.282011"><ele>98</ele></rtept>
	<rtept lat="51.652336" lon="-0.282857"><ele>99</ele></rtept>
	<rtept lat="51.652117" lon="-0.285036"><ele>103</ele></rtept>
	<rtept lat="51.651608" lon="-0.286435"><ele>109</ele></rtept>
	<rtept lat="51.652576" lon="-0.287486"><ele>108</ele></rtept>
	<rtept lat="51.654434" lon="-0.288316"><ele>99</ele></rtept>
	<rtept lat="51.655247" lon="-0.289369"><ele>100</ele></rtept>
	<rtept lat="51.654568" lon="-0.291052"><ele>103</ele></rtept>
	<rtept lat="51.654697" lon="-0.293071"><ele>102</ele></rtept>
	<rtept lat="51.655094" lon="-0.294006"><ele>100</ele></rtept>
	<rtept lat="51.655028" lon="-0.294585"><ele>100</ele></rtept>
	<rtept lat="51.654257" lon="-0.294625"><ele>100</ele></rtept>
	<rtept lat="51.652583" lon="-0.295252"><ele>98</ele></rtept>
	<rtept lat="51.651266" lon="-0.296187"><ele>100</ele></rtept>
	<rtept lat="51.650427" lon="-0.296459"><ele>99</ele></rtept>
	<rtept lat="51.649258" lon="-0.296470"><ele>104</ele></rtept>
	<rtept lat="51.649228" lon="-0.297239"><ele>105</ele></rtept>
	<rtept lat="51.648928" lon="-0.297232"><ele>105</ele></rtept>
	<rtept lat="51.648577" lon="-0.306773"><ele>100</ele></rtept>
	<rtept lat="51.647847" lon="-0.308991"><ele>104</ele></rtept>
	<rtept lat="51.647097" lon="-0.308102"><ele>104</ele></rtept>
	<rtept lat="51.646048" lon="-0.308704"><ele>103</ele></rtept>
	<rtept lat="51.645223" lon="-0.308472"><ele>104</ele></rtept>
	<rtept lat="51.644345" lon="-0.308000"><ele>104</ele></rtept>
	<rtept lat="51.643934" lon="-0.308168"><ele>104</ele></rtept>
	<rtept lat="51.643865" lon="-0.308010"><ele>104</ele></rtept>
	<rtept lat="51.643335" lon="-0.308873"><ele>104</ele></rtept>
	<rtept lat="51.642723" lon="-0.311782"><ele>104</ele></rtept>
	<rtept lat="51.642728" lon="-0.313233"><ele>104</ele></rtept>
	<rtept lat="51.643226" lon="-0.314025"><ele>104</ele></rtept>
	<rtept lat="51.643328" lon="-0.314494"><ele>104</ele></rtept>
	<rtept lat="51.642808" lon="-0.319895"><ele>105</ele></rtept>
	<rtept lat="51.642468" lon="-0.320852"><ele>107</ele></rtept>
	<rtept lat="51.642586" lon="-0.322088"><ele>109</ele></rtept>
	<rtept lat="51.642426" lon="-0.323135"><ele>109</ele></rtept>
	<rtept lat="51.639158" lon="-0.320239"><ele>107</ele></rtept>
	<rtept lat="51.638543" lon="-0.320092"><ele>107</ele></rtept>
	<rtept lat="51.638168" lon="-0.319777"><ele>107</ele></rtept>
	<rtept lat="51.637666" lon="-0.319625"><ele>108</ele></rtept>
	<rtept lat="51.637457" lon="-0.319996"><ele>108</ele></rtept>
	<rtept lat="51.636177" lon="-0.319465"><ele>110</ele></rtept>
	<rtept lat="51.634786" lon="-0.318469"><ele>120</ele></rtept>
	<rtept lat="51.633378" lon="-0.317732"><ele>130</ele></rtept>
	<rtept lat="51.630598" lon="-0.316863"><ele>145</ele></rtept>
	<rtept lat="51.630263" lon="-0.316892"><ele>146</ele></rtept>
	<rtept lat="51.630186" lon="-0.316777"><ele>146</ele></rtept>
	<rtept lat="51.629397" lon="-0.317626"><ele>147</ele></rtept>
	<rtept lat="51.628798" lon="-0.317895"><ele>149</ele></rtept>
	<rtept lat="51.628236" lon="-0.317306"><ele>149</ele></rtept>
	<rtept lat="51.627573" lon="-0.317262"><ele>149</ele></rtept>
	<rtept lat="51.626966" lon="-0.316835"><ele>147</ele></rtept>
	<rtept lat="51.626717" lon="-0.317778"><ele>148</ele></rtept>
	<rtept lat="51.626066" lon="-0.318878"><ele>146</ele></rtept>
	<rtept lat="51.626118" lon="-0.319612"><ele>146</ele></rtept>
	<rtept lat="51.626746" lon="-0.320479"><ele>149</ele></rtept>
	<rtept lat="51.626508" lon="-0.321667"><ele>146</ele></rtept>
	<rtept lat="51.626793" lon="-0.321802"><ele>145</ele></rtept>
	<rtept lat="51.627077" lon="-0.321617"><ele>147</ele></rtept>
	<rtept lat="51.627308" lon="-0.322265"><ele>146</ele></rtept>
	<rtept lat="51.627778" lon="-0.322482"><ele>146</ele></rtept>
	<rtept lat="51.628058" lon="-0.322150"><ele>146</ele></rtept>
	<rtept lat="51.628367" lon="-0.322812"><ele>145</ele></rtept>
	<rtept lat="51.628688" lon="-0.322979"><ele>144</ele></rtept>
	<rtept lat="51.628733" lon="-0.323662"><ele>144</ele></rtept>
	<rtept lat="51.628976" lon="-0.323685"><ele>143</ele></rtept>
	<rtept lat="51.629357" lon="-0.324656"><ele>140</ele></rtept>
	<rtept lat="51.628877" lon="-0.325746"><ele>141</ele></rtept>
	<rtept lat="51.628533" lon="-0.325522"><ele>142</ele></rtept>
	<rtept lat="51.628288" lon="-0.326722"><ele>142</ele></rtept>
	<rtept lat="51.627067" lon="-0.328373"><ele>143</ele></rtept>
	<rtept lat="51.627237" lon="-0.329491"><ele>142</ele></rtept>
	<rtept lat="51.626757" lon="-0.329422"><ele>141</ele></rtept>
	<rtept lat="51.625168" lon="-0.328714"><ele>132</ele></rtept>
	<rtept lat="51.625098" lon="-0.330133"><ele>132</ele></rtept>
	<rtept lat="51.624373" lon="-0.331612"><ele>123</ele></rtept>
	<rtept lat="51.624298" lon="-0.332132"><ele>120</ele></rtept>
	<rtept lat="51.624706" lon="-0.332939"><ele>121</ele></rtept>
	<rtept lat="51.625138" lon="-0.335633"><ele>129</ele></rtept>
	<rtept lat="51.624476" lon="-0.338479"><ele>136</ele></rtept>
	<rtept lat="51.624748" lon="-0.338972"><ele>139</ele></rtept>
	<rtept lat="51.624988" lon="-0.340356"><ele>141</ele></rtept>
	<rtept lat="51.626406" lon="-0.342379"><ele>136</ele></rtept>
	<rtept lat="51.626556" lon="-0.343118"><ele>133</ele></rtept>
	<rtept lat="51.624293" lon="-0.347702"><ele>130</ele></rtept>
	<rtept lat="51.623698" lon="-0.348437"><ele>132</ele></rtept>
	<rtept lat="51.623448" lon="-0.348477"><ele>133</ele></rtept>
	<rtept lat="51.623188" lon="-0.348137"><ele>136</ele></rtept>
	<rtept lat="51.621674" lon="-0.347346"><ele>140</ele></rtept>
	<rtept lat="51.621228" lon="-0.346847"><ele>140</ele></rtept>
	<rtept lat="51.620766" lon="-0.346655"><ele>139</ele></rtept>
	<rtept lat="51.620867" lon="-0.350706"><ele>130</ele></rtept>
	<rtept lat="51.621297" lon="-0.350625"><ele>133</ele></rtept>
	<rtept lat="51.621617" lon="-0.350713"><ele>135</ele></rtept>
	<rtept lat="51.622877" lon="-0.354838"><ele>128</ele></rtept>
	<rtept lat="51.622317" lon="-0.356131"><ele>126</ele></rtept>
	<rtept lat="51.622246" lon="-0.356757"><ele>126</ele></rtept>
	<rtept lat="51.622577" lon="-0.357486"><ele>126</ele></rtept>
	<rtept lat="51.621848" lon="-0.358345"><ele>122</ele></rtept>
	<rtept lat="51.622476" lon="-0.359566"><ele>117</ele></rtept>
	<rtept lat="51.622464" lon="-0.359966"><ele>116</ele></rtept>
	<rtept lat="51.624117" lon="-0.364289"><ele>100</ele></rtept>
	<rtept lat="51.624168" lon="-0.365242"><ele>100</ele></rtept>
	<rtept lat="51.623627" lon="-0.368721"><ele>89</ele></rtept>
	<rtept lat="51.622454" lon="-0.370956"><ele>81</ele></rtept>
	<rtept lat="51.620888" lon="-0.375865"><ele>77</ele></rtept>
	<rtept lat="51.620267" lon="-0.378805"><ele>79</ele></rtept>
	<rtept lat="51.619983" lon="-0.381342"><ele>78</ele></rtept>
	<rtept lat="51.617736" lon="-0.378997"><ele>75</ele></rtept>
	<rtept lat="51.615657" lon="-0.378879"><ele>72</ele></rtept>
	<rtept lat="51.615608" lon="-0.379030"><ele>72</ele></rtept>
	<rtept lat="51.613638" lon="-0.378669"><ele>70</ele></rtept>
	<rtept lat="51.612148" lon="-0.379402"><ele>67</ele></rtept>
	<rtept lat="51.610117" lon="-0.380763"><ele>64</ele></rtept>
	<rtept lat="51.610817" lon="-0.385431"><ele>64</ele></rtept>
	<rtept lat="51.611297" lon="-0.385442"><ele>65</ele></rtept>
	<rtept lat="51.611288" lon="-0.385634"><ele>65</ele></rtept>
	<rtept lat="51.612113" lon="-0.385732"><ele>67</ele></rtept>
	<rtept lat="51.611905" lon="-0.388120"><ele>68</ele></rtept>
	<rtept lat="51.612674" lon="-0.388948"><ele>69</ele></rtept>
	<rtept lat="51.612965" lon="-0.387780"><ele>70</ele></rtept>
	<rtept lat="51.613255" lon="-0.387573"><ele>71</ele></rtept>
	<rtept lat="51.613423" lon="-0.387622"><ele>71</ele></rtept>
	<rtept lat="51.613718" lon="-0.386833"><ele>72</ele></rtept>
	<rtept lat="51.613986" lon="-0.386835"><ele>74</ele></rtept>
	<rtept lat="51.614548" lon="-0.387464"><ele>78</ele></rtept>
	<rtept lat="51.615578" lon="-0.388105"><ele>80</ele></rtept>
	<rtept lat="51.615448" lon="-0.393462"><ele>90</ele></rtept>
	<rtept lat="51.614886" lon="-0.397978"><ele>111</ele></rtept>
	<rtept lat="51.615696" lon="-0.397955"><ele>107</ele></rtept>
	<rtept lat="51.617338" lon="-0.399279"><ele>112</ele></rtept>
	<rtept lat="51.618243" lon="-0.399702"><ele>111</ele></rtept>
	<rtept lat="51.619448" lon="-0.400927"><ele>112</ele></rtept>
	<rtept lat="51.619606" lon="-0.400885"><ele>112</ele></rtept>
	<rtept lat="51.620397" lon="-0.401376"><ele>117</ele></rtept>
	<rtept lat="51.621137" lon="-0.401535"><ele>119</ele></rtept>
	<rtept lat="51.621526" lon="-0.401769"><ele>120</ele></rtept>
	<rtept lat="51.621698" lon="-0.404232"><ele>128</ele></rtept>
	<rtept lat="51.621998" lon="-0.405443"><ele>130</ele></rtept>
	<rtept lat="51.621683" lon="-0.406952"><ele>127</ele></rtept>
	<rtept lat="51.622546" lon="-0.407767"><ele>120</ele></rtept>
	<rtept lat="51.623247" lon="-0.408116"><ele>117</ele></rtept>
	<rtept lat="51.623728" lon="-0.407765"><ele>115</ele></rtept>
	<rtept lat="51.625416" lon="-0.408146"><ele>100</ele></rtept>
	<rtept lat="51.626093" lon="-0.408112"><ele>88</ele></rtept>
	<rtept lat="51.626666" lon="-0.408255"><ele>83</ele></rtept>
	<rtept lat="51.627757" lon="-0.411028"><ele>84</ele></rtept>
	<rtept lat="51.628486" lon="-0.410368"><ele>81</ele></rtept>
	<rtept lat="51.628798" lon="-0.411212"><ele>79</ele></rtept>
	<rtept lat="51.629276" lon="-0.410579"><ele>77</ele></rtept>
	<rtept lat="51.629488" lon="-0.409527"><ele>75</ele></rtept>
	<rtept lat="51.630033" lon="-0.409592"><ele>73</ele></rtept>
	<rtept lat="51.630507" lon="-0.409957"><ele>72</ele></rtept>
	<rtept lat="51.630738" lon="-0.410215"><ele>71</ele></rtept>
	<rtept lat="51.631368" lon="-0.412012"><ele>70</ele></rtept>
	<rtept lat="51.632128" lon="-0.415300"><ele>63</ele></rtept>
	<rtept lat="51.631997" lon="-0.415262"><ele>64</ele></rtept>
	<rtept lat="51.631718" lon="-0.418089"><ele>70</ele></rtept>
	<rtept lat="51.631143" lon="-0.418782"><ele>72</ele></rtept>
	<rtept lat="51.630006" lon="-0.419245"><ele>76</ele></rtept>
	<rtept lat="51.629077" lon="-0.419796"><ele>78</ele></rtept>
	<rtept lat="51.627677" lon="-0.422746"><ele>70</ele></rtept>
	<rtept lat="51.627493" lon="-0.422512"><ele>70</ele></rtept>
	<rtept lat="51.626898" lon="-0.422912"><ele>71</ele></rtept>
	<rtept lat="51.625207" lon="-0.425383"><ele>68</ele></rtept>
	<rtept lat="51.624237" lon="-0.427401"><ele>67</ele></rtept>
	<rtept lat="51.623897" lon="-0.427572"><ele>66</ele></rtept>
	<rtept lat="51.623828" lon="-0.427964"><ele>65</ele></rtept>
	<rtept lat="51.623498" lon="-0.427793"><ele>66</ele></rtept>
	<rtept lat="51.622873" lon="-0.430082"><ele>67</ele></rtept>
	<rtept lat="51.622788" lon="-0.429992"><ele>67</ele></rtept>
	<rtept lat="51.621916" lon="-0.432619"><ele>68</ele></rtept>
	<rtept lat="51.619588" lon="-0.433273"><ele>71</ele></rtept>
	<rtept lat="51.618606" lon="-0.433789"><ele>74</ele></rtept>
	<rtept lat="51.619948" lon="-0.438832"><ele>81</ele></rtept>
	<rtept lat="51.619848" lon="-0.441366"><ele>96</ele></rtept>
	<rtept lat="51.619746" lon="-0.441259"><ele>94</ele></rtept>
	<rtept lat="51.619566" lon="-0.441548"><ele>96</ele></rtept>
	<rtept lat="51.619463" lon="-0.442122"><ele>99</ele></rtept>
	<rtept lat="51.619538" lon="-0.443617"><ele>104</ele></rtept>
	<rtept lat="51.619888" lon="-0.443497"><ele>106</ele></rtept>
	<rtept lat="51.620158" lon="-0.443737"><ele>107</ele></rtept>
	<rtept lat="51.620724" lon="-0.445216"><ele>109</ele></rtept>
	<rtept lat="51.619178" lon="-0.446667"><ele>104</ele></rtept>
	<rtept lat="51.618436" lon="-0.446965"><ele>100</ele></rtept>
	<rtept lat="51.617577" lon="-0.448416"><ele>99</ele></rtept>
	<rtept lat="51.616937" lon="-0.448815"><ele>101</ele></rtept>
	<rtept lat="51.616737" lon="-0.449133"><ele>101</ele></rtept>
	<rtept lat="51.616927" lon="-0.450778"><ele>96</ele></rtept>
	<rtept lat="51.616217" lon="-0.453071"><ele>93</ele></rtept>
	<rtept lat="51.616236" lon="-0.453317"><ele>92</ele></rtept>
	<rtept lat="51.616657" lon="-0.453546"><ele>90</ele></rtept>
	<rtept lat="51.616458" lon="-0.456475"><ele>89</ele></rtept>
	<rtept lat="51.616116" lon="-0.457416"><ele>89</ele></rtept>
	<rtept lat="51.616324" lon="-0.457936"><ele>89</ele></rtept>
	<rtept lat="51.617997" lon="-0.459329"><ele>84</ele></rtept>
	<rtept lat="51.618308" lon="-0.459892"><ele>83</ele></rtept>
	<rtept lat="51.621257" lon="-0.460521"><ele>78</ele></rtept>
	<rtept lat="51.621314" lon="-0.461746"><ele>70</ele></rtept>
	<rtept lat="51.620698" lon="-0.463985"><ele>80</ele></rtept>
	<rtept lat="51.620567" lon="-0.469715"><ele>91</ele></rtept>
	<rtept lat="51.623293" lon="-0.471282"><ele>79</ele></rtept>
	<rtept lat="51.623606" lon="-0.471527"><ele>77</ele></rtept>
	<rtept lat="51.623657" lon="-0.472069"><ele>76</ele></rtept>
	<rtept lat="51.623178" lon="-0.474200"><ele>76</ele></rtept>
	<rtept lat="51.622208" lon="-0.475259"><ele>75</ele></rtept>
	<rtept lat="51.620508" lon="-0.479402"><ele>65</ele></rtept>
	<rtept lat="51.620397" lon="-0.479313"><ele>66</ele></rtept>
	<rtept lat="51.619797" lon="-0.479921"><ele>69</ele></rtept>
	<rtept lat="51.618807" lon="-0.480282"><ele>72</ele></rtept>
	<rtept lat="51.617938" lon="-0.480944"><ele>80</ele></rtept>
	<rtept lat="51.617723" lon="-0.481262"><ele>80</ele></rtept>
	<rtept lat="51.617005" lon="-0.481350"><ele>81</ele></rtept>
	<rtept lat="51.616264" lon="-0.481658"><ele>81</ele></rtept>
	<rtept lat="51.613975" lon="-0.483770"><ele>86</ele></rtept>
	<rtept lat="51.613265" lon="-0.484703"><ele>87</ele></rtept>
	<rtept lat="51.612123" lon="-0.483892"><ele>87</ele></rtept>
	<rtept lat="51.612038" lon="-0.488403"><ele>83</ele></rtept>
	<rtept lat="51.612226" lon="-0.493855"><ele>57</ele></rtept>
	<rtept lat="51.611648" lon="-0.497704"><ele>45</ele></rtept>
	<rtept lat="51.611218" lon="-0.497695"><ele>47</ele></rtept>
	<rtept lat="51.609738" lon="-0.497272"><ele>48</ele></rtept>
	<rtept lat="51.609016" lon="-0.497438"><ele>48</ele></rtept>
	<rtept lat="51.608806" lon="-0.497605"><ele>47</ele></rtept>
	<rtept lat="51.609178" lon="-0.498639"><ele>43</ele></rtept>
	<rtept lat="51.609633" lon="-0.498672"><ele>42</ele></rtept>
	<rtept lat="51.609778" lon="-0.499007"><ele>41</ele></rtept>
	<rtept lat="51.608886" lon="-0.499405"><ele>40</ele></rtept>
	<rtept lat="51.607427" lon="-0.498416"><ele>42</ele></rtept>
	<rtept lat="51.606807" lon="-0.498135"><ele>42</ele></rtept>
	<rtept lat="51.606276" lon="-0.498119"><ele>41</ele></rtept>
	<rtept lat="51.604308" lon="-0.497132"><ele>38</ele></rtept>
	<rtept lat="51.603258" lon="-0.496413"><ele>38</ele></rtept>
	<rtept lat="51.602223" lon="-0.495132"><ele>38</ele></rtept>
	<rtept lat="51.599326" lon="-0.492317"><ele>39</ele></rtept>
	<rtept lat="51.598497" lon="-0.491686"><ele>39</ele></rtept>
	<rtept lat="51.597188" lon="-0.490105"><ele>38</ele></rtept>
	<rtept lat="51.595266" lon="-0.488506"><ele>38</ele></rtept>
	<rtept lat="51.593923" lon="-0.488362"><ele>37</ele></rtept>
	<rtept lat="51.593156" lon="-0.487965"><ele>37</ele></rtept>
	<rtept lat="51.588047" lon="-0.486408"><ele>35</ele></rtept>
	<rtept lat="51.587486" lon="-0.486138"><ele>35</ele></rtept>
	<rtept lat="51.587288" lon="-0.486222"><ele>35</ele></rtept>
	<rtept lat="51.588256" lon="-0.483549"><ele>36</ele></rtept>
	<rtept lat="51.588128" lon="-0.482687"><ele>37</ele></rtept>
	<rtept lat="51.584893" lon="-0.480802"><ele>37</ele></rtept>
	<rtept lat="51.584377" lon="-0.480657"><ele>37</ele></rtept>
	<rtept lat="51.584278" lon="-0.480495"><ele>37</ele></rtept>
	<rtept lat="51.584078" lon="-0.480512"><ele>37</ele></rtept>
	<rtept lat="51.583638" lon="-0.481310"><ele>35</ele></rtept>
	<rtept lat="51.582967" lon="-0.481782"><ele>35</ele></rtept>
	<rtept lat="51.582458" lon="-0.484299"><ele>35</ele></rtept>
	<rtept lat="51.576923" lon="-0.482892"><ele>35</ele></rtept>
	<rtept lat="51.576156" lon="-0.482395"><ele>35</ele></rtept>
	<rtept lat="51.574387" lon="-0.482026"><ele>35</ele></rtept>
	<rtept lat="51.572087" lon="-0.481296"><ele>35</ele></rtept>
	<rtept lat="51.571053" lon="-0.481132"><ele>35</ele></rtept>
	<rtept lat="51.569468" lon="-0.481272"><ele>34</ele></rtept>
	<rtept lat="51.569337" lon="-0.481793"><ele>34</ele></rtept>
	<rtept lat="51.567167" lon="-0.482621"><ele>33</ele></rtept>
	<rtept lat="51.563507" lon="-0.481982"><ele>32</ele></rtept>
	<rtept lat="51.562578" lon="-0.481944"><ele>32</ele></rtept>
	<rtept lat="51.561058" lon="-0.482293"><ele>32</ele></rtept>
	<rtept lat="51.560973" lon="-0.482042"><ele>32</ele></rtept>
	<rtept lat="51.558588" lon="-0.482672"><ele>32</ele></rtept>
	<rtept lat="51.557896" lon="-0.483049"><ele>32</ele></rtept>
	<rtept lat="51.555778" lon="-0.483543"><ele>32</ele></rtept>
	<rtept lat="51.555106" lon="-0.483939"><ele>32</ele></rtept>
	<rtept lat="51.553798" lon="-0.483422"><ele>31</ele></rtept>
	<rtept lat="51.552348" lon="-0.483416"><ele>31</ele></rtept>
	<rtept lat="51.552336" lon="-0.483649"><ele>31</ele></rtept>
	<rtept lat="51.551656" lon="-0.483778"><ele>31</ele></rtept>
	<rtept lat="51.550403" lon="-0.484642"><ele>31</ele></rtept>
	<rtept lat="51.546658" lon="-0.488057"><ele>31</ele></rtept>
	<rtept lat="51.544468" lon="-0.488267"><ele>31</ele></rtept>
	<rtept lat="51.540528" lon="-0.488127"><ele>32</ele></rtept>
	<rtept lat="51.540694" lon="-0.489306"><ele>31</ele></rtept>
	<rtept lat="51.540278" lon="-0.490737"><ele>31</ele></rtept>
	<rtept lat="51.539796" lon="-0.491275"><ele>30</ele></rtept>
	<rtept lat="51.539897" lon="-0.491446"><ele>30</ele></rtept>
	<rtept lat="51.539077" lon="-0.492365"><ele>30</ele></rtept>
	<rtept lat="51.538717" lon="-0.493643"><ele>30</ele></rtept>
	<rtept lat="51.538657" lon="-0.495178"><ele>29</ele></rtept>
	<rtept lat="51.538307" lon="-0.495281"><ele>29</ele></rtept>
	<rtept lat="51.537386" lon="-0.494307"><ele>30</ele></rtept>
	<rtept lat="51.536857" lon="-0.494066"><ele>29</ele></rtept>
	<rtept lat="51.536548" lon="-0.493695"><ele>29</ele></rtept>
	<rtept lat="51.535946" lon="-0.492066"><ele>30</ele></rtept>
	<rtept lat="51.535484" lon="-0.491666"><ele>29</ele></rtept>
	<rtept lat="51.534487" lon="-0.491229"><ele>28</ele></rtept>
	<rtept lat="51.534318" lon="-0.490392"><ele>28</ele></rtept>
	<rtept lat="51.533757" lon="-0.490571"><ele>28</ele></rtept>
	<rtept lat="51.533504" lon="-0.490886"><ele>28</ele></rtept>
	<rtept lat="51.533138" lon="-0.490945"><ele>28</ele></rtept>
	<rtept lat="51.532677" lon="-0.490115"><ele>28</ele></rtept>
	<rtept lat="51.531983" lon="-0.490032"><ele>28</ele></rtept>
	<rtept lat="51.529786" lon="-0.489307"><ele>27</ele></rtept>
	<rtept lat="51.529397" lon="-0.488839"><ele>27</ele></rtept>
	<rtept lat="51.529398" lon="-0.488270"><ele>27</ele></rtept>
	<rtept lat="51.529058" lon="-0.489329"><ele>27</ele></rtept>
	<rtept lat="51.528878" lon="-0.489192"><ele>27</ele></rtept>
	<rtept lat="51.527477" lon="-0.489883"><ele>27</ele></rtept>
	<rtept lat="51.527017" lon="-0.490711"><ele>27</ele></rtept>
	<rtept lat="51.526497" lon="-0.491112"><ele>27</ele></rtept>
	<rtept lat="51.525638" lon="-0.490894"><ele>27</ele></rtept>
	<rtept lat="51.524693" lon="-0.490382"><ele>27</ele></rtept>
	<rtept lat="51.523725" lon="-0.490800"><ele>27</ele></rtept>
	<rtept lat="51.523464" lon="-0.490648"><ele>27</ele></rtept>
	<rtept lat="51.522295" lon="-0.490770"><ele>27</ele></rtept>
	<rtept lat="51.521305" lon="-0.491383"><ele>27</ele></rtept>
	<rtept lat="51.521013" lon="-0.491222"><ele>27</ele></rtept>
	<rtept lat="51.520658" lon="-0.490673"><ele>27</ele></rtept>
	<rtept lat="51.520266" lon="-0.490525"><ele>27</ele></rtept>
	<rtept lat="51.519838" lon="-0.490794"><ele>27</ele></rtept>
	<rtept lat="51.519368" lon="-0.491505"><ele>27</ele></rtept>
	<rtept lat="51.518958" lon="-0.491812"><ele>27</ele></rtept>
	<rtept lat="51.518576" lon="-0.491088"><ele>27</ele></rtept>
	<rtept lat="51.518166" lon="-0.491085"><ele>28</ele></rtept>
	<rtept lat="51.517428" lon="-0.491679"><ele>26</ele></rtept>
	<rtept lat="51.517053" lon="-0.491092"><ele>29</ele></rtept>
	<rtept lat="51.516288" lon="-0.490787"><ele>28</ele></rtept>
	<rtept lat="51.515686" lon="-0.490185"><ele>27</ele></rtept>
	<rtept lat="51.515817" lon="-0.490066"><ele>27</ele></rtept>
	<rtept lat="51.517637" lon="-0.479645"><ele>28</ele></rtept>
	<rtept lat="51.516546" lon="-0.478479"><ele>28</ele></rtept>
	<rtept lat="51.513988" lon="-0.477402"><ele>28</ele></rtept>
	<rtept lat="51.512958" lon="-0.476023"><ele>28</ele></rtept>
	<rtept lat="51.511953" lon="-0.473982"><ele>29</ele></rtept>
	<rtept lat="51.510586" lon="-0.472297"><ele>29</ele></rtept>
	<rtept lat="51.510107" lon="-0.469986"><ele>29</ele></rtept>
	<rtept lat="51.509588" lon="-0.464635"><ele>29</ele></rtept>
	<rtept lat="51.510296" lon="-0.463776"><ele>30</ele></rtept>
	<rtept lat="51.510993" lon="-0.463362"><ele>30</ele></rtept>
	<rtept lat="51.511106" lon="-0.459805"><ele>32</ele></rtept>
	<rtept lat="51.511267" lon="-0.459118"><ele>32</ele></rtept>
	<rtept lat="51.511826" lon="-0.458148"><ele>33</ele></rtept>
	<rtept lat="51.511878" lon="-0.457092"><ele>33</ele></rtept>
	<rtept lat="51.512286" lon="-0.456519"><ele>34</ele></rtept>
	<rtept lat="51.513038" lon="-0.456567"><ele>34</ele></rtept>
	<rtept lat="51.513603" lon="-0.455902"><ele>35</ele></rtept>
	<rtept lat="51.515197" lon="-0.455267"><ele>37</ele></rtept>
	<rtept lat="51.516058" lon="-0.453915"><ele>39</ele></rtept>
	<rtept lat="51.516068" lon="-0.452622"><ele>39</ele></rtept>
	<rtept lat="51.515168" lon="-0.450090"><ele>38</ele></rtept>
	<rtept lat="51.514987" lon="-0.450072"><ele>38</ele></rtept>
	<rtept lat="51.514668" lon="-0.449649"><ele>38</ele></rtept>
	<rtept lat="51.514483" lon="-0.447502"><ele>37</ele></rtept>
	<rtept lat="51.513886" lon="-0.445865"><ele>36</ele></rtept>
	<rtept lat="51.513017" lon="-0.444336"><ele>37</ele></rtept>
	<rtept lat="51.512967" lon="-0.443426"><ele>37</ele></rtept>
	<rtept lat="51.512513" lon="-0.442582"><ele>36</ele></rtept>
	<rtept lat="51.512458" lon="-0.441652"><ele>36</ele></rtept>
	<rtept lat="51.511587" lon="-0.440523"><ele>34</ele></rtept>
	<rtept lat="51.510247" lon="-0.439781"><ele>32</ele></rtept>
	<rtept lat="51.509847" lon="-0.439392"><ele>32</ele></rtept>
	<rtept lat="51.509548" lon="-0.439444"><ele>31</ele></rtept>
	<rtept lat="51.509138" lon="-0.439843"><ele>30</ele></rtept>
	<rtept lat="51.508723" lon="-0.439842"><ele>30</ele></rtept>
	<rtept lat="51.507918" lon="-0.439012"><ele>30</ele></rtept>
	<rtept lat="51.508966" lon="-0.433929"><ele>30</ele></rtept>
	<rtept lat="51.509028" lon="-0.432183"><ele>31</ele></rtept>
	<rtept lat="51.508846" lon="-0.430979"><ele>32</ele></rtept>
	<rtept lat="51.505938" lon="-0.422432"><ele>33</ele></rtept>
	<rtept lat="51.501118" lon="-0.411236"><ele>28</ele></rtept>
	<rtept lat="51.500276" lon="-0.408249"><ele>31</ele></rtept>
	<rtept lat="51.500496" lon="-0.408738"><ele>30</ele></rtept>
	<rtept lat="51.500763" lon="-0.408592"><ele>27</ele></rtept>
	<rtept lat="51.500478" lon="-0.408787"><ele>30</ele></rtept>
	<rtept lat="51.500778" lon="-0.408577"><ele>27</ele></rtept>
	<rtept lat="51.500458" lon="-0.408837"><ele>29</ele></rtept>
	<rtept lat="51.500424" lon="-0.408676"><ele>30</ele></rtept>
	<rtept lat="51.498898" lon="-0.409327"><ele>30</ele></rtept>
	<rtept lat="51.498566" lon="-0.410145"><ele>24</ele></rtept>
	<rtept lat="51.498307" lon="-0.410256"><ele>23</ele></rtept>
	<rtept lat="51.498087" lon="-0.410085"><ele>24</ele></rtept>
	<rtept lat="51.498227" lon="-0.410373"><ele>23</ele></rtept>
	<rtept lat="51.498057" lon="-0.412318"><ele>26</ele></rtept>
	<rtept lat="51.497737" lon="-0.412341"><ele>26</ele></rtept>
	<rtept lat="51.497366" lon="-0.412077"><ele>25</ele></rtept>
	<rtept lat="51.495747" lon="-0.412096"><ele>24</ele></rtept>
	<rtept lat="51.494718" lon="-0.412835"><ele>24</ele></rtept>
	<rtept lat="51.494426" lon="-0.412756"><ele>24</ele></rtept>
	<rtept lat="51.493134" lon="-0.413816"><ele>24</ele></rtept>
	<rtept lat="51.493107" lon="-0.415259"><ele>25</ele></rtept>
	<rtept lat="51.491878" lon="-0.415592"><ele>24</ele></rtept>
	<rtept lat="51.491507" lon="-0.414661"><ele>23</ele></rtept>
	<rtept lat="51.490944" lon="-0.414916"><ele>23</ele></rtept>
	<rtept lat="51.490618" lon="-0.414915"><ele>23</ele></rtept>
	<rtept lat="51.488407" lon="-0.413095"><ele>22</ele></rtept>
	<rtept lat="51.487723" lon="-0.413472"><ele>22</ele></rtept>
	<rtept lat="51.487466" lon="-0.413777"><ele>22</ele></rtept>
	<rtept lat="51.487337" lon="-0.414329"><ele>22</ele></rtept>
	<rtept lat="51.486248" lon="-0.414930"><ele>22</ele></rtept>
	<rtept lat="51.484488" lon="-0.415659"><ele>21</ele></rtept>
	<rtept lat="51.483758" lon="-0.416202"><ele>21</ele></rtept>
	<rtept lat="51.483757" lon="-0.416843"><ele>21</ele></rtept>
	<rtept lat="51.483857" lon="-0.416821"><ele>21</ele></rtept>
	<rtept lat="51.484027" lon="-0.417422"><ele>21</ele></rtept>
	<rtept lat="51.482168" lon="-0.417584"><ele>21</ele></rtept>
	<rtept lat="51.481873" lon="-0.417442"><ele>21</ele></rtept>
	<rtept lat="51.481365" lon="-0.417790"><ele>22</ele></rtept>
	<rtept lat="51.481104" lon="-0.415948"><ele>21</ele></rtept>
	<rtept lat="51.480215" lon="-0.412530"><ele>22</ele></rtept>
	<rtept lat="51.480105" lon="-0.412533"><ele>22</ele></rtept>
	<rtept lat="51.480193" lon="-0.412912"><ele>22</ele></rtept>
	<rtept lat="51.478998" lon="-0.413713"><ele>21</ele></rtept>
	<rtept lat="51.478886" lon="-0.414705"><ele>21</ele></rtept>
	<rtept lat="51.476698" lon="-0.413934"><ele>20</ele></rtept>
	<rtept lat="51.476658" lon="-0.413695"><ele>20</ele></rtept>
	<rtept lat="51.476188" lon="-0.413772"><ele>20</ele></rtept>
	<rtept lat="51.475976" lon="-0.414618"><ele>20</ele></rtept>
	<rtept lat="51.475056" lon="-0.414675"><ele>20</ele></rtept>
	<rtept lat="51.474818" lon="-0.415209"><ele>20</ele></rtept>
	<rtept lat="51.474233" lon="-0.415162"><ele>20</ele></rtept>
	<rtept lat="51.473798" lon="-0.414767"><ele>20</ele></rtept>
	<rtept lat="51.473196" lon="-0.413815"><ele>19</ele></rtept>
	<rtept lat="51.472797" lon="-0.413836"><ele>19</ele></rtept>
	<rtept lat="51.472537" lon="-0.412925"><ele>20</ele></rtept>
	<rtept lat="51.471606" lon="-0.412309"><ele>19</ele></rtept>
	<rtept lat="51.470568" lon="-0.411102"><ele>19</ele></rtept>
	<rtept lat="51.469998" lon="-0.413363"><ele>20</ele></rtept>
	<rtept lat="51.469673" lon="-0.413632"><ele>20</ele></rtept>
	<rtept lat="51.469146" lon="-0.414637"><ele>20</ele></rtept>
	<rtept lat="51.467427" lon="-0.420526"><ele>22</ele></rtept>
	<rtept lat="51.467338" lon="-0.420445"><ele>22</ele></rtept>
	<rtept lat="51.467246" lon="-0.420766"><ele>22</ele></rtept>
	<rtept lat="51.467113" lon="-0.420682"><ele>22</ele></rtept>
	<rtept lat="51.470046" lon="-0.411105"><ele>19</ele></rtept>
	<rtept lat="51.468657" lon="-0.409698"><ele>18</ele></rtept>
	<rtept lat="51.468186" lon="-0.408578"><ele>19</ele></rtept>
	<rtept lat="51.467898" lon="-0.408832"><ele>18</ele></rtept>
	<rtept lat="51.467976" lon="-0.408769"><ele>18</ele></rtept>
	<rtept lat="51.467488" lon="-0.407637"><ele>18</ele></rtept>
	<rtept lat="51.466633" lon="-0.407022"><ele>18</ele></rtept>
	<rtept lat="51.466387" lon="-0.406087"><ele>18</ele></rtept>
	<rtept lat="51.465638" lon="-0.405015"><ele>18</ele></rtept>
	<rtept lat="51.465458" lon="-0.404462"><ele>17</ele></rtept>
	<rtept lat="51.464348" lon="-0.403200"><ele>17</ele></rtept>
	<rtept lat="51.463897" lon="-0.403042"><ele>18</ele></rtept>
	<rtept lat="51.463058" lon="-0.402329"><ele>18</ele></rtept>
	<rtept lat="51.462603" lon="-0.402512"><ele>18</ele></rtept>
	<rtept lat="51.461826" lon="-0.402335"><ele>19</ele></rtept>
	<rtept lat="51.461177" lon="-0.402376"><ele>19</ele></rtept>
	<rtept lat="51.460887" lon="-0.402116"><ele>18</ele></rtept>
	<rtept lat="51.460433" lon="-0.402302"><ele>19</ele></rtept>
	<rtept lat="51.460078" lon="-0.402132"><ele>19</ele></rtept>
	<rtept lat="51.459757" lon="-0.402203"><ele>19</ele></rtept>
	<rtept lat="51.459417" lon="-0.401891"><ele>19</ele></rtept>
	<rtept lat="51.458967" lon="-0.401932"><ele>19</ele></rtept>
	<rtept lat="51.458898" lon="-0.402314"><ele>20</ele></rtept>
	<rtept lat="51.458758" lon="-0.402243"><ele>20</ele></rtept>
	<rtept lat="51.458813" lon="-0.401702"><ele>18</ele></rtept>
	<rtept lat="51.457508" lon="-0.400952"><ele>17</ele></rtept>
	<rtept lat="51.456626" lon="-0.400119"><ele>17</ele></rtept>
	<rtept lat="51.455558" lon="-0.399423"><ele>18</ele></rtept>
	<rtept lat="51.455146" lon="-0.397879"><ele>17</ele></rtept>
	<rtept lat="51.454278" lon="-0.396232"><ele>17</ele></rtept>
	<rtept lat="51.454188" lon="-0.395466"><ele>17</ele></rtept>
	<rtept lat="51.454656" lon="-0.393259"><ele>17</ele></rtept>
	<rtept lat="51.455166" lon="-0.393038"><ele>19</ele></rtept>
	<rtept lat="51.455283" lon="-0.392802"><ele>20</ele></rtept>
	<rtept lat="51.455668" lon="-0.392947"><ele>20</ele></rtept>
	<rtept lat="51.456688" lon="-0.392607"><ele>21</ele></rtept>
	<rtept lat="51.457128" lon="-0.392347"><ele>22</ele></rtept>
	<rtept lat="51.457194" lon="-0.392026"><ele>22</ele></rtept>
	<rtept lat="51.456968" lon="-0.391587"><ele>22</ele></rtept>
	<rtept lat="51.456346" lon="-0.391405"><ele>21</ele></rtept>
	<rtept lat="51.454677" lon="-0.389976"><ele>21</ele></rtept>
	<rtept lat="51.454057" lon="-0.389615"><ele>21</ele></rtept>
	<rtept lat="51.453727" lon="-0.389193"><ele>21</ele></rtept>
	<rtept lat="51.453817" lon="-0.388038"><ele>21</ele></rtept>
	<rtept lat="51.455537" lon="-0.382171"><ele>21</ele></rtept>
	<rtept lat="51.455876" lon="-0.381537"><ele>21</ele></rtept>
	<rtept lat="51.455277" lon="-0.379126"><ele>19</ele></rtept>
	<rtept lat="51.454988" lon="-0.378345"><ele>19</ele></rtept>
	<rtept lat="51.454686" lon="-0.377956"><ele>19</ele></rtept>
	<rtept lat="51.454504" lon="-0.378016"><ele>19</ele></rtept>
	<rtept lat="51.454457" lon="-0.377229"><ele>19</ele></rtept>
	<rtept lat="51.453908" lon="-0.375752"><ele>19</ele></rtept>
	<rtept lat="51.446317" lon="-0.383501"><ele>15</ele></rtept>
	<rtept lat="51.445974" lon="-0.382866"><ele>15</ele></rtept>
	<rtept lat="51.445518" lon="-0.380855"><ele>15</ele></rtept>
	<rtept lat="51.445207" lon="-0.380415"><ele>14</ele></rtept>
	<rtept lat="51.445023" lon="-0.380392"><ele>14</ele></rtept>
	<rtept lat="51.444326" lon="-0.379027"><ele>14</ele></rtept>
	<rtept lat="51.443677" lon="-0.378349"><ele>14</ele></rtept>
	<rtept lat="51.443378" lon="-0.377380"><ele>14</ele></rtept>
	<rtept lat="51.443138" lon="-0.374699"><ele>14</ele></rtept>
	<rtept lat="51.443748" lon="-0.373542"><ele>14</ele></rtept>
	<rtept lat="51.443787" lon="-0.372553"><ele>14</ele></rtept>
	<rtept lat="51.443247" lon="-0.370491"><ele>14</ele></rtept>
	<rtept lat="51.442617" lon="-0.369562"><ele>13</ele></rtept>
	<rtept lat="51.442338" lon="-0.368764"><ele>13</ele></rtept>
	<rtept lat="51.442313" lon="-0.368022"><ele>13</ele></rtept>
	<rtept lat="51.441685" lon="-0.366690"><ele>13</ele></rtept>
	<rtept lat="51.441954" lon="-0.364888"><ele>13</ele></rtept>
	<rtept lat="51.440695" lon="-0.364410"><ele>13</ele></rtept>
	<rtept lat="51.440215" lon="-0.365383"><ele>14</ele></rtept>
	<rtept lat="51.439503" lon="-0.365032"><ele>14</ele></rtept>
	<rtept lat="51.439148" lon="-0.366933"><ele>15</ele></rtept>
	<rtept lat="51.438406" lon="-0.366585"><ele>15</ele></rtept>
	<rtept lat="51.437508" lon="-0.371324"><ele>20</ele></rtept>
	<rtept lat="51.437018" lon="-0.371295"><ele>20</ele></rtept>
	<rtept lat="51.436748" lon="-0.372302"><ele>19</ele></rtept>
	<rtept lat="51.435426" lon="-0.370798"><ele>18</ele></rtept>
	<rtept lat="51.433816" lon="-0.369315"><ele>17</ele></rtept>
	<rtept lat="51.432038" lon="-0.361019"><ele>16</ele></rtept>
	<rtept lat="51.430553" lon="-0.355382"><ele>15</ele></rtept>
	<rtept lat="51.429908" lon="-0.353767"><ele>14</ele></rtept>
	<rtept lat="51.430036" lon="-0.353685"><ele>14</ele></rtept>
	<rtept lat="51.429657" lon="-0.350026"><ele>13</ele></rtept>
	<rtept lat="51.428247" lon="-0.350415"><ele>13</ele></rtept>
	<rtept lat="51.428206" lon="-0.350289"><ele>13</ele></rtept>
	<rtept lat="51.426608" lon="-0.350582"><ele>13</ele></rtept>
	<rtept lat="51.424388" lon="-0.351623"><ele>14</ele></rtept>
	<rtept lat="51.422873" lon="-0.351042"><ele>13</ele></rtept>
	<rtept lat="51.422686" lon="-0.352307"><ele>14</ele></rtept>
	<rtept lat="51.420827" lon="-0.352226"><ele>14</ele></rtept>
	<rtept lat="51.417778" lon="-0.351255"><ele>13</ele></rtept>
	<rtept lat="51.417406" lon="-0.351236"><ele>13</ele></rtept>
	<rtept lat="51.417363" lon="-0.351372"><ele>13</ele></rtept>
	<rtept lat="51.414846" lon="-0.350775"><ele>13</ele></rtept>
	<rtept lat="51.414137" lon="-0.350458"><ele>13</ele></rtept>
	<rtept lat="51.414016" lon="-0.349358"><ele>13</ele></rtept>
	<rtept lat="51.413458" lon="-0.348232"><ele>13</ele></rtept>
	<rtept lat="51.413096" lon="-0.345759"><ele>10</ele></rtept>
	<rtept lat="51.413848" lon="-0.342417"><ele>10</ele></rtept>
	<rtept lat="51.413703" lon="-0.341812"><ele>9</ele></rtept>
	<rtept lat="51.414127" lon="-0.340037"><ele>9</ele></rtept>
	<rtept lat="51.414358" lon="-0.337475"><ele>8</ele></rtept>
	<rtept lat="51.414208" lon="-0.336822"><ele>8</ele></rtept>
	<rtept lat="51.414468" lon="-0.336200"><ele>8</ele></rtept>
	<rtept lat="51.414117" lon="-0.333272"><ele>7</ele></rtept>
	<rtept lat="51.413108" lon="-0.331999"><ele>6</ele></rtept>
	<rtept lat="51.412643" lon="-0.330922"><ele>5</ele></rtept>
	<rtept lat="51.412826" lon="-0.330305"><ele>5</ele></rtept>
	<rtept lat="51.413717" lon="-0.329076"><ele>6</ele></rtept>
	<rtept lat="51.413967" lon="-0.328286"><ele>6</ele></rtept>
	<rtept lat="51.413993" lon="-0.327952"><ele>6</ele></rtept>
	<rtept lat="51.413738" lon="-0.327722"><ele>5</ele></rtept>
	<rtept lat="51.414227" lon="-0.325103"><ele>6</ele></rtept>
	<rtept lat="51.413997" lon="-0.324951"><ele>6</ele></rtept>
	<rtept lat="51.413727" lon="-0.323262"><ele>6</ele></rtept>
	<rtept lat="51.410998" lon="-0.318954"><ele>6</ele></rtept>
	<rtept lat="51.411078" lon="-0.316993"><ele>7</ele></rtept>
	<rtept lat="51.411673" lon="-0.312952"><ele>6</ele></rtept>
	<rtept lat="51.411068" lon="-0.312122"><ele>5</ele></rtept>
	<rtept lat="51.411336" lon="-0.311509"><ele>4</ele></rtept>
	<rtept lat="51.411138" lon="-0.307783"><ele>3</ele></rtept>
	<rtept lat="51.411046" lon="-0.308019"><ele>2</ele></rtept>
	<rtept lat="51.410448" lon="-0.308322"><ele>2</ele></rtept>
	<rtept lat="51.409368" lon="-0.308456"><ele>2</ele></rtept>
	<rtept lat="51.408866" lon="-0.306939"><ele>3</ele></rtept>
	<rtept lat="51.408686" lon="-0.306748"><ele>3</ele></rtept>
	<rtept lat="51.408563" lon="-0.307002"><ele>3</ele></rtept>
	<rtept lat="51.408008" lon="-0.306477"><ele>3</ele></rtept>
	<rtept lat="51.407378" lon="-0.304567"><ele>3</ele></rtept>
	<rtept lat="51.407208" lon="-0.304647"><ele>3</ele></rtept>
	<rtept lat="51.406924" lon="-0.304076"><ele>4</ele></rtept>
	<rtept lat="51.406608" lon="-0.304027"><ele>4</ele></rtept>
	<rtept lat="51.406396" lon="-0.302695"><ele>5</ele></rtept>
	<rtept lat="51.406007" lon="-0.302336"><ele>5</ele></rtept>
	<rtept lat="51.405557" lon="-0.302265"><ele>6</ele></rtept>
	<rtept lat="51.405337" lon="-0.302053"><ele>6</ele></rtept>
	<rtept lat="51.405167" lon="-0.302288"><ele>6</ele></rtept>
	<rtept lat="51.404387" lon="-0.301051"><ele>8</ele></rtept>
	<rtept lat="51.404836" lon="-0.301017"><ele>8</ele></rtept>
	<rtept lat="51.404857" lon="-0.298656"><ele>9</ele></rtept>
	<rtept lat="51.405278" lon="-0.298175"><ele>8</ele></rtept>
	<rtept lat="51.406106" lon="-0.294316"><ele>9</ele></rtept>
	<rtept lat="51.403134" lon="-0.294436"><ele>11</ele></rtept>
	<rtept lat="51.401557" lon="-0.294879"><ele>15</ele></rtept>
	<rtept lat="51.401438" lon="-0.288572"><ele>16</ele></rtept>
	<rtept lat="51.400237" lon="-0.284721"><ele>15</ele></rtept>
	<rtept lat="51.399994" lon="-0.282506"><ele>15</ele></rtept>
	<rtept lat="51.399268" lon="-0.280475"><ele>15</ele></rtept>
	<rtept lat="51.398937" lon="-0.280105"><ele>16</ele></rtept>
	<rtept lat="51.398563" lon="-0.280142"><ele>17</ele></rtept>
	<rtept lat="51.397856" lon="-0.280447"><ele>20</ele></rtept>
	<rtept lat="51.397167" lon="-0.277439"><ele>16</ele></rtept>
	<rtept lat="51.397158" lon="-0.276090"><ele>16</ele></rtept>
	<rtept lat="51.396628" lon="-0.276219"><ele>16</ele></rtept>
	<rtept lat="51.396308" lon="-0.275782"><ele>15</ele></rtept>
	<rtept lat="51.394147" lon="-0.274273"><ele>17</ele></rtept>
	<rtept lat="51.391107" lon="-0.270991"><ele>17</ele></rtept>
	<rtept lat="51.389367" lon="-0.270152"><ele>18</ele></rtept>
	<rtept lat="51.389078" lon="-0.270144"><ele>18</ele></rtept>
	<rtept lat="51.388673" lon="-0.270372"><ele>18</ele></rtept>
	<rtept lat="51.388445" lon="-0.270750"><ele>19</ele></rtept>
	<rtept lat="51.388264" lon="-0.270718"><ele>19</ele></rtept>
	<rtept lat="51.387455" lon="-0.272150"><ele>21</ele></rtept>
	<rtept lat="51.387255" lon="-0.271893"><ele>21</ele></rtept>
	<rtept lat="51.388803" lon="-0.268882"><ele>17</ele></rtept>
	<rtept lat="51.387198" lon="-0.269393"><ele>18</ele></rtept>
	<rtept lat="51.385966" lon="-0.269245"><ele>17</ele></rtept>
	<rtept lat="51.385358" lon="-0.268984"><ele>17</ele></rtept>
	<rtept lat="51.384878" lon="-0.268305"><ele>17</ele></rtept>
	<rtept lat="51.383858" lon="-0.266172"><ele>17</ele></rtept>
	<rtept lat="51.383016" lon="-0.265438"><ele>18</ele></rtept>
	<rtept lat="51.382436" lon="-0.264395"><ele>18</ele></rtept>
	<rtept lat="51.382608" lon="-0.262439"><ele>20</ele></rtept>
	<rtept lat="51.382903" lon="-0.261562"><ele>20</ele></rtept>
	<rtept lat="51.381948" lon="-0.260657"><ele>26</ele></rtept>
	<rtept lat="51.381306" lon="-0.260605"><ele>25</ele></rtept>
	<rtept lat="51.380767" lon="-0.260066"><ele>27</ele></rtept>
	<rtept lat="51.377297" lon="-0.258115"><ele>42</ele></rtept>
	<rtept lat="51.376076" lon="-0.256939"><ele>41</ele></rtept>
	<rtept lat="51.375598" lon="-0.256842"><ele>41</ele></rtept>
	<rtept lat="51.375238" lon="-0.257053"><ele>40</ele></rtept>
	<rtept lat="51.374643" lon="-0.258592"><ele>29</ele></rtept>
	<rtept lat="51.373626" lon="-0.262467"><ele>25</ele></rtept>
	<rtept lat="51.375437" lon="-0.264626"><ele>19</ele></rtept>
	<rtept lat="51.375608" lon="-0.265045"><ele>19</ele></rtept>
	<rtept lat="51.373636" lon="-0.269276"><ele>20</ele></rtept>
	<rtept lat="51.372733" lon="-0.271942"><ele>20</ele></rtept>
	<rtept lat="51.372416" lon="-0.272485"><ele>19</ele></rtept>
	<rtept lat="51.372197" lon="-0.271188"><ele>21</ele></rtept>
	<rtept lat="51.371966" lon="-0.270998"><ele>21</ele></rtept>
	<rtept lat="51.371898" lon="-0.271072"><ele>21</ele></rtept>
	<rtept lat="51.372186" lon="-0.272379"><ele>19</ele></rtept>
	<rtept lat="51.371628" lon="-0.273317"><ele>20</ele></rtept>
	<rtept lat="51.371043" lon="-0.273852"><ele>21</ele></rtept>
	<rtept lat="51.370327" lon="-0.273877"><ele>21</ele></rtept>
	<rtept lat="51.369928" lon="-0.273675"><ele>21</ele></rtept>
	<rtept lat="51.369538" lon="-0.273202"><ele>22</ele></rtept>
	<rtept lat="51.368988" lon="-0.273140"><ele>22</ele></rtept>
	<rtept lat="51.368297" lon="-0.271932"><ele>22</ele></rtept>
	<rtept lat="51.367568" lon="-0.271479"><ele>23</ele></rtept>
	<rtept lat="51.365933" lon="-0.271262"><ele>23</ele></rtept>
	<rtept lat="51.364526" lon="-0.270715"><ele>24</ele></rtept>
	<rtept lat="51.363667" lon="-0.270076"><ele>24</ele></rtept>
	<rtept lat="51.363247" lon="-0.270146"><ele>24</ele></rtept>
	<rtept lat="51.362923" lon="-0.270032"><ele>24</ele></rtept>
	<rtept lat="51.361468" lon="-0.268872"><ele>25</ele></rtept>
	<rtept lat="51.360397" lon="-0.267273"><ele>26</ele></rtept>
	<rtept lat="51.360407" lon="-0.265271"><ele>27</ele></rtept>
	<rtept lat="51.360237" lon="-0.265112"><ele>27</ele></rtept>
	<rtept lat="51.360078" lon="-0.265434"><ele>27</ele></rtept>
	<rtept lat="51.359128" lon="-0.264503"><ele>27</ele></rtept>
	<rtept lat="51.358833" lon="-0.263572"><ele>27</ele></rtept>
	<rtept lat="51.358998" lon="-0.263452"><ele>27</ele></rtept>
	<rtept lat="51.358856" lon="-0.262849"><ele>27</ele></rtept>
	<rtept lat="51.357748" lon="-0.260773"><ele>28</ele></rtept>
	<rtept lat="51.357236" lon="-0.258529"><ele>28</ele></rtept>
	<rtept lat="51.356058" lon="-0.257272"><ele>29</ele></rtept>
	<rtept lat="51.355948" lon="-0.254936"><ele>29</ele></rtept>
	<rtept lat="51.355646" lon="-0.254409"><ele>29</ele></rtept>
	<rtept lat="51.355366" lon="-0.254348"><ele>29</ele></rtept>
	<rtept lat="51.354603" lon="-0.252942"><ele>29</ele></rtept>
	<rtept lat="51.354258" lon="-0.251787"><ele>29</ele></rtept>
	<rtept lat="51.354068" lon="-0.251527"><ele>29</ele></rtept>
	<rtept lat="51.353228" lon="-0.251227"><ele>30</ele></rtept>
	<rtept lat="51.352754" lon="-0.251366"><ele>31</ele></rtept>
	<rtept lat="51.352738" lon="-0.251117"><ele>31</ele></rtept>
	<rtept lat="51.351546" lon="-0.251065"><ele>32</ele></rtept>
	<rtept lat="51.351637" lon="-0.251706"><ele>32</ele></rtept>
	<rtept lat="51.350437" lon="-0.250855"><ele>35</ele></rtept>
	<rtept lat="51.350357" lon="-0.250033"><ele>36</ele></rtept>
	<rtept lat="51.349577" lon="-0.249358"><ele>38</ele></rtept>
	<rtept lat="51.350947" lon="-0.247261"><ele>38</ele></rtept>
	<rtept lat="51.352376" lon="-0.243167"><ele>50</ele></rtept>
	<rtept lat="51.351847" lon="-0.242606"><ele>51</ele></rtept>
	<rtept lat="51.351758" lon="-0.242185"><ele>51</ele></rtept>
	<rtept lat="51.352396" lon="-0.240626"><ele>50</ele></rtept>
	<rtept lat="51.355194" lon="-0.230146"><ele>49</ele></rtept>
	<rtept lat="51.354457" lon="-0.229739"><ele>49</ele></rtept>
	<rtept lat="51.352938" lon="-0.229492"><ele>49</ele></rtept>
	<rtept lat="51.352097" lon="-0.228721"><ele>50</ele></rtept>
	<rtept lat="51.351284" lon="-0.228316"><ele>49</ele></rtept>
	<rtept lat="51.348288" lon="-0.224545"><ele>62</ele></rtept>
	<rtept lat="51.346297" lon="-0.226695"><ele>57</ele></rtept>
	<rtept lat="51.346193" lon="-0.226592"><ele>58</ele></rtept>
	<rtept lat="51.346036" lon="-0.226367"><ele>59</ele></rtept>
	<rtept lat="51.345727" lon="-0.220909"><ele>68</ele></rtept>
	<rtept lat="51.345838" lon="-0.219610"><ele>70</ele></rtept>
	<rtept lat="51.346478" lon="-0.217089"><ele>72</ele></rtept>
	<rtept lat="51.344848" lon="-0.216682"><ele>75</ele></rtept>
	<rtept lat="51.343357" lon="-0.216123"><ele>79</ele></rtept>
	<rtept lat="51.343987" lon="-0.214091"><ele>79</ele></rtept>
	<rtept lat="51.340747" lon="-0.212452"><ele>89</ele></rtept>
	<rtept lat="51.339228" lon="-0.211454"><ele>93</ele></rtept>
	<rtept lat="51.336053" lon="-0.211242"><ele>103</ele></rtept>
	<rtept lat="51.331565" lon="-0.209370"><ele>122</ele></rtept>
	<rtept lat="51.329904" lon="-0.208938"><ele>129</ele></rtept>
	<rtept lat="51.329755" lon="-0.208990"><ele>129</ele></rtept>
	<rtept lat="51.329745" lon="-0.208383"><ele>129</ele></rtept>
	<rtept lat="51.330293" lon="-0.207512"><ele>126</ele></rtept>
	<rtept lat="51.332298" lon="-0.202193"><ele>115</ele></rtept>
	<rtept lat="51.332916" lon="-0.201215"><ele>111</ele></rtept>
	<rtept lat="51.332808" lon="-0.198894"><ele>121</ele></rtept>
	<rtept lat="51.333308" lon="-0.195465"><ele>129</ele></rtept>
	<rtept lat="51.335038" lon="-0.177092"><ele>109</ele></rtept>
	<rtept lat="51.333866" lon="-0.174928"><ele>106</ele></rtept>
	<rtept lat="51.334016" lon="-0.174745"><ele>105</ele></rtept>
	<rtept lat="51.334648" lon="-0.174829"><ele>103</ele></rtept>
	<rtept lat="51.334753" lon="-0.174712"><ele>102</ele></rtept>
	<rtept lat="51.334778" lon="-0.173117"><ele>110</ele></rtept>
	<rtept lat="51.335426" lon="-0.172315"><ele>111</ele></rtept>
	<rtept lat="51.335247" lon="-0.170846"><ele>112</ele></rtept>
	<rtept lat="51.335367" lon="-0.170485"><ele>112</ele></rtept>
	<rtept lat="51.335066" lon="-0.169529"><ele>111</ele></rtept>
	<rtept lat="51.334678" lon="-0.169532"><ele>112</ele></rtept>
	<rtept lat="51.334678" lon="-0.170683"><ele>113</ele></rtept>
	<rtept lat="51.332223" lon="-0.170972"><ele>120</ele></rtept>
	<rtept lat="51.330736" lon="-0.170647"><ele>127</ele></rtept>
	<rtept lat="51.330327" lon="-0.169866"><ele>130</ele></rtept>
	<rtept lat="51.331748" lon="-0.169105"><ele>121</ele></rtept>
	<rtept lat="51.331886" lon="-0.168336"><ele>119</ele></rtept>
	<rtept lat="51.333153" lon="-0.166122"><ele>116</ele></rtept>
	<rtept lat="51.334026" lon="-0.164955"><ele>113</ele></rtept>
	<rtept lat="51.333197" lon="-0.161778"><ele>119</ele></rtept>
	<rtept lat="51.332076" lon="-0.160348"><ele>125</ele></rtept>
	<rtept lat="51.330878" lon="-0.158182"><ele>122</ele></rtept>
	<rtept lat="51.329636" lon="-0.156769"><ele>121</ele></rtept>
	<rtept lat="51.327888" lon="-0.155087"><ele>133</ele></rtept>
	<rtept lat="51.327603" lon="-0.154972"><ele>135</ele></rtept>
	<rtept lat="51.326577" lon="-0.153367"><ele>139</ele></rtept>
	<rtept lat="51.325608" lon="-0.152795"><ele>141</ele></rtept>
	<rtept lat="51.324758" lon="-0.152532"><ele>141</ele></rtept>
	<rtept lat="51.324478" lon="-0.152260"><ele>141</ele></rtept>
	<rtept lat="51.323087" lon="-0.149812"><ele>130</ele></rtept>
	<rtept lat="51.321968" lon="-0.147389"><ele>118</ele></rtept>
	<rtept lat="51.320983" lon="-0.144272"><ele>99</ele></rtept>
	<rtept lat="51.321216" lon="-0.143385"><ele>96</ele></rtept>
	<rtept lat="51.320597" lon="-0.142806"><ele>90</ele></rtept>
	<rtept lat="51.320587" lon="-0.142256"><ele>89</ele></rtept>
	<rtept lat="51.320383" lon="-0.142142"><ele>87</ele></rtept>
	<rtept lat="51.320428" lon="-0.141692"><ele>84</ele></rtept>
	<rtept lat="51.320047" lon="-0.140793"><ele>79</ele></rtept>
	<rtept lat="51.318437" lon="-0.139031"><ele>80</ele></rtept>
	<rtept lat="51.317767" lon="-0.138842"><ele>81</ele></rtept>
	<rtept lat="51.317118" lon="-0.138894"><ele>85</ele></rtept>
	<rtept lat="51.316598" lon="-0.138253"><ele>89</ele></rtept>
	<rtept lat="51.316023" lon="-0.138322"><ele>90</ele></rtept>
	<rtept lat="51.315958" lon="-0.138012"><ele>89</ele></rtept>
	<rtept lat="51.315686" lon="-0.138179"><ele>89</ele></rtept>
	<rtept lat="51.315648" lon="-0.138023"><ele>89</ele></rtept>
	<rtept lat="51.315526" lon="-0.138159"><ele>88</ele></rtept>
	<rtept lat="51.315568" lon="-0.137812"><ele>88</ele></rtept>
	<rtept lat="51.315258" lon="-0.137726"><ele>88</ele></rtept>
	<rtept lat="51.315056" lon="-0.137459"><ele>89</ele></rtept>
	<rtept lat="51.315596" lon="-0.135988"><ele>90</ele></rtept>
	<rtept lat="51.315343" lon="-0.135822"><ele>90</ele></rtept>
	<rtept lat="51.310638" lon="-0.136527"><ele>124</ele></rtept>
	<rtept lat="51.307288" lon="-0.136427"><ele>142</ele></rtept>
	<rtept lat="51.304888" lon="-0.135817"><ele>143</ele></rtept>
	<rtept lat="51.302414" lon="-0.135416"><ele>144</ele></rtept>
	<rtept lat="51.298618" lon="-0.134377"><ele>145</ele></rtept>
	<rtept lat="51.298756" lon="-0.133585"><ele>141</ele></rtept>
	<rtept lat="51.296867" lon="-0.130626"><ele>138</ele></rtept>
	<rtept lat="51.295947" lon="-0.127375"><ele>127</ele></rtept>
	<rtept lat="51.294397" lon="-0.125603"><ele>136</ele></rtept>
	<rtept lat="51.294767" lon="-0.121768"><ele>140</ele></rtept>
	<rtept lat="51.294447" lon="-0.121321"><ele>142</ele></rtept>
	<rtept lat="51.293756" lon="-0.118997"><ele>154</ele></rtept>
	<rtept lat="51.293827" lon="-0.118256"><ele>161</ele></rtept>
	<rtept lat="51.295538" lon="-0.112145"><ele>169</ele></rtept>
	<rtept lat="51.295586" lon="-0.110326"><ele>173</ele></rtept>
	<rtept lat="51.296254" lon="-0.108866"><ele>174</ele></rtept>
	<rtept lat="51.297437" lon="-0.107009"><ele>172</ele></rtept>
	<rtept lat="51.298618" lon="-0.106132"><ele>167</ele></rtept>
	<rtept lat="51.299837" lon="-0.105881"><ele>159</ele></rtept>
	<rtept lat="51.300954" lon="-0.105316"><ele>150</ele></rtept>
	<rtept lat="51.301358" lon="-0.104405"><ele>145</ele></rtept>
	<rtept lat="51.302067" lon="-0.103885"><ele>139</ele></rtept>
	<rtept lat="51.302833" lon="-0.104052"><ele>150</ele></rtept>
	<rtept lat="51.303496" lon="-0.103597"><ele>162</ele></rtept>
	<rtept lat="51.303817" lon="-0.103849"><ele>162</ele></rtept>
	<rtept lat="51.304778" lon="-0.103890"><ele>163</ele></rtept>
	<rtept lat="51.305898" lon="-0.103409"><ele>164</ele></rtept>
	<rtept lat="51.307368" lon="-0.103962"><ele>160</ele></rtept>
	<rtept lat="51.307777" lon="-0.102593"><ele>162</ele></rtept>
	<rtept lat="51.309147" lon="-0.103081"><ele>163</ele></rtept>
	<rtept lat="51.309297" lon="-0.103272"><ele>163</ele></rtept>
	<rtept lat="51.309128" lon="-0.102584"><ele>164</ele></rtept>
	<rtept lat="51.308833" lon="-0.102252"><ele>164</ele></rtept>
	<rtept lat="51.309135" lon="-0.100860"><ele>163</ele></rtept>
	<rtept lat="51.308264" lon="-0.100088"><ele>164</ele></rtept>
	<rtept lat="51.309585" lon="-0.096190"><ele>164</ele></rtept>
	<rtept lat="51.310515" lon="-0.095273"><ele>164</ele></rtept>
	<rtept lat="51.312023" lon="-0.094232"><ele>163</ele></rtept>
	<rtept lat="51.313058" lon="-0.092803"><ele>160</ele></rtept>
	<rtept lat="51.313956" lon="-0.089085"><ele>142</ele></rtept>
	<rtept lat="51.316048" lon="-0.084864"><ele>88</ele></rtept>
	<rtept lat="51.316448" lon="-0.083675"><ele>89</ele></rtept>
	<rtept lat="51.316718" lon="-0.083752"><ele>91</ele></rtept>
	<rtept lat="51.316756" lon="-0.083598"><ele>93</ele></rtept>
	<rtept lat="51.317796" lon="-0.083975"><ele>107</ele></rtept>
	<rtept lat="51.319148" lon="-0.085569"><ele>110</ele></rtept>
	<rtept lat="51.320653" lon="-0.086732"><ele>122</ele></rtept>
	<rtept lat="51.322088" lon="-0.086797"><ele>138</ele></rtept>
	<rtept lat="51.322796" lon="-0.084645"><ele>153</ele></rtept>
	<rtept lat="51.319497" lon="-0.079006"><ele>161</ele></rtept>
	<rtept lat="51.319127" lon="-0.077275"><ele>162</ele></rtept>
	<rtept lat="51.318656" lon="-0.063969"><ele>170</ele></rtept>
	<rtept lat="51.319278" lon="-0.061892"><ele>170</ele></rtept>
	<rtept lat="51.320008" lon="-0.060853"><ele>169</ele></rtept>
	<rtept lat="51.320403" lon="-0.058422"><ele>171</ele></rtept>
	<rtept lat="51.321406" lon="-0.057067"><ele>170</ele></rtept>
	<rtept lat="51.321727" lon="-0.056186"><ele>170</ele></rtept>
	<rtept lat="51.322608" lon="-0.055835"><ele>167</ele></rtept>
	<rtept lat="51.323726" lon="-0.055836"><ele>166</ele></rtept>
	<rtept lat="51.324223" lon="-0.055522"><ele>164</ele></rtept>
	<rtept lat="51.325316" lon="-0.051515"><ele>155</ele></rtept>
	<rtept lat="51.326117" lon="-0.050998"><ele>148</ele></rtept>
	<rtept lat="51.326256" lon="-0.049908"><ele>138</ele></rtept>
	<rtept lat="51.325958" lon="-0.049232"><ele>136</ele></rtept>
	<rtept lat="51.325926" lon="-0.048679"><ele>137</ele></rtept>
	<rtept lat="51.326558" lon="-0.046577"><ele>162</ele></rtept>
	<rtept lat="51.326743" lon="-0.043852"><ele>166</ele></rtept>
	<rtept lat="51.326557" lon="-0.043597"><ele>166</ele></rtept>
	<rtept lat="51.327138" lon="-0.043885"><ele>165</ele></rtept>
	<rtept lat="51.328088" lon="-0.043742"><ele>164</ele></rtept>
	<rtept lat="51.329298" lon="-0.044310"><ele>163</ele></rtept>
	<rtept lat="51.331557" lon="-0.043992"><ele>158</ele></rtept>
	<rtept lat="51.331918" lon="-0.042889"><ele>157</ele></rtept>
	<rtept lat="51.332273" lon="-0.042452"><ele>156</ele></rtept>
	<rtept lat="51.337446" lon="-0.039455"><ele>134</ele></rtept>
	<rtept lat="51.338677" lon="-0.037926"><ele>122</ele></rtept>
	<rtept lat="51.339237" lon="-0.039446"><ele>130</ele></rtept>
	<rtept lat="51.339793" lon="-0.040082"><ele>134</ele></rtept>
	<rtept lat="51.340408" lon="-0.040442"><ele>135</ele></rtept>
	<rtept lat="51.340797" lon="-0.041193"><ele>138</ele></rtept>
	<rtept lat="51.342367" lon="-0.042541"><ele>132</ele></rtept>
	<rtept lat="51.343147" lon="-0.043492"><ele>116</ele></rtept>
	<rtept lat="51.343628" lon="-0.043604"><ele>108</ele></rtept>
	<rtept lat="51.343928" lon="-0.044233"><ele>101</ele></rtept>
	<rtept lat="51.344173" lon="-0.045712"><ele>102</ele></rtept>
	<rtept lat="51.344788" lon="-0.046612"><ele>114</ele></rtept>
	<rtept lat="51.345856" lon="-0.048959"><ele>113</ele></rtept>
	<rtept lat="51.346628" lon="-0.050003"><ele>114</ele></rtept>
	<rtept lat="51.347266" lon="-0.051669"><ele>120</ele></rtept>
	<rtept lat="51.347958" lon="-0.052802"><ele>127</ele></rtept>
	<rtept lat="51.348628" lon="-0.056016"><ele>141</ele></rtept>
	<rtept lat="51.349356" lon="-0.056609"><ele>149</ele></rtept>
	<rtept lat="51.349186" lon="-0.057588"><ele>150</ele></rtept>
	<rtept lat="51.349523" lon="-0.059942"><ele>135</ele></rtept>
	<rtept lat="51.349788" lon="-0.059877"><ele>133</ele></rtept>
	<rtept lat="51.350468" lon="-0.058997"><ele>131</ele></rtept>
	<rtept lat="51.351088" lon="-0.057517"><ele>131</ele></rtept>
	<rtept lat="51.351324" lon="-0.057386"><ele>132</ele></rtept>
	<rtept lat="51.351628" lon="-0.057587"><ele>131</ele></rtept>
	<rtept lat="51.352026" lon="-0.057585"><ele>133</ele></rtept>
	<rtept lat="51.352267" lon="-0.057286"><ele>135</ele></rtept>
	<rtept lat="51.352577" lon="-0.057355"><ele>138</ele></rtept>
	<rtept lat="51.353167" lon="-0.057973"><ele>140</ele></rtept>
	<rtept lat="51.353437" lon="-0.057958"><ele>140</ele></rtept>
	<rtept lat="51.353937" lon="-0.058181"><ele>138</ele></rtept>
	<rtept lat="51.354616" lon="-0.059067"><ele>133</ele></rtept>
	<rtept lat="51.355047" lon="-0.059156"><ele>133</ele></rtept>
	<rtept lat="51.355298" lon="-0.059375"><ele>133</ele></rtept>
	<rtept lat="51.356306" lon="-0.059256"><ele>136</ele></rtept>
	<rtept lat="51.357534" lon="-0.058816"><ele>142</ele></rtept>
	<rtept lat="51.357057" lon="-0.056729"><ele>131</ele></rtept>
	<rtept lat="51.357388" lon="-0.056792"><ele>136</ele></rtept>
	<rtept lat="51.358447" lon="-0.056671"><ele>144</ele></rtept>
	<rtept lat="51.358644" lon="-0.056726"><ele>144</ele></rtept>
	<rtept lat="51.358568" lon="-0.056935"><ele>144</ele></rtept>
	<rtept lat="51.358727" lon="-0.057025"><ele>144</ele></rtept>
	<rtept lat="51.358863" lon="-0.056202"><ele>144</ele></rtept>
	<rtept lat="51.359306" lon="-0.057157"><ele>144</ele></rtept>
	<rtept lat="51.359687" lon="-0.059719"><ele>142</ele></rtept>
	<rtept lat="51.359928" lon="-0.059850"><ele>142</ele></rtept>
	<rtept lat="51.360358" lon="-0.059719"><ele>142</ele></rtept>
	<rtept lat="51.360628" lon="-0.058792"><ele>142</ele></rtept>
	<rtept lat="51.361637" lon="-0.058253"><ele>142</ele></rtept>
	<rtept lat="51.362017" lon="-0.057681"><ele>142</ele></rtept>
	<rtept lat="51.362387" lon="-0.058482"><ele>139</ele></rtept>
	<rtept lat="51.363088" lon="-0.059284"><ele>131</ele></rtept>
	<rtept lat="51.363813" lon="-0.058822"><ele>123</ele></rtept>
	<rtept lat="51.364275" lon="-0.058850"><ele>116</ele></rtept>
	<rtept lat="51.364714" lon="-0.058308"><ele>111</ele></rtept>
	<rtept lat="51.365265" lon="-0.058140"><ele>106</ele></rtept>
	<rtept lat="51.365615" lon="-0.057513"><ele>106</ele></rtept>
	<rtept lat="51.366313" lon="-0.055222"><ele>100</ele></rtept>
	<rtept lat="51.366308" lon="-0.054773"><ele>100</ele></rtept>
	<rtept lat="51.367086" lon="-0.053185"><ele>105</ele></rtept>
	<rtept lat="51.367138" lon="-0.052934"><ele>105</ele></rtept>
	<rtept lat="51.366888" lon="-0.052865"><ele>107</ele></rtept>
	<rtept lat="51.367618" lon="-0.049412"><ele>101</ele></rtept>
	<rtept lat="51.368576" lon="-0.047698"><ele>94</ele></rtept>
	<rtept lat="51.370166" lon="-0.048325"><ele>90</ele></rtept>
	<rtept lat="51.370318" lon="-0.048059"><ele>89</ele></rtept>
	<rtept lat="51.369453" lon="-0.044442"><ele>90</ele></rtept>
	<rtept lat="51.366988" lon="-0.040117"><ele>107</ele></rtept>
	<rtept lat="51.366206" lon="-0.039275"><ele>111</ele></rtept>
	<rtept lat="51.365497" lon="-0.038186"><ele>113</ele></rtept>
	<rtept lat="51.365427" lon="-0.036975"><ele>112</ele></rtept>
	<rtept lat="51.365756" lon="-0.036019"><ele>108</ele></rtept>
	<rtept lat="51.365838" lon="-0.034762"><ele>107</ele></rtept>
	<rtept lat="51.366588" lon="-0.032263"><ele>100</ele></rtept>
	<rtept lat="51.366453" lon="-0.031992"><ele>100</ele></rtept>
	<rtept lat="51.365726" lon="-0.032057"><ele>103</ele></rtept>
	<rtept lat="51.364967" lon="-0.031496"><ele>106</ele></rtept>
	<rtept lat="51.364008" lon="-0.028845"><ele>111</ele></rtept>
	<rtept lat="51.363996" lon="-0.028066"><ele>110</ele></rtept>
	<rtept lat="51.364633" lon="-0.025442"><ele>102</ele></rtept>
	<rtept lat="51.364386" lon="-0.024705"><ele>101</ele></rtept>
	<rtept lat="51.364387" lon="-0.023818"><ele>98</ele></rtept>
	<rtept lat="51.364756" lon="-0.021708"><ele>92</ele></rtept>
	<rtept lat="51.365548" lon="-0.020272"><ele>90</ele></rtept>
	<rtept lat="51.366976" lon="-0.016439"><ele>85</ele></rtept>
	<rtept lat="51.368958" lon="-0.012667"><ele>88</ele></rtept>
	<rtept lat="51.368913" lon="-0.012022"><ele>82</ele></rtept>
	<rtept lat="51.368087" lon="-0.011507"><ele>71</ele></rtept>
	<rtept lat="51.368028" lon="-0.007435"><ele>66</ele></rtept>
	<rtept lat="51.368428" lon="-0.006032"><ele>67</ele></rtept>
	<rtept lat="51.368268" lon="-0.006090"><ele>67</ele></rtept>
	<rtept lat="51.368117" lon="-0.005882"><ele>68</ele></rtept>
	<rtept lat="51.365688" lon="-0.005969"><ele>87</ele></rtept>
	<rtept lat="51.365723" lon="-0.005402"><ele>86</ele></rtept>
	<rtept lat="51.365976" lon="-0.004315"><ele>84</ele></rtept>
	<rtept lat="51.366237" lon="-0.004466"><ele>83</ele></rtept>
	<rtept lat="51.366357" lon="-0.003366"><ele>81</ele></rtept>
	<rtept lat="51.369383" lon="0.002452"><ele>67</ele></rtept>
	<rtept lat="51.370038" lon="0.004242"><ele>70</ele></rtept>
	<rtept lat="51.370397" lon="0.004043"><ele>69</ele></rtept>
	<rtept lat="51.370377" lon="0.004701"><ele>72</ele></rtept>
	<rtept lat="51.369467" lon="0.006312"><ele>88</ele></rtept>
	<rtept lat="51.368878" lon="0.006684"><ele>88</ele></rtept>
	<rtept lat="51.368538" lon="0.007673"><ele>91</ele></rtept>
	<rtept lat="51.368513" lon="0.011402"><ele>94</ele></rtept>
	<rtept lat="51.368318" lon="0.013132"><ele>94</ele></rtept>
	<rtept lat="51.366696" lon="0.017049"><ele>102</ele></rtept>
	<rtept lat="51.365698" lon="0.021553"><ele>106</ele></rtept>
	<rtept lat="51.364686" lon="0.023289"><ele>110</ele></rtept>
	<rtept lat="51.363788" lon="0.023942"><ele>111</ele></rtept>
	<rtept lat="51.363028" lon="0.025386"><ele>120</ele></rtept>
	<rtept lat="51.362776" lon="0.027149"><ele>120</ele></rtept>
	<rtept lat="51.362126" lon="0.027518"><ele>124</ele></rtept>
	<rtept lat="51.361773" lon="0.027882"><ele>123</ele></rtept>
	<rtept lat="51.361918" lon="0.028427"><ele>121</ele></rtept>
	<rtept lat="51.361648" lon="0.032917"><ele>114</ele></rtept>
	<rtept lat="51.360778" lon="0.035137"><ele>114</ele></rtept>
	<rtept lat="51.359734" lon="0.036026"><ele>120</ele></rtept>
	<rtept lat="51.359248" lon="0.036057"><ele>124</ele></rtept>
	<rtept lat="51.358446" lon="0.036455"><ele>127</ele></rtept>
	<rtept lat="51.358567" lon="0.037356"><ele>129</ele></rtept>
	<rtept lat="51.357867" lon="0.037445"><ele>129</ele></rtept>
	<rtept lat="51.356817" lon="0.036503"><ele>137</ele></rtept>
	<rtept lat="51.355187" lon="0.034108"><ele>149</ele></rtept>
	<rtept lat="51.355017" lon="0.034011"><ele>149</ele></rtept>
	<rtept lat="51.354506" lon="0.034237"><ele>152</ele></rtept>
	<rtept lat="51.352187" lon="0.035946"><ele>161</ele></rtept>
	<rtept lat="51.351518" lon="0.036925"><ele>161</ele></rtept>
	<rtept lat="51.350666" lon="0.037496"><ele>159</ele></rtept>
	<rtept lat="51.350474" lon="0.038166"><ele>157</ele></rtept>
	<rtept lat="51.347867" lon="0.042429"><ele>123</ele></rtept>
	<rtept lat="51.348348" lon="0.043172"><ele>118</ele></rtept>
	<rtept lat="51.348747" lon="0.044571"><ele>112</ele></rtept>
	<rtept lat="51.348354" lon="0.045166"><ele>110</ele></rtept>
	<rtept lat="51.348638" lon="0.046115"><ele>108</ele></rtept>
	<rtept lat="51.349437" lon="0.047265"><ele>107</ele></rtept>
	<rtept lat="51.348313" lon="0.048502"><ele>119</ele></rtept>
	<rtept lat="51.348646" lon="0.049407"><ele>120</ele></rtept>
	<rtept lat="51.347767" lon="0.050839"><ele>127</ele></rtept>
	<rtept lat="51.348418" lon="0.051870"><ele>122</ele></rtept>
	<rtept lat="51.348578" lon="0.052499"><ele>120</ele></rtept>
	<rtept lat="51.348028" lon="0.055772"><ele>121</ele></rtept>
	<rtept lat="51.348487" lon="0.058383"><ele>118</ele></rtept>
	<rtept lat="51.349127" lon="0.059711"><ele>112</ele></rtept>
	<rtept lat="51.348857" lon="0.062912"><ele>98</ele></rtept>
	<rtept lat="51.349488" lon="0.063984"><ele>97</ele></rtept>
	<rtept lat="51.349163" lon="0.064602"><ele>99</ele></rtept>
	<rtept lat="51.347945" lon="0.070700"><ele>99</ele></rtept>
	<rtept lat="51.348514" lon="0.071188"><ele>98</ele></rtept>
	<rtept lat="51.348975" lon="0.072080"><ele>95</ele></rtept>
	<rtept lat="51.349445" lon="0.072213"><ele>91</ele></rtept>
	<rtept lat="51.349683" lon="0.072532"><ele>92</ele></rtept>
	<rtept lat="51.350548" lon="0.074553"><ele>94</ele></rtept>
	<rtept lat="51.350876" lon="0.074605"><ele>92</ele></rtept>
	<rtept lat="51.351128" lon="0.075054"><ele>92</ele></rtept>
	<rtept lat="51.351498" lon="0.074655"><ele>89</ele></rtept>
	<rtept lat="51.351998" lon="0.075012"><ele>85</ele></rtept>
	<rtept lat="51.353346" lon="0.074288"><ele>81</ele></rtept>
	<rtept lat="51.355176" lon="0.073655"><ele>90</ele></rtept>
	<rtept lat="51.355918" lon="0.073019"><ele>94</ele></rtept>
	<rtept lat="51.356763" lon="0.072702"><ele>98</ele></rtept>
	<rtept lat="51.357758" lon="0.071987"><ele>102</ele></rtept>
	<rtept lat="51.357886" lon="0.071945"><ele>103</ele></rtept>
	<rtept lat="51.358227" lon="0.072376"><ele>103</ele></rtept>
	<rtept lat="51.359397" lon="0.071315"><ele>104</ele></rtept>
	<rtept lat="51.359566" lon="0.071879"><ele>104</ele></rtept>
	<rtept lat="51.359748" lon="0.071822"><ele>104</ele></rtept>
	<rtept lat="51.362048" lon="0.075583"><ele>98</ele></rtept>
	<rtept lat="51.362863" lon="0.076622"><ele>98</ele></rtept>
	<rtept lat="51.364816" lon="0.075657"><ele>103</ele></rtept>
	<rtept lat="51.364927" lon="0.075346"><ele>104</ele></rtept>
	<rtept lat="51.365528" lon="0.075345"><ele>104</ele></rtept>
	<rtept lat="51.366366" lon="0.072796"><ele>106</ele></rtept>
	<rtept lat="51.368063" lon="0.072622"><ele>100</ele></rtept>
	<rtept lat="51.369256" lon="0.073075"><ele>100</ele></rtept>
	<rtept lat="51.369877" lon="0.072418"><ele>100</ele></rtept>
	<rtept lat="51.370556" lon="0.071978"><ele>100</ele></rtept>
	<rtept lat="51.370748" lon="0.072002"><ele>100</ele></rtept>
	<rtept lat="51.371426" lon="0.070979"><ele>98</ele></rtept>
	<rtept lat="51.371678" lon="0.070857"><ele>98</ele></rtept>
	<rtept lat="51.372513" lon="0.069842"><ele>92</ele></rtept>
	<rtept lat="51.373397" lon="0.069347"><ele>90</ele></rtept>
	<rtept lat="51.373378" lon="0.068845"><ele>90</ele></rtept>
	<rtept lat="51.373978" lon="0.069432"><ele>89</ele></rtept>
	<rtept lat="51.374228" lon="0.069400"><ele>89</ele></rtept>
	<rtept lat="51.375507" lon="0.070372"><ele>89</ele></rtept>
	<rtept lat="51.375678" lon="0.070709"><ele>89</ele></rtept>
	<rtept lat="51.375863" lon="0.070362"><ele>89</ele></rtept>
	<rtept lat="51.376556" lon="0.070105"><ele>89</ele></rtept>
	<rtept lat="51.376907" lon="0.069726"><ele>88</ele></rtept>
	<rtept lat="51.377397" lon="0.068716"><ele>88</ele></rtept>
	<rtept lat="51.377713" lon="0.067592"><ele>88</ele></rtept>
	<rtept lat="51.378968" lon="0.065702"><ele>85</ele></rtept>
	<rtept lat="51.380927" lon="0.060003"><ele>80</ele></rtept>
	<rtept lat="51.381147" lon="0.057731"><ele>74</ele></rtept>
	<rtept lat="51.381917" lon="0.058262"><ele>74</ele></rtept>
	<rtept lat="51.384188" lon="0.060864"><ele>76</ele></rtept>
	<rtept lat="51.384258" lon="0.061193"><ele>77</ele></rtept>
	<rtept lat="51.384393" lon="0.061092"><ele>76</ele></rtept>
	<rtept lat="51.385988" lon="0.062252"><ele>77</ele></rtept>
	<rtept lat="51.386826" lon="0.063219"><ele>78</ele></rtept>
	<rtept lat="51.388598" lon="0.064333"><ele>78</ele></rtept>
	<rtept lat="51.389296" lon="0.064539"><ele>78</ele></rtept>
	<rtept lat="51.391198" lon="0.064102"><ele>79</ele></rtept>
	<rtept lat="51.392268" lon="0.066046"><ele>83</ele></rtept>
	<rtept lat="51.393476" lon="0.070059"><ele>77</ele></rtept>
	<rtept lat="51.394776" lon="0.069968"><ele>75</ele></rtept>
	<rtept lat="51.396763" lon="0.071992"><ele>70</ele></rtept>
	<rtept lat="51.397368" lon="0.072237"><ele>69</ele></rtept>
	<rtept lat="51.397618" lon="0.072497"><ele>67</ele></rtept>
	<rtept lat="51.397728" lon="0.072267"><ele>67</ele></rtept>
	<rtept lat="51.397434" lon="0.073496"><ele>66</ele></rtept>
	<rtept lat="51.397028" lon="0.074107"><ele>66</ele></rtept>
	<rtept lat="51.397026" lon="0.075155"><ele>67</ele></rtept>
	<rtept lat="51.396507" lon="0.076306"><ele>68</ele></rtept>
	<rtept lat="51.395977" lon="0.079055"><ele>71</ele></rtept>
	<rtept lat="51.395777" lon="0.079213"><ele>71</ele></rtept>
	<rtept lat="51.395957" lon="0.079658"><ele>72</ele></rtept>
	<rtept lat="51.396627" lon="0.080331"><ele>75</ele></rtept>
	<rtept lat="51.396846" lon="0.080357"><ele>76</ele></rtept>
	<rtept lat="51.397687" lon="0.080946"><ele>80</ele></rtept>
	<rtept lat="51.398838" lon="0.080875"><ele>83</ele></rtept>
	<rtept lat="51.400586" lon="0.081086"><ele>88</ele></rtept>
	<rtept lat="51.403304" lon="0.081806"><ele>96</ele></rtept>
	<rtept lat="51.403557" lon="0.082039"><ele>97</ele></rtept>
	<rtept lat="51.404318" lon="0.082302"><ele>99</ele></rtept>
	<rtept lat="51.405907" lon="0.082411"><ele>100</ele></rtept>
	<rtept lat="51.406924" lon="0.082326"><ele>100</ele></rtept>
	<rtept lat="51.407148" lon="0.082465"><ele>100</ele></rtept>
	<rtept lat="51.407547" lon="0.085575"><ele>96</ele></rtept>
	<rtept lat="51.407093" lon="0.085772"><ele>96</ele></rtept>
	<rtept lat="51.406456" lon="0.086327"><ele>95</ele></rtept>
	<rtept lat="51.406377" lon="0.086919"><ele>93</ele></rtept>
	<rtept lat="51.406678" lon="0.088260"><ele>91</ele></rtept>
	<rtept lat="51.407538" lon="0.089439"><ele>89</ele></rtept>
	<rtept lat="51.407808" lon="0.091282"><ele>86</ele></rtept>
	<rtept lat="51.409587" lon="0.094843"><ele>81</ele></rtept>
	<rtept lat="51.409637" lon="0.095741"><ele>77</ele></rtept>
	<rtept lat="51.409947" lon="0.096502"><ele>75</ele></rtept>
	<rtept lat="51.410138" lon="0.096774"><ele>75</ele></rtept>
	<rtept lat="51.410283" lon="0.096602"><ele>78</ele></rtept>
	<rtept lat="51.410595" lon="0.096610"><ele>77</ele></rtept>
	<rtept lat="51.410654" lon="0.097208"><ele>74</ele></rtept>
	<rtept lat="51.410445" lon="0.097210"><ele>73</ele></rtept>
	<rtept lat="51.410335" lon="0.097833"><ele>71</ele></rtept>
	<rtept lat="51.410703" lon="0.099592"><ele>70</ele></rtept>
	<rtept lat="51.411488" lon="0.098823"><ele>70</ele></rtept>
	<rtept lat="51.411716" lon="0.098965"><ele>70</ele></rtept>
	<rtept lat="51.411818" lon="0.099764"><ele>69</ele></rtept>
	<rtept lat="51.412638" lon="0.101685"><ele>64</ele></rtept>
	<rtept lat="51.414158" lon="0.102222"><ele>59</ele></rtept>
	<rtept lat="51.414596" lon="0.102108"><ele>55</ele></rtept>
	<rtept lat="51.415416" lon="0.101515"><ele>49</ele></rtept>
	<rtept lat="51.415468" lon="0.100909"><ele>49</ele></rtept>
	<rtept lat="51.415953" lon="0.100362"><ele>50</ele></rtept>
	<rtept lat="51.416698" lon="0.100327"><ele>57</ele></rtept>
	<rtept lat="51.417286" lon="0.098485"><ele>60</ele></rtept>
	<rtept lat="51.417727" lon="0.098516"><ele>61</ele></rtept>
	<rtept lat="51.418087" lon="0.098865"><ele>62</ele></rtept>
	<rtept lat="51.418236" lon="0.097839"><ele>62</ele></rtept>
	<rtept lat="51.418578" lon="0.097812"><ele>64</ele></rtept>
	<rtept lat="51.418568" lon="0.098123"><ele>64</ele></rtept>
	<rtept lat="51.418823" lon="0.098472"><ele>65</ele></rtept>
	<rtept lat="51.418986" lon="0.098427"><ele>66</ele></rtept>
	<rtept lat="51.418967" lon="0.098816"><ele>66</ele></rtept>
	<rtept lat="51.419408" lon="0.098815"><ele>67</ele></rtept>
	<rtept lat="51.420426" lon="0.099436"><ele>69</ele></rtept>
	<rtept lat="51.421393" lon="0.099592"><ele>71</ele></rtept>
	<rtept lat="51.421336" lon="0.101205"><ele>66</ele></rtept>
	<rtept lat="51.421717" lon="0.101378"><ele>67</ele></rtept>
	<rtept lat="51.421766" lon="0.101838"><ele>65</ele></rtept>
	<rtept lat="51.421488" lon="0.103742"><ele>60</ele></rtept>
	<rtept lat="51.421666" lon="0.106699"><ele>51</ele></rtept>
	<rtept lat="51.421548" lon="0.107567"><ele>50</ele></rtept>
	<rtept lat="51.421373" lon="0.108102"><ele>49</ele></rtept>
	<rtept lat="51.420977" lon="0.108327"><ele>48</ele></rtept>
	<rtept lat="51.419928" lon="0.110485"><ele>43</ele></rtept>
	<rtept lat="51.417768" lon="0.111632"><ele>38</ele></rtept>
	<rtept lat="51.417948" lon="0.113820"><ele>35</ele></rtept>
	<rtept lat="51.418117" lon="0.114012"><ele>35</ele></rtept>
	<rtept lat="51.417298" lon="0.116469"><ele>32</ele></rtept>
	<rtept lat="51.417793" lon="0.117242"><ele>32</ele></rtept>
	<rtept lat="51.418716" lon="0.118045"><ele>31</ele></rtept>
	<rtept lat="51.420747" lon="0.120966"><ele>28</ele></rtept>
	<rtept lat="51.420887" lon="0.122036"><ele>26</ele></rtept>
	<rtept lat="51.421423" lon="0.123292"><ele>23</ele></rtept>
	<rtept lat="51.421348" lon="0.124072"><ele>22</ele></rtept>
	<rtept lat="51.423517" lon="0.125913"><ele>20</ele></rtept>
	<rtept lat="51.424047" lon="0.127131"><ele>19</ele></rtept>
	<rtept lat="51.424907" lon="0.128182"><ele>19</ele></rtept>
	<rtept lat="51.425648" lon="0.130124"><ele>19</ele></rtept>
	<rtept lat="51.426408" lon="0.131023"><ele>18</ele></rtept>
	<rtept lat="51.426703" lon="0.131832"><ele>18</ele></rtept>
	<rtept lat="51.427648" lon="0.132442"><ele>18</ele></rtept>
	<rtept lat="51.427976" lon="0.132879"><ele>18</ele></rtept>
	<rtept lat="51.428748" lon="0.132813"><ele>18</ele></rtept>
	<rtept lat="51.429426" lon="0.133119"><ele>17</ele></rtept>
	<rtept lat="51.430398" lon="0.134362"><ele>17</ele></rtept>
	<rtept lat="51.431278" lon="0.134096"><ele>17</ele></rtept>
	<rtept lat="51.432186" lon="0.134739"><ele>16</ele></rtept>
	<rtept lat="51.432416" lon="0.135028"><ele>16</ele></rtept>
	<rtept lat="51.432963" lon="0.137802"><ele>16</ele></rtept>
	<rtept lat="51.434498" lon="0.134347"><ele>18</ele></rtept>
	<rtept lat="51.435458" lon="0.136537"><ele>18</ele></rtept>
	<rtept lat="51.436088" lon="0.137237"><ele>18</ele></rtept>
	<rtept lat="51.437634" lon="0.140656"><ele>17</ele></rtept>
	<rtept lat="51.438208" lon="0.143647"><ele>15</ele></rtept>
	<rtept lat="51.438456" lon="0.143885"><ele>15</ele></rtept>
	<rtept lat="51.439567" lon="0.146116"><ele>15</ele></rtept>
	<rtept lat="51.440217" lon="0.148425"><ele>13</ele></rtept>
	<rtept lat="51.440857" lon="0.148813"><ele>14</ele></rtept>
	<rtept lat="51.441367" lon="0.148688"><ele>15</ele></rtept>
	<rtept lat="51.441717" lon="0.149881"><ele>14</ele></rtept>
	<rtept lat="51.441706" lon="0.150537"><ele>13</ele></rtept>
	<rtept lat="51.441027" lon="0.151406"><ele>11</ele></rtept>
	<rtept lat="51.440778" lon="0.152495"><ele>12</ele></rtept>
	<rtept lat="51.439966" lon="0.153296"><ele>14</ele></rtept>
	<rtept lat="51.439104" lon="0.156506"><ele>20</ele></rtept>
	<rtept lat="51.438877" lon="0.158739"><ele>28</ele></rtept>
	<rtept lat="51.439078" lon="0.158262"><ele>25</ele></rtept>
	<rtept lat="51.439477" lon="0.158221"><ele>22</ele></rtept>
	<rtept lat="51.440604" lon="0.160556"><ele>21</ele></rtept>
	<rtept lat="51.441178" lon="0.160795"><ele>19</ele></rtept>
	<rtept lat="51.442027" lon="0.162285"><ele>19</ele></rtept>
	<rtept lat="51.443223" lon="0.165482"><ele>16</ele></rtept>
	<rtept lat="51.444046" lon="0.162307"><ele>9</ele></rtept>
	<rtept lat="51.444187" lon="0.162399"><ele>9</ele></rtept>
	<rtept lat="51.444528" lon="0.163630"><ele>8</ele></rtept>
	<rtept lat="51.444218" lon="0.164519"><ele>8</ele></rtept>
	<rtept lat="51.444488" lon="0.162562"><ele>8</ele></rtept>
	<rtept lat="51.445027" lon="0.164433"><ele>8</ele></rtept>
	<rtept lat="51.447297" lon="0.163091"><ele>9</ele></rtept>
	<rtept lat="51.447347" lon="0.162782"><ele>9</ele></rtept>
	<rtept lat="51.447488" lon="0.162874"><ele>9</ele></rtept>
	<rtept lat="51.447963" lon="0.165102"><ele>9</ele></rtept>
	<rtept lat="51.447685" lon="0.167010"><ele>8</ele></rtept>
	<rtept lat="51.447734" lon="0.168638"><ele>8</ele></rtept>
	<rtept lat="51.448095" lon="0.169110"><ele>8</ele></rtept>
	<rtept lat="51.448305" lon="0.169793"><ele>8</ele></rtept>
	<rtept lat="51.448663" lon="0.170072"><ele>8</ele></rtept>
	<rtept lat="51.450598" lon="0.169343"><ele>9</ele></rtept>
	<rtept lat="51.451106" lon="0.169285"><ele>10</ele></rtept>
	<rtept lat="51.451328" lon="0.170914"><ele>12</ele></rtept>
	<rtept lat="51.452058" lon="0.172555"><ele>16</ele></rtept>
	<rtept lat="51.451638" lon="0.176312"><ele>7</ele></rtept>
	<rtept lat="51.451726" lon="0.178228"><ele>6</ele></rtept>
	<rtept lat="51.452046" lon="0.179165"><ele>5</ele></rtept>
	<rtept lat="51.452448" lon="0.179639"><ele>6</ele></rtept>
	<rtept lat="51.452743" lon="0.179692"><ele>8</ele></rtept>
	<rtept lat="51.453318" lon="0.185047"><ele>4</ele></rtept>
	<rtept lat="51.453956" lon="0.188135"><ele>4</ele></rtept>
	<rtept lat="51.453427" lon="0.191656"><ele>4</ele></rtept>
	<rtept lat="51.452997" lon="0.191685"><ele>2</ele></rtept>
	<rtept lat="51.452946" lon="0.193019"><ele>2</ele></rtept>
	<rtept lat="51.453208" lon="0.194712"><ele>2</ele></rtept>
	<rtept lat="51.454198" lon="0.196043"><ele>1</ele></rtept>
	<rtept lat="51.456113" lon="0.197392"><ele>1</ele></rtept>
	<rtept lat="51.456276" lon="0.196597"><ele>2</ele></rtept>
	<rtept lat="51.456467" lon="0.196716"><ele>2</ele></rtept>
	<rtept lat="51.456648" lon="0.196285"><ele>4</ele></rtept>
	<rtept lat="51.457956" lon="0.196606"><ele>3</ele></rtept>
	<rtept lat="51.458523" lon="0.197462"><ele>2</ele></rtept>
	<rtept lat="51.459046" lon="0.199515"><ele>2</ele></rtept>
	<rtept lat="51.458897" lon="0.201128"><ele>1</ele></rtept>
	<rtept lat="51.458546" lon="0.201088"><ele>1</ele></rtept>
	<rtept lat="51.458448" lon="0.202462"><ele>0</ele></rtept>
	<rtept lat="51.459526" lon="0.203679"><ele>0</ele></rtept>
	<rtept lat="51.459908" lon="0.203767"><ele>1</ele></rtept>
	<rtept lat="51.460373" lon="0.205302"><ele>0</ele></rtept>
	<rtept lat="51.461647" lon="0.207257"><ele>0</ele></rtept>
	<rtept lat="51.462408" lon="0.209685"><ele>0</ele></rtept>
	<rtept lat="51.462738" lon="0.210102"><ele>0</ele></rtept>
	<rtept lat="51.465668" lon="0.209850"><ele>0</ele></rtept>
	<rtept lat="51.467507" lon="0.210852"><ele>1</ele></rtept>
	<rtept lat="51.467748" lon="0.210899"><ele>1</ele></rtept>
	<rtept lat="51.468303" lon="0.210612"><ele>0</ele></rtept>
	<rtept lat="51.468836" lon="0.210605"><ele>0</ele></rtept>
	<rtept lat="51.469007" lon="0.210486"><ele>0</ele></rtept>
	<rtept lat="51.470597" lon="0.207346"><ele>1</ele></rtept>
	<rtept lat="51.471453" lon="0.208502"><ele>1</ele></rtept>
	<rtept lat="51.471938" lon="0.208722"><ele>1</ele></rtept>
	<rtept lat="51.472057" lon="0.209283"><ele>1</ele></rtept>
	<rtept lat="51.473037" lon="0.210791"><ele>0</ele></rtept>
	<rtept lat="51.473637" lon="0.210982"><ele>1</ele></rtept>
	<rtept lat="51.473888" lon="0.210814"><ele>1</ele></rtept>
	<rtept lat="51.474248" lon="0.210853"><ele>1</ele></rtept>
	<rtept lat="51.475343" lon="0.211112"><ele>1</ele></rtept>
	<rtept lat="51.475968" lon="0.211702"><ele>1</ele></rtept>
	<rtept lat="51.476846" lon="0.214539"><ele>1</ele></rtept>
	<rtept lat="51.477488" lon="0.215713"><ele>1</ele></rtept>
	<rtept lat="51.478206" lon="0.215459"><ele>1</ele></rtept>
	<rtept lat="51.479598" lon="0.215512"><ele>1</ele></rtept>
	<rtept lat="51.480438" lon="0.215926"><ele>1</ele></rtept>
	<rtept lat="51.480756" lon="0.215839"><ele>1</ele></rtept>
	<rtept lat="51.482466" lon="0.211938"><ele>1</ele></rtept>
	<rtept lat="51.482513" lon="0.211312"><ele>1</ele></rtept>
	<rtept lat="51.482218" lon="0.210717"><ele>1</ele></rtept>
	<rtept lat="51.480668" lon="0.208977"><ele>1</ele></rtept>
	<rtept lat="51.480528" lon="0.206657"><ele>1</ele></rtept>
	<rtept lat="51.480194" lon="0.205096"><ele>1</ele></rtept>
	<rtept lat="51.479588" lon="0.203627"><ele>1</ele></rtept>
	<rtept lat="51.478116" lon="0.201405"><ele>2</ele></rtept>
	<rtept lat="51.477817" lon="0.198276"><ele>1</ele></rtept>
	<rtept lat="51.478237" lon="0.196825"><ele>1</ele></rtept>
	<rtept lat="51.476787" lon="0.196633"><ele>2</ele></rtept>
	<rtept lat="51.477947" lon="0.190138"><ele>1</ele></rtept>
	<rtept lat="51.478387" lon="0.185941"><ele>2</ele></rtept>
	<rtept lat="51.479486" lon="0.186487"><ele>1</ele></rtept>
	<rtept lat="51.479517" lon="0.186326"><ele>1</ele></rtept>
	<rtept lat="51.479948" lon="0.186455"><ele>1</ele></rtept>
	<rtept lat="51.480396" lon="0.186816"><ele>0</ele></rtept>
	<rtept lat="51.480984" lon="0.183766"><ele>1</ele></rtept>
	<rtept lat="51.481677" lon="0.182009"><ele>4</ele></rtept>
	<rtept lat="51.481308" lon="0.181592"><ele>8</ele></rtept>
	<rtept lat="51.481227" lon="0.181241"><ele>10</ele></rtept>
	<rtept lat="51.481794" lon="0.180676"><ele>6</ele></rtept>
	<rtept lat="51.482608" lon="0.179335"><ele>1</ele></rtept>
	<rtept lat="51.482777" lon="0.178755"><ele>1</ele></rtept>
	<rtept lat="51.482923" lon="0.177822"><ele>1</ele></rtept>
	<rtept lat="51.482676" lon="0.178157"><ele>2</ele></rtept>
	<rtept lat="51.482477" lon="0.178009"><ele>3</ele></rtept>
	<rtept lat="51.482018" lon="0.176470"><ele>5</ele></rtept>
	<rtept lat="51.481908" lon="0.176369"><ele>6</ele></rtept>
	<rtept lat="51.481548" lon="0.176612"><ele>7</ele></rtept>
	<rtept lat="51.481297" lon="0.176153"><ele>8</ele></rtept>
	<rtept lat="51.481807" lon="0.175361"><ele>7</ele></rtept>
</rte>
</gpx>
